date,game_id,team,opponent,is_home,player,player_id,player_key,order,position,is_starter,sub_type,season_avg,ab,runs,hits,rbi,so,bb,hbp,sac,sb,errors,hr
2026-07-01,2021039074,ヤクルト,巨人,False,赤羽 由紘,2000031,p2000031,1,一,True,,0.241,5,0,0,0,2,0,0,0,0,0,0
2026-07-01,2021039074,ヤクルト,巨人,False,増田 珠,1700131,p1700131,2,右左,True,,0.278,4,1,2,0,0,0,0,0,0,0,0
2026-07-01,2021039074,ヤクルト,巨人,False,長岡 秀樹,1900028,p1900028,3,遊,True,,0.239,4,0,1,0,0,0,0,0,0,0,0
2026-07-01,2021039074,ヤクルト,巨人,False,サンタナ,2000135,p2000135,4,左,True,,0.259,1,0,1,1,0,2,0,0,0,0,0
2026-07-01,2021039074,ヤクルト,巨人,False,モンテル,2107178,p2107178,4,走右,False,代走,0.405,1,0,1,0,0,0,0,0,0,0,0
2026-07-01,2021039074,ヤクルト,巨人,False,岩田 幸宏,2103917,p2103917,5,中,True,,0.262,3,0,1,0,0,1,0,0,0,0,0
2026-07-01,2021039074,ヤクルト,巨人,False,松下 歩叶,2116854,p2116854,6,三,True,,0.205,0,0,0,0,0,0,1,0,0,0,0
2026-07-01,2021039074,ヤクルト,巨人,False,武岡 龍世,1900029,p1900029,6,走三,False,代走,0.231,3,0,0,0,2,0,0,0,0,1,0
2026-07-01,2021039074,ヤクルト,巨人,False,中村 悠平,900044,p900044,7,捕,True,,0.2,3,0,0,0,0,0,0,0,0,0,0
2026-07-01,2021039074,ヤクルト,巨人,False,塩見 泰隆,1700087,p1700087,7,打,False,代打,0.22,1,0,0,0,1,0,0,0,0,0,0
2026-07-01,2021039074,ヤクルト,巨人,False,石井 巧,1850772,p1850772,8,二,True,,0.115,3,0,0,0,1,1,0,0,0,0,0
2026-07-01,2021039074,ヤクルト,巨人,False,奥川 恭伸,1900024,p1900024,9,投,True,,0.0,3,0,0,0,2,0,0,0,0,0,0
2026-07-01,2021039074,ヤクルト,巨人,False,廣澤 優,2105626,p2105626,9,投,False,守備,,0,0,0,0,0,0,0,0,0,0,0
2026-07-01,2021039074,ヤクルト,巨人,False,オスナ,2000133,p2000133,9,打,False,代打,0.227,1,0,1,0,0,0,0,0,0,0,0
2026-07-01,2021039074,ヤクルト,巨人,False,山野辺 翔,1800082,p1800082,9,走,False,代走,,0,0,0,0,0,0,0,0,0,0,0
2026-07-01,2021039074,巨人,ヤクルト,True,浦田 俊輔,1951153,p1951153,1,二,True,,0.267,4,2,2,0,1,0,0,0,1,0,0
2026-07-01,2021039074,巨人,ヤクルト,True,松本 剛,1100095,p1100095,2,左,True,,0.286,3,0,2,1,0,1,0,0,0,0,0
2026-07-01,2021039074,巨人,ヤクルト,True,泉口 友汰,1750321,p1750321,3,遊,True,,0.233,4,0,2,1,1,0,0,0,0,0,0
2026-07-01,2021039074,巨人,ヤクルト,True,ダルベック,1561820,p1561820,4,三一,True,,0.249,4,0,0,0,2,0,0,0,0,0,0
2026-07-01,2021039074,巨人,ヤクルト,True,大城 卓三,1700044,p1700044,5,一,True,,0.287,3,0,0,0,0,1,0,0,0,0,0
2026-07-01,2021039074,巨人,ヤクルト,True,マルティネス,1700010,p1700010,5,投,False,守備,,0,0,0,0,0,0,0,0,0,0,0
2026-07-01,2021039074,巨人,ヤクルト,True,岸田 行倫,1700043,p1700043,6,捕,True,,0.267,4,0,1,0,1,0,0,0,0,0,0
2026-07-01,2021039074,巨人,ヤクルト,True,キャベッジ,2118420,p2118420,7,中,True,,0.249,4,0,1,0,1,0,0,0,0,0,0
2026-07-01,2021039074,巨人,ヤクルト,True,増田 大輝,1500054,p1500054,7,中,False,守備,0.444,0,0,0,0,0,0,0,0,0,0,0
2026-07-01,2021039074,巨人,ヤクルト,True,中山 礼都,2000007,p2000007,8,右,True,,0.174,3,0,1,0,0,0,0,0,0,0,0
2026-07-01,2021039074,巨人,ヤクルト,True,西舘 勇陽,1850035,p1850035,9,投,True,,0.0,0,0,0,0,0,0,0,0,0,0,0
2026-07-01,2021039074,巨人,ヤクルト,True,田和 廉,2118291,p2118291,9,投,False,守備,,0,0,0,0,0,0,0,0,0,0,0
2026-07-01,2021039074,巨人,ヤクルト,True,浅野 翔吾,2102410,p2102410,9,打,False,代打,0.167,1,0,0,0,1,0,0,0,0,0,0
2026-07-01,2021039074,巨人,ヤクルト,True,赤星 優志,2103689,p2103689,9,投,False,守備,0.0,0,0,0,0,0,0,0,1,0,0,0
2026-07-01,2021039074,巨人,ヤクルト,True,船迫 大雅,1450689,p1450689,9,投,False,守備,,0,0,0,0,0,0,0,0,0,0,0
2026-07-01,2021039074,巨人,ヤクルト,True,甲斐 拓也,1000176,p1000176,9,打,False,代打,0.0,1,0,0,0,0,0,0,0,0,0,0
2026-07-01,2021039074,巨人,ヤクルト,True,田中 瑛斗,1700027,p1700027,9,投,False,守備,,0,0,0,0,0,0,0,0,0,0,0
2026-07-01,2021039074,巨人,ヤクルト,True,門脇 誠,2107874,p2107874,9,三,False,守備,0.176,0,0,0,0,0,0,0,0,0,0,0
2026-07-01,2021039076,オリックス,日本ハム,False,山中 稜真,1750667,p1750667,1,右,True,,0.33,4,0,0,0,1,0,0,0,0,0,0
2026-07-01,2021039076,オリックス,日本ハム,False,太田 椋,1800098,p1800098,2,二,True,,0.272,2,0,0,0,1,0,0,0,0,0,0
2026-07-01,2021039076,オリックス,日本ハム,False,野口 智哉,1751068,p1751068,2,打二,False,代打,0.214,2,0,0,0,0,0,0,0,0,0,0
2026-07-01,2021039076,オリックス,日本ハム,False,宗 佑磨,1400196,p1400196,3,三,True,,0.238,3,0,0,0,0,0,0,0,0,0,0
2026-07-01,2021039076,オリックス,日本ハム,False,西川 龍馬,1500096,p1500096,4,左,True,,0.294,3,0,0,0,0,0,0,0,0,0,0
2026-07-01,2021039076,オリックス,日本ハム,False,紅林 弘太郎,1900088,p1900088,5,遊,True,,0.251,3,0,2,0,0,0,0,0,0,0,0
2026-07-01,2021039076,オリックス,日本ハム,False,森 友哉,1300100,p1300100,6,指,True,,0.256,3,0,0,0,1,0,0,0,0,0,0
2026-07-01,2021039076,オリックス,日本ハム,False,中川 圭太,1800104,p1800104,7,中,True,,0.261,3,0,0,0,0,0,0,0,0,0,0
2026-07-01,2021039076,オリックス,日本ハム,False,シーモア,2117200,p2117200,8,一,True,,0.164,3,0,0,0,0,0,0,0,0,0,0
2026-07-01,2021039076,オリックス,日本ハム,False,若月 健矢,1300109,p1300109,9,捕,True,,0.219,3,0,1,0,0,0,0,0,0,0,0
2026-07-01,2021039076,日本ハム,オリックス,True,水谷 瞬,1800110,p1800110,1,左,True,,0.255,3,1,1,0,1,1,0,0,0,0,0
2026-07-01,2021039076,日本ハム,オリックス,True,五十幡 亮汰,2000080,p2000080,1,中,False,守備,0.182,0,0,0,0,0,0,0,0,0,0,0
2026-07-01,2021039076,日本ハム,オリックス,True,水野 達稀,1851204,p1851204,2,遊,True,,0.305,4,0,2,0,0,0,0,0,0,0,0
2026-07-01,2021039076,日本ハム,オリックス,True,レイエス,1860140,p1860140,3,指,True,,0.327,2,0,1,0,0,0,0,0,0,0,0
2026-07-01,2021039076,日本ハム,オリックス,True,野村 佑希,1800091,p1800091,3,打指,False,代打,0.256,2,1,1,0,0,0,0,0,0,0,0
2026-07-01,2021039076,日本ハム,オリックス,True,万波 中正,1800093,p1800093,4,右,True,,0.242,4,1,2,2,0,0,0,0,0,0,1
2026-07-01,2021039076,日本ハム,オリックス,True,吉田 賢吾,2107900,p2107900,5,中左,True,,0.306,4,1,1,1,0,0,0,0,0,0,0
2026-07-01,2021039076,日本ハム,オリックス,True,カストロ,2108090,p2108090,6,三,True,,0.241,3,1,1,0,1,0,0,0,0,0,0
2026-07-01,2021039076,日本ハム,オリックス,True,山縣 秀,2114529,p2114529,6,三,False,守備,0.146,1,0,1,1,0,0,0,0,0,0,0
2026-07-01,2021039076,日本ハム,オリックス,True,田宮 裕涼,1800095,p1800095,7,捕,True,,0.291,4,0,1,1,1,0,0,0,0,0,0
2026-07-01,2021039076,日本ハム,オリックス,True,マルティネス,1800008,p1800008,8,一,True,,0.121,3,1,1,1,1,0,0,0,0,0,1
2026-07-01,2021039076,日本ハム,オリックス,True,細川 凌平,2000082,p2000082,8,一,False,守備,0.235,0,0,0,0,0,0,0,0,0,0,0
2026-07-01,2021039076,日本ハム,オリックス,True,奈良間 大己,1850932,p1850932,9,二,True,,0.256,3,0,0,0,2,0,0,0,0,0,0
2026-07-01,2021039077,ロッテ,楽天,False,藤原 恭大,1800050,p1800050,1,中右,True,,0.294,4,0,2,0,1,1,0,0,0,0,0
2026-07-01,2021039077,ロッテ,楽天,False,西川 史礁,1950286,p1950286,2,右左,True,,0.296,5,0,4,0,0,0,0,0,0,0,0
2026-07-01,2021039077,ロッテ,楽天,False,山口 航輝,1800053,p1800053,3,左,True,,0.27,2,1,0,0,0,1,1,0,0,0,0
2026-07-01,2021039077,ロッテ,楽天,False,愛斗,1500102,p1500102,3,走中,False,代走,0.222,1,0,0,0,0,0,0,0,0,0,0
2026-07-01,2021039077,ロッテ,楽天,False,佐藤 都志也,1900081,p1900081,4,捕,True,,0.256,3,2,2,2,0,1,0,0,0,0,1
2026-07-01,2021039077,ロッテ,楽天,False,ソト,1700020,p1700020,5,指,True,,0.25,4,1,1,0,0,0,0,0,0,0,0
2026-07-01,2021039077,ロッテ,楽天,False,安田 尚憲,1700092,p1700092,6,一,True,,0.245,4,0,0,0,0,0,0,0,0,0,0
2026-07-01,2021039077,ロッテ,楽天,False,池田 来翔,2103693,p2103693,6,一,False,守備,0.269,0,0,0,0,0,0,0,0,0,0,0
2026-07-01,2021039077,ロッテ,楽天,False,寺地 隆成,2102926,p2102926,7,三,True,,0.175,3,1,1,1,0,1,0,0,0,0,0
2026-07-01,2021039077,ロッテ,楽天,False,友杉 篤輝,2106798,p2106798,8,遊,True,,0.252,4,0,1,1,0,0,0,0,0,0,0
2026-07-01,2021039077,ロッテ,楽天,False,小川 龍成,2000089,p2000089,9,二,True,,0.273,4,0,0,0,2,0,0,0,0,0,0
2026-07-01,2021039077,楽天,ロッテ,True,佐藤 直樹,1900100,p1900100,1,右,True,,0.274,2,0,0,0,1,0,0,0,0,0,0
2026-07-01,2021039077,楽天,ロッテ,True,武藤 敦貴,1900115,p1900115,1,右,False,守備,0.118,2,0,0,0,0,0,0,0,0,0,0
2026-07-01,2021039077,楽天,ロッテ,True,辰己 涼介,1800117,p1800117,2,中,True,,0.282,2,0,1,0,0,1,1,0,0,0,0
2026-07-01,2021039077,楽天,ロッテ,True,浅村 栄斗,900056,p900056,3,一,True,,0.227,4,0,0,0,0,0,0,0,0,0,0
2026-07-01,2021039077,楽天,ロッテ,True,マッカスカー,2122300,p2122300,4,指,True,,0.265,4,0,2,0,0,0,0,0,0,0,0
2026-07-01,2021039077,楽天,ロッテ,True,村林 一輝,1600007,p1600007,5,遊,True,,0.282,4,0,1,0,1,0,0,0,0,0,0
2026-07-01,2021039077,楽天,ロッテ,True,黒川 史陽,1900113,p1900113,6,二,True,,0.263,4,0,1,0,1,0,0,0,0,0,0
2026-07-01,2021039077,楽天,ロッテ,True,平良 竜哉,2105283,p2105283,7,三,True,,0.25,4,0,1,0,1,0,0,0,0,0,0
2026-07-01,2021039077,楽天,ロッテ,True,堀内 謙伍,1600004,p1600004,8,捕,True,,0.25,4,0,1,0,1,0,0,0,0,0,0
2026-07-01,2021039077,楽天,ロッテ,True,中島 大輔,1950278,p1950278,9,左,True,,0.222,3,0,0,0,0,1,0,0,0,0,0
2026-07-01,2021039473,西武,ソフトバンク,False,桑原 将志,1100061,p1100061,1,左,True,,0.246,4,0,0,0,1,0,0,0,0,1,0
2026-07-01,2021039473,西武,ソフトバンク,False,仲田 慶介,1750481,p1750481,1,二,False,守備,0.1,0,0,0,0,0,0,0,0,0,0,0
2026-07-01,2021039473,西武,ソフトバンク,False,滝澤 夏央,2103618,p2103618,2,遊,True,,0.282,4,0,1,0,0,0,0,0,0,0,0
2026-07-01,2021039473,西武,ソフトバンク,False,カナリオ,2117028,p2117028,3,右,True,,0.254,3,0,0,0,1,0,0,0,0,0,0
2026-07-01,2021039473,西武,ソフトバンク,False,西川 愛也,1700122,p1700122,3,打中,False,代打,0.212,1,0,0,0,1,0,0,0,0,0,0
2026-07-01,2021039473,西武,ソフトバンク,False,ネビン,2101047,p2101047,4,指,True,,0.299,3,0,1,0,1,0,0,0,0,0,0
2026-07-01,2021039473,西武,ソフトバンク,False,石井 一成,1600134,p1600134,4,打指,False,代打,0.248,1,0,0,0,0,0,0,0,0,0,0
2026-07-01,2021039473,西武,ソフトバンク,False,長谷川 信哉,2000075,p2000075,5,一,True,,0.286,4,0,0,0,0,0,0,0,0,0,0
2026-07-01,2021039473,西武,ソフトバンク,False,外崎 修汰,1400184,p1400184,6,二,True,,0.179,2,0,0,0,0,1,0,0,0,0,0
2026-07-01,2021039473,西武,ソフトバンク,False,平沢 大河,1500117,p1500117,6,二左,False,守備,0.283,1,0,1,0,0,0,0,0,0,0,0
2026-07-01,2021039473,西武,ソフトバンク,False,古賀 悠斗,1750472,p1750472,7,捕,True,,0.298,2,0,1,0,0,1,0,0,0,0,0
2026-07-01,2021039473,西武,ソフトバンク,False,柘植 世那,1900065,p1900065,7,捕,False,守備,0.333,1,0,0,0,1,0,0,0,0,0,0
2026-07-01,2021039473,西武,ソフトバンク,False,渡部 聖弥,1950417,p1950417,8,三,True,,0.253,2,0,0,0,1,1,0,0,0,0,0
2026-07-01,2021039473,西武,ソフトバンク,False,岸 潤一郎,1900068,p1900068,9,中右,True,,0.202,3,0,0,0,1,0,0,0,0,0,0
2026-07-01,2021039473,ソフトバンク,西武,True,正木 智也,2103735,p2103735,1,一左,True,,0.291,4,2,2,1,0,1,0,0,0,0,1
2026-07-01,2021039473,ソフトバンク,西武,True,周東 佑京,1700135,p1700135,2,中,True,,0.272,4,1,1,0,1,1,0,0,0,0,0
2026-07-01,2021039473,ソフトバンク,西武,True,川村 友斗,1650813,p1650813,2,走中,False,代走,0.063,0,1,0,0,0,0,0,0,0,0,0
2026-07-01,2021039473,ソフトバンク,西武,True,近藤 健介,1100097,p1100097,3,左,True,,0.302,3,2,2,3,0,1,0,0,0,0,1
2026-07-01,2021039473,ソフトバンク,西武,True,廣瀨 隆太,1850172,p1850172,3,一,False,守備,0.268,0,1,0,0,0,1,0,0,0,0,0
2026-07-01,2021039473,ソフトバンク,西武,True,栗原 陵矢,1400127,p1400127,4,三,True,,0.267,3,2,1,2,1,2,0,0,0,0,1
2026-07-01,2021039473,ソフトバンク,西武,True,野村 勇,2104035,p2104035,4,三,False,守備,0.228,0,0,0,0,0,0,0,0,0,0,0
2026-07-01,2021039473,ソフトバンク,西武,True,牧原 大成,1000175,p1000175,5,二,True,,0.292,4,1,2,0,1,0,0,0,0,0,0
2026-07-01,2021039473,ソフトバンク,西武,True,川瀬 晃,1500143,p1500143,5,二,False,守備,0.208,0,0,0,1,0,1,0,0,0,0,0
2026-07-01,2021039473,ソフトバンク,西武,True,柳町 達,1900104,p1900104,6,右,True,,0.235,4,0,2,3,1,1,0,0,0,0,0
2026-07-01,2021039473,ソフトバンク,西武,True,柳田 悠岐,1000128,p1000128,7,指,True,,0.246,5,1,1,1,1,0,0,0,0,0,1
2026-07-01,2021039473,ソフトバンク,西武,True,海野 隆司,1900101,p1900101,8,捕,True,,0.186,3,0,0,0,2,0,0,0,0,0,0
2026-07-01,2021039473,ソフトバンク,西武,True,渡邉 陸,1800113,p1800113,8,打捕,False,代打,0.118,1,0,0,0,1,0,0,0,0,0,0
2026-07-01,2021039473,ソフトバンク,西武,True,庄子 雄大,1950149,p1950149,9,遊,True,,0.255,4,0,0,0,1,0,0,0,0,0,0
2026-07-02,2021039078,広島,DeNA,False,名原 典彦,1850405,p1850405,1,右左右,True,,0.296,5,0,0,1,2,0,0,0,0,0,0
2026-07-02,2021039078,広島,DeNA,False,大盛 穂,1800079,p1800079,2,中,True,,0.24,6,1,2,1,1,0,0,0,0,0,0
2026-07-02,2021039078,広島,DeNA,False,菊池 涼介,1100082,p1100082,3,二,True,,0.244,6,0,2,0,2,0,0,0,0,0,0
2026-07-02,2021039078,広島,DeNA,False,坂倉 将吾,1600124,p1600124,4,三一,True,,0.269,6,0,1,1,0,0,0,0,0,0,0
2026-07-02,2021039078,広島,DeNA,False,小園 海斗,1800072,p1800072,5,遊三,True,,0.241,6,0,2,0,2,0,0,0,0,0,0
2026-07-02,2021039078,広島,DeNA,False,佐藤 啓介,2112143,p2112143,6,一,True,,0.214,4,0,1,0,1,0,0,0,0,0,0
2026-07-02,2021039078,広島,DeNA,False,持丸 泰輝,1900058,p1900058,6,捕,False,守備,0.212,1,0,1,0,0,0,0,1,0,0,0
2026-07-02,2021039078,広島,DeNA,False,佐々木 泰,2050203,p2050203,7,左,True,,0.22,3,0,2,0,0,1,0,0,0,0,0
2026-07-02,2021039078,広島,DeNA,False,中村 奨成,1700068,p1700068,7,走,False,代走,0.181,0,1,0,0,0,0,0,0,0,0,0
2026-07-02,2021039078,広島,DeNA,False,森浦 大輔,2000061,p2000061,7,投,False,守備,,0,0,0,0,0,0,0,0,0,0,0
2026-07-02,2021039078,広島,DeNA,False,前川 誠太,1950955,p1950955,7,打,False,代打,0.1,1,0,0,0,0,0,0,0,0,0,0
2026-07-02,2021039078,広島,DeNA,False,ハーン,1960397,p1960397,7,投,False,守備,,0,0,0,0,0,0,0,0,0,1,0
2026-07-02,2021039078,広島,DeNA,False,遠藤 淳志,1700072,p1700072,7,投,False,守備,,0,0,0,0,0,0,0,0,0,0,0
2026-07-02,2021039078,広島,DeNA,False,二俣 翔一,2000066,p2000066,7,打左,False,代打,0.217,1,0,1,0,0,0,0,0,0,0,0
2026-07-02,2021039078,広島,DeNA,False,石原 貴規,1900056,p1900056,8,捕,True,,0.282,3,0,1,0,1,0,0,0,0,0,0
2026-07-02,2021039078,広島,DeNA,False,ファビアン,2114882,p2114882,8,打,False,代打,0.194,0,0,0,0,0,1,0,0,0,0,0
2026-07-02,2021039078,広島,DeNA,False,矢野 雅哉,2000065,p2000065,8,走遊,False,代走,0.159,1,1,0,0,0,1,0,0,1,0,0
2026-07-02,2021039078,広島,DeNA,False,森下 暢仁,1900052,p1900052,9,投,True,,0.2,1,0,0,0,0,0,0,1,0,0,0
2026-07-02,2021039078,広島,DeNA,False,モンテロ,1961927,p1961927,9,打,False,代打,0.222,1,0,0,0,1,0,0,0,0,0,0
2026-07-02,2021039078,広島,DeNA,False,辻 大雅,2106037,p2106037,9,投,False,守備,,0,0,0,0,0,0,0,0,0,0,0
2026-07-02,2021039078,広島,DeNA,False,島内 颯太郎,1800073,p1800073,9,投,False,守備,,0,0,0,0,0,0,0,0,0,0,0
2026-07-02,2021039078,広島,DeNA,False,野間 峻祥,1400173,p1400173,9,打右,False,代打,0.225,1,0,0,0,0,1,0,0,0,0,0
2026-07-02,2021039078,広島,DeNA,False,髙 太一,1950429,p1950429,9,投,False,守備,,0,0,0,0,0,0,0,0,0,0,0
2026-07-02,2021039078,DeNA,広島,True,勝又 温史,1800046,p1800046,1,左,True,,0.313,5,0,1,0,0,0,0,0,0,0,0
2026-07-02,2021039078,DeNA,広島,True,山﨑 康晃,1400109,p1400109,1,投,False,守備,,0,0,0,0,0,0,0,0,0,0,0
2026-07-02,2021039078,DeNA,広島,True,宮城 滝太,1800049,p1800049,1,投,False,守備,,0,0,0,0,0,0,0,0,0,0,0
2026-07-02,2021039078,DeNA,広島,True,マルセリーノ,2105891,p2105891,1,投,False,守備,,0,0,0,0,0,0,0,0,0,0,0
2026-07-02,2021039078,DeNA,広島,True,宮下 朝陽,2100014,p2100014,1,打,False,代打,0.203,1,0,0,0,1,0,0,0,0,0,0
2026-07-02,2021039078,DeNA,広島,True,伊勢 大夢,1900032,p1900032,1,投,False,守備,,0,0,0,0,0,0,0,0,0,0,0
2026-07-02,2021039078,DeNA,広島,True,岩田 将貴,2000059,p2000059,1,投,False,守備,,0,0,0,0,0,0,0,0,0,0,0
2026-07-02,2021039078,DeNA,広島,True,戸柱 恭孝,1500064,p1500064,1,打,False,代打,0.189,1,0,0,0,0,0,0,0,0,0,0
2026-07-02,2021039078,DeNA,広島,True,牧 秀悟,2000035,p2000035,2,二,True,,0.303,3,2,2,2,0,2,0,0,0,0,2
2026-07-02,2021039078,DeNA,広島,True,三森 大貴,1600167,p1600167,2,走二,False,代走,0.259,1,0,0,0,1,0,0,0,0,0,0
2026-07-02,2021039078,DeNA,広島,True,エンカーナシオン,2108195,p2108195,3,右,True,,0.25,4,0,1,0,0,0,0,0,0,0,0
2026-07-02,2021039078,DeNA,広島,True,蝦名 達夫,1900035,p1900035,3,走右,False,代走,0.239,1,0,0,0,0,1,0,0,0,0,0
2026-07-02,2021039078,DeNA,広島,True,宮﨑 敏郎,1200053,p1200053,4,三,True,,0.257,4,0,0,0,2,0,0,0,0,0,0
2026-07-02,2021039078,DeNA,広島,True,神里 和毅,1700059,p1700059,4,左,False,守備,0.133,2,0,0,0,1,0,0,0,0,0,0
2026-07-02,2021039078,DeNA,広島,True,筒香 嘉智,1000002,p1000002,5,一,True,,0.226,5,1,2,0,1,1,0,0,0,1,0
2026-07-02,2021039078,DeNA,広島,True,松尾 汐恩,2100277,p2100277,6,捕,True,,0.263,6,0,2,0,1,0,0,0,0,0,0
2026-07-02,2021039078,DeNA,広島,True,梶原 昂希,2103703,p2103703,7,中,True,,0.2,4,0,1,1,1,1,0,1,0,0,0
2026-07-02,2021039078,DeNA,広島,True,石上 泰輝,2112189,p2112189,8,遊,True,,0.188,3,0,2,0,0,2,0,1,0,0,0
2026-07-02,2021039078,DeNA,広島,True,平良 拳太郎,1300031,p1300031,9,投,True,,0.0,0,0,0,0,0,1,0,1,0,0,0
2026-07-02,2021039078,DeNA,広島,True,ルイーズ,1860235,p1860235,9,投,False,守備,,0,0,0,0,0,0,0,0,0,0,0
2026-07-02,2021039078,DeNA,広島,True,佐野 恵太,1600089,p1600089,9,打,False,代打,0.249,0,0,0,0,0,1,0,0,0,0,0
2026-07-02,2021039078,DeNA,広島,True,中川 虎大,1700067,p1700067,9,投,False,守備,,0,0,0,0,0,0,0,0,0,0,0
2026-07-02,2021039078,DeNA,広島,True,レイノルズ,2117433,p2117433,9,投,False,守備,,0,0,0,0,0,0,0,0,0,0,0
2026-07-02,2021039078,DeNA,広島,True,度会 隆輝,1850873,p1850873,9,打,False,代打,0.278,1,0,0,0,0,0,0,0,0,0,0
2026-07-02,2021039078,DeNA,広島,True,柴田 竜拓,1500063,p1500063,9,三,False,守備,0.111,1,0,0,0,1,0,0,1,0,0,0
2026-07-02,2021039079,中日,阪神,False,岡林 勇希,1900041,p1900041,1,中,True,,0.302,5,0,2,1,0,1,0,0,0,0,0
2026-07-02,2021039079,中日,阪神,False,福永 裕基,2103780,p2103780,2,二,True,,0.235,4,0,0,0,1,0,1,0,0,0,0
2026-07-02,2021039079,中日,阪神,False,吉田 聖弥,2105295,p2105295,2,投,False,守備,,0,0,0,0,0,0,0,0,0,0,0
2026-07-02,2021039079,中日,阪神,False,山本 泰寛,1500050,p1500050,2,三,False,守備,0.19,0,0,0,0,0,1,0,0,0,0,0
2026-07-02,2021039079,中日,阪神,False,村松 開人,1750223,p1750223,3,遊,True,,0.255,5,0,1,0,2,0,0,0,0,0,0
2026-07-02,2021039079,中日,阪神,False,阿部 寿樹,1500078,p1500078,3,打,False,代打,0.284,1,0,1,1,0,0,0,0,0,0,0
2026-07-02,2021039079,中日,阪神,False,土田 龍空,2000044,p2000044,3,走遊,False,代走,0.143,0,0,0,0,0,0,0,0,0,0,0
2026-07-02,2021039079,中日,阪神,False,細川 成也,1600085,p1600085,4,左,True,,0.223,6,0,2,0,2,0,0,0,0,0,0
2026-07-02,2021039079,中日,阪神,False,松山 晋也,2107869,p2107869,4,投,False,守備,,0,0,0,0,0,0,0,0,0,0,0
2026-07-02,2021039079,中日,阪神,False,サノー,1561854,p1561854,5,一,True,,0.216,3,0,1,0,0,2,0,0,0,0,0
2026-07-02,2021039079,中日,阪神,False,尾田 剛樹,2107645,p2107645,5,走,False,代走,0.167,0,0,0,0,0,0,0,0,0,0,0
2026-07-02,2021039079,中日,阪神,False,齋藤 綱記,1400199,p1400199,5,投,False,守備,,0,0,0,0,0,0,0,0,0,0,0
2026-07-02,2021039079,中日,阪神,False,藤嶋 健人,1600110,p1600110,5,投,False,守備,,0,0,0,0,0,0,0,0,0,0,0
2026-07-02,2021039079,中日,阪神,False,板山 祐太郎,1500091,p1500091,5,左,False,守備,0.261,0,0,0,0,0,0,0,0,0,0,0
2026-07-02,2021039079,中日,阪神,False,石伊 雄太,2105102,p2105102,6,捕,True,,0.27,5,1,1,0,2,0,0,0,0,0,0
2026-07-02,2021039079,中日,阪神,False,石川 昂弥,1900037,p1900037,7,三一,True,,0.287,5,0,2,0,3,0,0,0,0,0,0
2026-07-02,2021039079,中日,阪神,False,鵜飼 航丞,2103845,p2103845,8,右,True,,0.262,5,2,2,1,1,0,0,0,0,0,0
2026-07-02,2021039079,中日,阪神,False,柳 裕也,1600106,p1600106,9,投,True,,0.083,2,0,0,0,0,0,0,1,0,0,0
2026-07-02,2021039079,中日,阪神,False,橋本 侑樹,1900038,p1900038,9,投,False,守備,,0,0,0,0,0,0,0,0,0,0,0
2026-07-02,2021039079,中日,阪神,False,田中 幹也,1750701,p1750701,9,打二,False,代打,0.235,1,0,0,0,0,0,0,1,0,0,0
2026-07-02,2021039079,阪神,中日,True,髙寺 望夢,2000057,p2000057,1,中,True,,0.233,5,0,0,0,0,0,0,0,0,0,0
2026-07-02,2021039079,阪神,中日,True,中野 拓夢,2000056,p2000056,2,二,True,,0.303,5,1,4,0,1,0,0,0,0,0,0
2026-07-02,2021039079,阪神,中日,True,森下 翔太,1850183,p1850183,3,右,True,,0.306,4,1,2,2,0,1,0,0,0,0,1
2026-07-02,2021039079,阪神,中日,True,佐藤 輝明,2000051,p2000051,4,三,True,,0.344,4,0,0,0,2,1,0,0,0,0,0
2026-07-02,2021039079,阪神,中日,True,大山 悠輔,1600113,p1600113,5,一,True,,0.266,4,0,1,0,0,1,0,0,0,0,0
2026-07-02,2021039079,阪神,中日,True,濱田 太貴,1800036,p1800036,6,左,True,,0.158,5,0,0,0,2,0,0,0,0,0,0
2026-07-02,2021039079,阪神,中日,True,坂本 誠志郎,1500087,p1500087,7,捕,True,,0.195,4,0,0,0,0,0,0,0,0,0,0
2026-07-02,2021039079,阪神,中日,True,木浪 聖也,1800067,p1800067,7,打,False,代打,0.252,1,0,1,0,0,0,0,0,0,0,0
2026-07-02,2021039079,阪神,中日,True,植田 海,1400172,p1400172,7,走,False,代走,,0,0,0,0,0,0,0,0,1,0,0
2026-07-02,2021039079,阪神,中日,True,熊谷 敬宥,1700079,p1700079,8,遊,True,,0.236,5,0,1,0,2,0,0,0,0,0,0
2026-07-02,2021039079,阪神,中日,True,下村 海翔,2110265,p2110265,9,投,True,,0.0,1,0,0,0,0,0,0,0,0,0,0
2026-07-02,2021039079,阪神,中日,True,福島 圭音,2110225,p2110225,9,打,False,代打,0.241,1,0,0,0,0,0,0,0,0,0,0
2026-07-02,2021039079,阪神,中日,True,木下 里都,2112444,p2112444,9,投,False,守備,0.0,0,0,0,0,0,0,0,0,0,0,0
2026-07-02,2021039079,阪神,中日,True,前川 右京,1950996,p1950996,9,打,False,代打,0.234,1,0,1,0,0,0,0,0,0,0,0
2026-07-02,2021039079,阪神,中日,True,小野寺 暖,1900050,p1900050,9,走,False,代走,0.125,0,0,0,0,0,0,0,0,0,0,0
2026-07-02,2021039079,阪神,中日,True,ドリス,1600033,p1600033,9,投,False,守備,,0,0,0,0,0,0,0,0,0,0,0
2026-07-02,2021039079,阪神,中日,True,岩崎 優,1300075,p1300075,9,投,False,守備,,0,0,0,0,0,0,0,0,0,0,0
2026-07-02,2021039079,阪神,中日,True,百﨑 蒼生,2104632,p2104632,9,打,False,代打,0.0,1,0,0,0,1,0,0,0,0,0,0
2026-07-02,2021039079,阪神,中日,True,工藤 泰成,2112146,p2112146,9,投,False,守備,,0,0,0,0,0,0,0,0,0,0,0
2026-07-02,2021039079,阪神,中日,True,及川 雅貴,1900046,p1900046,9,投,False,守備,,0,0,0,0,0,0,0,0,0,0,0
2026-07-02,2021039079,阪神,中日,True,嶋村 麟士朗,2109980,p2109980,9,打,False,代打,0.211,1,0,0,0,1,0,0,0,0,0,0
2026-07-02,2021039080,オリックス,日本ハム,False,渡部 遼人,2103747,p2103747,1,中,True,,0.264,4,0,1,0,0,0,0,0,0,1,0
2026-07-02,2021039080,オリックス,日本ハム,False,山中 稜真,1750667,p1750667,2,左一,True,,0.327,4,0,1,0,1,0,0,0,0,0,0
2026-07-02,2021039080,オリックス,日本ハム,False,西川 龍馬,1500096,p1500096,3,指,True,,0.297,4,1,2,1,0,0,0,0,0,0,1
2026-07-02,2021039080,オリックス,日本ハム,False,紅林 弘太郎,1900088,p1900088,4,遊,True,,0.247,4,0,0,0,1,0,0,0,0,0,0
2026-07-02,2021039080,オリックス,日本ハム,False,宗 佑磨,1400196,p1400196,5,三,True,,0.238,4,0,1,0,1,0,0,0,0,0,0
2026-07-02,2021039080,オリックス,日本ハム,False,太田 椋,1800098,p1800098,6,二,True,,0.276,4,0,2,0,2,0,0,0,0,0,0
2026-07-02,2021039080,オリックス,日本ハム,False,シーモア,2117200,p2117200,7,一,True,,0.162,2,0,0,0,2,0,0,0,0,0,0
2026-07-02,2021039080,オリックス,日本ハム,False,若月 健矢,1300109,p1300109,7,捕,False,守備,0.216,2,0,0,0,0,0,0,0,0,0,0
2026-07-02,2021039080,オリックス,日本ハム,False,福永 奨,1650056,p1650056,8,捕,True,,0.0,1,0,0,0,0,0,0,0,0,0,0
2026-07-02,2021039080,オリックス,日本ハム,False,杉澤 龍,1650722,p1650722,8,左,False,守備,0.39,2,0,1,0,1,0,0,0,0,0,0
2026-07-02,2021039080,オリックス,日本ハム,False,来田 涼斗,2000098,p2000098,9,右,True,,0.242,3,0,0,0,1,0,0,0,0,0,0
2026-07-02,2021039080,日本ハム,オリックス,True,水谷 瞬,1800110,p1800110,1,左,True,,0.272,4,1,3,1,0,0,0,0,0,0,1
2026-07-02,2021039080,日本ハム,オリックス,True,矢澤 宏太,2106284,p2106284,1,走中,False,代走,0.213,1,1,0,0,0,0,0,0,0,0,0
2026-07-02,2021039080,日本ハム,オリックス,True,水野 達稀,1851204,p1851204,2,遊,True,,0.311,5,2,3,2,0,0,0,0,0,0,1
2026-07-02,2021039080,日本ハム,オリックス,True,レイエス,1860140,p1860140,3,指,True,,0.326,4,1,1,2,0,0,0,0,0,0,1
2026-07-02,2021039080,日本ハム,オリックス,True,清宮 幸太郎,1700025,p1700025,3,走指,False,代走,0.239,0,0,0,0,0,0,0,0,0,0,0
2026-07-02,2021039080,日本ハム,オリックス,True,万波 中正,1800093,p1800093,4,右,True,,0.246,4,1,2,2,1,0,0,0,0,0,1
2026-07-02,2021039080,日本ハム,オリックス,True,野村 佑希,1800091,p1800091,5,一,True,,0.256,4,1,1,0,0,0,0,0,0,0,0
2026-07-02,2021039080,日本ハム,オリックス,True,吉田 賢吾,2107900,p2107900,6,中左,True,,0.327,3,1,2,2,0,0,0,0,0,0,1
2026-07-02,2021039080,日本ハム,オリックス,True,カストロ,2108090,p2108090,6,打左,False,代打,0.239,1,0,0,0,1,0,0,0,0,0,0
2026-07-02,2021039080,日本ハム,オリックス,True,奈良間 大己,1850932,p1850932,7,三,True,,0.256,4,0,1,0,1,0,0,0,0,0,0
2026-07-02,2021039080,日本ハム,オリックス,True,進藤 勇也,1950486,p1950486,8,捕,True,,0.211,3,1,0,0,0,0,1,0,0,0,0
2026-07-02,2021039080,日本ハム,オリックス,True,山縣 秀,2114529,p2114529,9,二,True,,0.163,2,0,1,0,1,0,0,1,0,0,0
2026-07-02,2021039080,日本ハム,オリックス,True,大塚 瑠晏,2050143,p2050143,9,打二,False,代打,0.257,1,0,1,0,0,0,0,0,0,0,0
2026-07-02,2021039081,西武,ソフトバンク,False,滝澤 夏央,2103618,p2103618,1,遊,True,,0.279,3,0,0,0,0,1,0,0,0,0,0
2026-07-02,2021039081,西武,ソフトバンク,False,平沢 大河,1500117,p1500117,2,左,True,,0.277,3,0,0,0,0,1,0,0,0,0,0
2026-07-02,2021039081,西武,ソフトバンク,False,渡部 聖弥,1950417,p1950417,3,三,True,,0.253,4,0,1,0,0,0,0,0,0,0,0
2026-07-02,2021039081,西武,ソフトバンク,False,ネビン,2101047,p2101047,4,一,True,,0.291,4,0,0,0,0,0,0,0,0,1,0
2026-07-02,2021039081,西武,ソフトバンク,False,石井 一成,1600134,p1600134,5,二,True,,0.248,4,1,1,1,2,0,0,0,0,0,1
2026-07-02,2021039081,西武,ソフトバンク,False,カナリオ,2117028,p2117028,6,右,True,,0.258,4,0,2,0,1,0,0,0,0,0,0
2026-07-02,2021039081,西武,ソフトバンク,False,林 安可,1660299,p1660299,7,指,True,,0.189,3,0,0,0,2,1,0,0,0,0,0
2026-07-02,2021039081,西武,ソフトバンク,False,桑原 将志,1100061,p1100061,8,中,True,,0.242,3,0,0,0,0,0,0,0,0,0,0
2026-07-02,2021039081,西武,ソフトバンク,False,小島 大河,2050145,p2050145,9,捕,True,,0.247,3,0,0,0,1,0,0,0,0,0,0
2026-07-02,2021039081,ソフトバンク,西武,True,正木 智也,2103735,p2103735,1,左,True,,0.297,4,0,2,2,2,0,0,0,0,0,0
2026-07-02,2021039081,ソフトバンク,西武,True,谷川原 健太,1500140,p1500140,1,走右,False,代走,0.216,0,0,0,0,0,0,0,0,0,0,0
2026-07-02,2021039081,ソフトバンク,西武,True,周東 佑京,1700135,p1700135,2,中,True,,0.271,4,0,1,0,0,0,0,0,1,0,0
2026-07-02,2021039081,ソフトバンク,西武,True,近藤 健介,1100097,p1100097,3,指,True,,0.297,4,0,0,0,1,0,0,0,0,0,0
2026-07-02,2021039081,ソフトバンク,西武,True,栗原 陵矢,1400127,p1400127,4,一,True,,0.268,3,1,1,1,0,1,0,0,0,0,1
2026-07-02,2021039081,ソフトバンク,西武,True,牧原 大成,1000175,p1000175,5,二,True,,0.287,4,0,0,0,0,0,0,0,0,0,0
2026-07-02,2021039081,ソフトバンク,西武,True,柳町 達,1900104,p1900104,6,右左,True,,0.239,2,1,1,0,1,1,0,0,0,0,0
2026-07-02,2021039081,ソフトバンク,西武,True,川村 友斗,1650813,p1650813,6,左,False,守備,0.063,0,0,0,0,0,0,0,0,0,0,0
2026-07-02,2021039081,ソフトバンク,西武,True,野村 勇,2104035,p2104035,7,三,True,,0.221,3,0,0,0,2,0,0,0,0,0,0
2026-07-02,2021039081,ソフトバンク,西武,True,海野 隆司,1900101,p1900101,8,捕,True,,0.189,3,1,1,0,1,0,0,0,0,0,0
2026-07-02,2021039081,ソフトバンク,西武,True,庄子 雄大,1950149,p1950149,9,遊,True,,0.25,2,0,0,0,0,1,0,0,0,0,0
2026-07-03,2021039082,DeNA,ヤクルト,False,勝又 温史,1800046,p1800046,1,左,True,,0.315,5,1,2,0,0,0,0,0,1,0,0
2026-07-03,2021039082,DeNA,ヤクルト,False,牧 秀悟,2000035,p2000035,2,二,True,,0.3,5,1,1,0,0,0,0,0,0,0,0
2026-07-03,2021039082,DeNA,ヤクルト,False,佐野 恵太,1600089,p1600089,3,一,True,,0.249,4,1,1,0,1,1,0,0,0,0,0
2026-07-03,2021039082,DeNA,ヤクルト,False,エンカーナシオン,2108195,p2108195,4,右,True,,0.222,5,0,1,1,1,0,0,0,0,0,0
2026-07-03,2021039082,DeNA,ヤクルト,False,神里 和毅,1700059,p1700059,4,走中,False,代走,0.133,0,1,0,0,0,0,0,0,0,0,0
2026-07-03,2021039082,DeNA,ヤクルト,False,宮﨑 敏郎,1200053,p1200053,5,三,True,,0.266,5,1,3,3,0,0,0,0,0,0,1
2026-07-03,2021039082,DeNA,ヤクルト,False,柴田 竜拓,1500063,p1500063,5,走三,False,代走,0.111,0,0,0,0,0,0,0,0,0,0,0
2026-07-03,2021039082,DeNA,ヤクルト,False,松尾 汐恩,2100277,p2100277,6,捕,True,,0.261,5,1,1,1,0,0,0,0,0,0,1
2026-07-03,2021039082,DeNA,ヤクルト,False,梶原 昂希,2103703,p2103703,7,中右,True,,0.207,4,1,1,0,2,0,0,0,0,0,0
2026-07-03,2021039082,DeNA,ヤクルト,False,宮下 朝陽,2100014,p2100014,8,遊,True,,0.208,3,0,1,0,1,1,0,0,0,0,0
2026-07-03,2021039082,DeNA,ヤクルト,False,尾形 崇斗,1700134,p1700134,9,投,True,,0.25,2,0,0,0,0,0,0,0,0,0,0
2026-07-03,2021039082,DeNA,ヤクルト,False,蝦名 達夫,1900035,p1900035,9,打,False,代打,0.238,1,0,0,0,0,0,0,0,0,0,0
2026-07-03,2021039082,DeNA,ヤクルト,False,ルイーズ,1860235,p1860235,9,投,False,守備,,0,0,0,0,0,0,0,0,0,0,0
2026-07-03,2021039082,DeNA,ヤクルト,False,中川 虎大,1700067,p1700067,9,投,False,守備,,0,0,0,0,0,0,0,0,0,0,0
2026-07-03,2021039082,DeNA,ヤクルト,False,伊勢 大夢,1900032,p1900032,9,投,False,守備,,0,0,0,0,0,0,0,0,0,0,0
2026-07-03,2021039082,DeNA,ヤクルト,False,筒香 嘉智,1000002,p1000002,9,打,False,代打,0.226,0,0,0,1,0,0,0,0,0,0,0
2026-07-03,2021039082,DeNA,ヤクルト,False,レイノルズ,2117433,p2117433,9,投,False,守備,,0,0,0,0,0,0,0,0,0,0,0
2026-07-03,2021039082,ヤクルト,DeNA,True,赤羽 由紘,2000031,p2000031,1,三二,True,,0.239,5,1,1,0,0,0,0,0,0,0,0
2026-07-03,2021039082,ヤクルト,DeNA,True,サンタナ,2000135,p2000135,2,左,True,,0.265,3,1,2,0,0,1,0,0,0,0,0
2026-07-03,2021039082,ヤクルト,DeNA,True,モンテル,2107178,p2107178,2,走中,False,代走,0.395,1,0,0,0,1,0,0,0,1,0,0
2026-07-03,2021039082,ヤクルト,DeNA,True,長岡 秀樹,1900028,p1900028,3,遊,True,,0.241,3,0,1,0,1,1,0,0,0,1,0
2026-07-03,2021039082,ヤクルト,DeNA,True,増田 珠,1700131,p1700131,4,右,True,,0.283,4,0,2,2,0,0,0,0,0,0,0
2026-07-03,2021039082,ヤクルト,DeNA,True,岩田 幸宏,2103917,p2103917,5,中左,True,,0.258,4,0,0,0,3,0,0,0,0,0,0
2026-07-03,2021039082,ヤクルト,DeNA,True,オスナ,2000133,p2000133,6,一,True,,0.222,4,0,0,0,1,0,0,0,0,0,0
2026-07-03,2021039082,ヤクルト,DeNA,True,中村 悠平,900044,p900044,7,捕,True,,0.182,4,0,0,0,1,0,0,0,0,0,0
2026-07-03,2021039082,ヤクルト,DeNA,True,高橋 奎二,1500042,p1500042,8,投,True,,0.0,2,0,0,0,1,0,0,0,0,0,0
2026-07-03,2021039082,ヤクルト,DeNA,True,清水 昇,1800033,p1800033,8,投,False,守備,,0,0,0,0,0,0,0,0,0,0,0
2026-07-03,2021039082,ヤクルト,DeNA,True,松下 歩叶,2116854,p2116854,8,打三,False,代打,0.2,1,0,0,0,1,1,0,0,0,0,0
2026-07-03,2021039082,ヤクルト,DeNA,True,伊藤 琉偉,2112175,p2112175,9,二,True,,0.155,3,0,0,0,1,0,0,0,0,0,0
2026-07-03,2021039082,ヤクルト,DeNA,True,廣澤 優,2105626,p2105626,9,投,False,守備,,0,0,0,0,0,0,0,0,0,0,0
2026-07-03,2021039082,ヤクルト,DeNA,True,リランソ,2122334,p2122334,9,投,False,守備,,0,0,0,0,0,0,0,0,0,0,0
2026-07-03,2021039082,ヤクルト,DeNA,True,星 知弥,1600075,p1600075,9,投,False,守備,,0,0,0,0,0,0,0,0,0,0,0
2026-07-03,2021039082,ヤクルト,DeNA,True,大西 広樹,1900027,p1900027,9,投,False,守備,,0,0,0,0,0,0,0,0,0,0,0
2026-07-03,2021039082,ヤクルト,DeNA,True,塩見 泰隆,1700087,p1700087,9,打,False,代打,0.214,1,0,0,0,1,0,0,0,0,0,0
2026-07-03,2021039083,巨人,中日,False,浦田 俊輔,1951153,p1951153,1,二,True,,0.266,4,0,1,0,0,0,0,0,0,0,0
2026-07-03,2021039083,巨人,中日,False,松本 剛,1100095,p1100095,2,右,True,,0.279,4,0,0,0,1,0,0,0,0,0,0
2026-07-03,2021039083,巨人,中日,False,泉口 友汰,1750321,p1750321,3,遊,True,,0.233,4,0,1,0,1,0,0,0,0,0,0
2026-07-03,2021039083,巨人,中日,False,門脇 誠,2107874,p2107874,3,走,False,代走,0.176,0,0,0,0,0,0,0,0,0,0,0
2026-07-03,2021039083,巨人,中日,False,キャベッジ,2118420,p2118420,4,中,True,,0.247,2,0,0,0,0,2,0,0,0,0,0
2026-07-03,2021039083,巨人,中日,False,増田 大輝,1500054,p1500054,4,走,False,代走,0.444,0,0,0,0,0,0,0,0,0,0,0
2026-07-03,2021039083,巨人,中日,False,大城 卓三,1700044,p1700044,5,捕,True,,0.279,4,0,0,0,2,0,0,0,0,0,0
2026-07-03,2021039083,巨人,中日,False,ダルベック,1561820,p1561820,6,一,True,,0.245,4,0,0,0,2,0,0,0,0,0,0
2026-07-03,2021039083,巨人,中日,False,坂本 勇人,700003,p700003,7,三,True,,0.141,2,0,0,0,0,1,0,0,0,0,0
2026-07-03,2021039083,巨人,中日,False,浅野 翔吾,2102410,p2102410,8,左,True,,0.185,3,0,1,0,0,0,0,0,0,0,0
2026-07-03,2021039083,巨人,中日,False,ウィットリー,2117509,p2117509,9,投,True,,0.0,2,0,0,0,2,0,0,0,0,0,0
2026-07-03,2021039083,巨人,中日,False,大勢,2103697,p2103697,9,投,False,守備,,0,0,0,0,0,0,0,0,0,0,0
2026-07-03,2021039083,巨人,中日,False,丸 佳浩,800043,p800043,9,打,False,代打,0.161,1,0,0,0,1,0,0,0,0,0,0
2026-07-03,2021039083,巨人,中日,False,高梨 雄平,1600100,p1600100,9,投,False,守備,,0,0,0,0,0,0,0,0,0,0,0
2026-07-03,2021039083,巨人,中日,False,田和 廉,2118291,p2118291,9,投,False,守備,,0,0,0,0,0,0,0,0,0,0,0
2026-07-03,2021039083,中日,巨人,True,岡林 勇希,1900041,p1900041,1,中,True,,0.29,4,0,0,0,2,0,0,0,0,0,0
2026-07-03,2021039083,中日,巨人,True,田中 幹也,1750701,p1750701,2,二,True,,0.235,4,0,1,0,1,0,0,0,0,0,0
2026-07-03,2021039083,中日,巨人,True,村松 開人,1750223,p1750223,3,遊,True,,0.255,0,1,0,0,0,2,1,1,1,0,0
2026-07-03,2021039083,中日,巨人,True,細川 成也,1600085,p1600085,4,左,True,,0.22,4,0,0,0,1,0,0,0,0,0,0
2026-07-03,2021039083,中日,巨人,True,松山 晋也,2107869,p2107869,4,投,False,守備,,0,0,0,0,0,0,0,0,0,0,0
2026-07-03,2021039083,中日,巨人,True,サノー,1561854,p1561854,5,一,True,,0.22,3,0,1,1,1,0,0,0,0,0,0
2026-07-03,2021039083,中日,巨人,True,石伊 雄太,2105102,p2105102,6,捕,True,,0.271,3,0,1,0,2,0,0,0,0,0,0
2026-07-03,2021039083,中日,巨人,True,石川 昂弥,1900037,p1900037,7,三,True,,0.288,3,0,1,0,0,0,0,0,0,0,0
2026-07-03,2021039083,中日,巨人,True,鵜飼 航丞,2103845,p2103845,8,右,True,,0.259,2,0,0,0,2,1,0,0,0,0,0
2026-07-03,2021039083,中日,巨人,True,大野 雄大,1000138,p1000138,9,投,True,,0.0,3,0,0,0,2,0,0,0,0,0,0
2026-07-03,2021039083,中日,巨人,True,尾田 剛樹,2107645,p2107645,9,左,False,守備,0.167,0,0,0,0,0,0,0,0,0,0,0
2026-07-03,2021039084,広島,阪神,False,名原 典彦,1850405,p1850405,1,右左,True,,0.292,5,1,1,0,0,0,0,0,0,0,0
2026-07-03,2021039084,広島,阪神,False,大盛 穂,1800079,p1800079,2,中,True,,0.24,4,1,1,1,0,0,1,0,0,0,0
2026-07-03,2021039084,広島,阪神,False,菊池 涼介,1100082,p1100082,3,二,True,,0.245,3,0,1,1,1,0,0,1,0,0,0
2026-07-03,2021039084,広島,阪神,False,勝田 成,2110422,p2110422,3,二,False,守備,0.184,0,0,0,0,0,0,0,0,0,0,0
2026-07-03,2021039084,広島,阪神,False,坂倉 将吾,1600124,p1600124,4,三一,True,,0.269,4,1,1,0,1,0,0,0,0,0,0
2026-07-03,2021039084,広島,阪神,False,小園 海斗,1800072,p1800072,5,遊三,True,,0.241,4,1,1,1,1,0,0,0,0,0,0
2026-07-03,2021039084,広島,阪神,False,モンテロ,1961927,p1961927,6,一,True,,0.236,3,0,3,2,0,0,0,0,0,0,0
2026-07-03,2021039084,広島,阪神,False,矢野 雅哉,2000065,p2000065,6,走遊,False,代走,0.156,1,0,0,0,0,0,0,0,0,1,0
2026-07-03,2021039084,広島,阪神,False,佐々木 泰,2050203,p2050203,7,左,True,,0.222,3,0,1,0,0,1,0,0,0,0,0
2026-07-03,2021039084,広島,阪神,False,久保 修,2107875,p2107875,7,右,False,守備,,0,0,0,0,0,0,0,0,0,0,0
2026-07-03,2021039084,広島,阪神,False,石原 貴規,1900056,p1900056,8,捕,True,,0.256,4,0,0,0,0,0,0,0,0,0,0
2026-07-03,2021039084,広島,阪神,False,森 翔平,2103788,p2103788,9,投,True,,0.125,2,1,1,0,1,1,0,0,0,0,0
2026-07-03,2021039084,広島,阪神,False,遠藤 淳志,1700072,p1700072,9,投,False,守備,,0,0,0,0,0,0,0,0,0,0,0
2026-07-03,2021039084,広島,阪神,False,佐藤 啓介,2112143,p2112143,9,打,False,代打,0.207,1,0,0,0,0,0,0,0,0,0,0
2026-07-03,2021039084,広島,阪神,False,森浦 大輔,2000061,p2000061,9,投,False,守備,,0,0,0,0,0,0,0,0,0,0,0
2026-07-03,2021039084,阪神,広島,True,髙寺 望夢,2000057,p2000057,1,中,True,,0.229,3,0,0,0,2,1,0,0,0,0,0
2026-07-03,2021039084,阪神,広島,True,中野 拓夢,2000056,p2000056,2,二,True,,0.299,4,0,0,0,0,0,0,0,0,0,0
2026-07-03,2021039084,阪神,広島,True,森下 翔太,1850183,p1850183,3,右,True,,0.305,4,0,1,0,0,0,0,0,0,0,0
2026-07-03,2021039084,阪神,広島,True,佐藤 輝明,2000051,p2000051,4,三,True,,0.338,4,0,0,0,2,0,0,0,0,0,0
2026-07-03,2021039084,阪神,広島,True,大山 悠輔,1600113,p1600113,5,一,True,,0.262,3,0,0,0,2,0,0,0,0,0,0
2026-07-03,2021039084,阪神,広島,True,前川 右京,1950996,p1950996,6,左,True,,0.239,3,1,1,1,0,0,0,0,0,0,1
2026-07-03,2021039084,阪神,広島,True,坂本 誠志郎,1500087,p1500087,7,捕,True,,0.194,1,0,0,0,1,1,0,0,0,0,0
2026-07-03,2021039084,阪神,広島,True,福島 圭音,2110225,p2110225,7,打,False,代打,0.239,1,0,0,0,0,0,0,0,0,0,0
2026-07-03,2021039084,阪神,広島,True,津田 淳哉,2112141,p2112141,7,投,False,守備,,0,0,0,0,0,0,0,0,0,0,0
2026-07-03,2021039084,阪神,広島,True,熊谷 敬宥,1700079,p1700079,8,遊,True,,0.231,2,0,0,0,0,0,0,0,0,0,0
2026-07-03,2021039084,阪神,広島,True,木浪 聖也,1800067,p1800067,8,打遊,False,代打,0.25,1,0,0,0,0,0,0,0,0,0,0
2026-07-03,2021039084,阪神,広島,True,大竹 耕太郎,1700137,p1700137,9,投,True,,0.118,0,0,0,0,0,0,0,0,0,0,0
2026-07-03,2021039084,阪神,広島,True,百﨑 蒼生,2104632,p2104632,9,打,False,代打,0.0,1,0,0,0,1,0,0,0,0,0,0
2026-07-03,2021039084,阪神,広島,True,今朝丸 裕喜,2109682,p2109682,9,投,False,守備,0.0,1,0,0,0,1,0,0,0,0,0,0
2026-07-03,2021039084,阪神,広島,True,石黒 佑弥,2106233,p2106233,9,投,False,守備,0.0,0,0,0,0,0,0,0,0,0,0,0
2026-07-03,2021039084,阪神,広島,True,及川 雅貴,1900046,p1900046,9,投,False,守備,,0,0,0,0,0,0,0,0,0,0,0
2026-07-03,2021039084,阪神,広島,True,榮枝 裕貴,2000054,p2000054,9,打捕,False,代打,0.0,1,0,0,0,1,0,0,0,0,0,0
2026-07-03,2021039085,日本ハム,楽天,False,水谷 瞬,1800110,p1800110,1,左,True,,0.263,4,0,0,0,4,0,0,0,0,0,0
2026-07-03,2021039085,日本ハム,楽天,False,吉田 賢吾,2107900,p2107900,2,中,True,,0.304,4,0,0,0,1,0,0,0,0,0,0
2026-07-03,2021039085,日本ハム,楽天,False,レイエス,1860140,p1860140,3,指,True,,0.322,3,0,0,0,0,1,0,0,0,0,0
2026-07-03,2021039085,日本ハム,楽天,False,万波 中正,1800093,p1800093,4,右,True,,0.243,3,0,0,0,1,1,0,0,0,0,0
2026-07-03,2021039085,日本ハム,楽天,False,郡司 裕也,1900040,p1900040,5,三,True,,0.223,3,0,1,0,1,1,0,0,0,0,0
2026-07-03,2021039085,日本ハム,楽天,False,清宮 幸太郎,1700025,p1700025,6,一,True,,0.235,4,0,0,0,1,0,0,0,0,0,0
2026-07-03,2021039085,日本ハム,楽天,False,田宮 裕涼,1800095,p1800095,7,捕,True,,0.288,2,0,0,0,1,0,0,0,0,0,0
2026-07-03,2021039085,日本ハム,楽天,False,カストロ,2108090,p2108090,7,打,False,代打,0.237,1,0,0,0,1,0,0,0,0,0,0
2026-07-03,2021039085,日本ハム,楽天,False,進藤 勇也,1950486,p1950486,7,捕,False,守備,0.211,0,0,0,0,0,0,0,0,0,0,0
2026-07-03,2021039085,日本ハム,楽天,False,山縣 秀,2114529,p2114529,8,遊,True,,0.174,3,0,1,0,2,0,0,0,0,0,0
2026-07-03,2021039085,日本ハム,楽天,False,奈良間 大己,1850932,p1850932,9,二,True,,0.25,3,0,0,0,1,0,0,0,0,0,0
2026-07-03,2021039085,楽天,日本ハム,True,中島 大輔,1950278,p1950278,1,右,True,,0.221,5,0,1,0,1,0,0,0,0,0,0
2026-07-03,2021039085,楽天,日本ハム,True,黒川 史陽,1900113,p1900113,2,三一,True,,0.266,4,2,2,0,1,0,0,0,0,1,0
2026-07-03,2021039085,楽天,日本ハム,True,辰己 涼介,1800117,p1800117,3,中,True,,0.285,4,2,2,1,0,0,0,0,0,0,0
2026-07-03,2021039085,楽天,日本ハム,True,小森 航大郎,2103614,p2103614,3,左,False,守備,0.0,0,0,0,0,0,0,0,0,0,0,0
2026-07-03,2021039085,楽天,日本ハム,True,マッカスカー,2122300,p2122300,4,左,True,,0.291,4,1,4,3,0,0,0,0,0,0,1
2026-07-03,2021039085,楽天,日本ハム,True,武藤 敦貴,1900115,p1900115,4,走中,False,代走,0.118,0,1,0,0,0,0,0,0,0,0,0
2026-07-03,2021039085,楽天,日本ハム,True,村林 一輝,1600007,p1600007,5,二,True,,0.286,3,1,2,0,1,1,0,0,0,0,0
2026-07-03,2021039085,楽天,日本ハム,True,小深田 大翔,1900112,p1900112,5,二,False,守備,0.198,0,0,0,0,0,0,0,0,0,0,0
2026-07-03,2021039085,楽天,日本ハム,True,浅村 栄斗,900056,p900056,6,指,True,,0.224,3,0,0,1,1,0,0,0,0,0,0
2026-07-03,2021039085,楽天,日本ハム,True,渡邊 佳明,1800122,p1800122,7,一,True,,0.257,3,0,0,0,0,1,0,0,0,0,0
2026-07-03,2021039085,楽天,日本ハム,True,平良 竜哉,2105283,p2105283,7,走三,False,代走,0.25,0,1,0,0,0,0,0,0,0,0,0
2026-07-03,2021039085,楽天,日本ハム,True,太田 光,1800118,p1800118,8,捕,True,,0.233,4,0,0,0,3,0,0,0,0,0,0
2026-07-03,2021039085,楽天,日本ハム,True,宗山 塁,1851157,p1851157,9,遊,True,,0.25,4,0,1,3,0,0,0,0,0,0,0
2026-07-03,2021039086,西武,オリックス,False,カナリオ,2117028,p2117028,1,右,True,,0.254,4,0,0,0,2,2,0,0,0,0,0
2026-07-03,2021039086,西武,オリックス,False,桑原 将志,1100061,p1100061,1,走左,False,代走,0.242,0,0,0,0,0,0,0,0,0,0,0
2026-07-03,2021039086,西武,オリックス,False,滝澤 夏央,2103618,p2103618,2,遊二,True,,0.287,4,0,3,2,0,1,0,1,0,1,0
2026-07-03,2021039086,西武,オリックス,False,渡部 聖弥,1950417,p1950417,3,三,True,,0.252,5,0,1,1,0,0,0,0,0,0,0
2026-07-03,2021039086,西武,オリックス,False,ネビン,2101047,p2101047,4,指,True,,0.281,5,0,0,0,1,1,0,0,0,0,0
2026-07-03,2021039086,西武,オリックス,False,平沢 大河,1500117,p1500117,5,一,True,,0.28,6,1,2,0,0,0,0,0,0,1,0
2026-07-03,2021039086,西武,オリックス,False,古賀 悠斗,1750472,p1750472,6,捕,True,,0.287,5,0,0,0,0,0,0,1,0,0,0
2026-07-03,2021039086,西武,オリックス,False,石井 一成,1600134,p1600134,7,二,True,,0.24,4,0,0,0,0,1,0,0,0,0,0
2026-07-03,2021039086,西武,オリックス,False,源田 壮亮,1600129,p1600129,7,遊,False,守備,0.192,0,0,0,0,0,0,0,0,0,0,0
2026-07-03,2021039086,西武,オリックス,False,蛭間 拓哉,1850820,p1850820,8,左,True,,0.6,5,2,3,1,1,0,0,0,0,0,0
2026-07-03,2021039086,西武,オリックス,False,岸 潤一郎,1900068,p1900068,8,右,False,守備,0.202,0,0,0,0,0,0,0,0,0,0,0
2026-07-03,2021039086,西武,オリックス,False,西川 愛也,1700122,p1700122,9,中,True,,0.219,4,1,2,0,0,1,0,0,0,0,0
2026-07-03,2021039086,オリックス,西武,True,宗 佑磨,1400196,p1400196,1,三,True,,0.237,6,1,1,0,1,1,0,0,0,0,0
2026-07-03,2021039086,オリックス,西武,True,渡部 遼人,2103747,p2103747,2,中,True,,0.257,4,0,0,0,2,2,0,1,0,0,0
2026-07-03,2021039086,オリックス,西武,True,西川 龍馬,1500096,p1500096,3,左,True,,0.295,5,1,1,0,2,1,0,0,0,0,0
2026-07-03,2021039086,オリックス,西武,True,森 友哉,1300100,p1300100,4,指,True,,0.263,3,2,2,1,0,1,0,0,0,0,1
2026-07-03,2021039086,オリックス,西武,True,来田 涼斗,2000098,p2000098,4,走指,False,代走,0.237,2,0,0,0,1,0,0,0,0,0,0
2026-07-03,2021039086,オリックス,西武,True,紅林 弘太郎,1900088,p1900088,5,遊,True,,0.246,5,0,1,2,1,0,0,1,0,0,0
2026-07-03,2021039086,オリックス,西武,True,太田 椋,1800098,p1800098,6,二,True,,0.278,6,0,2,1,1,0,0,0,0,0,0
2026-07-03,2021039086,オリックス,西武,True,中川 圭太,1800104,p1800104,7,右,True,,0.267,6,0,3,0,3,0,0,0,0,0,0
2026-07-03,2021039086,オリックス,西武,True,山中 稜真,1750667,p1750667,8,一,True,,0.325,4,0,1,0,1,2,0,0,0,0,0
2026-07-03,2021039086,オリックス,西武,True,野口 智哉,1751068,p1751068,8,走,False,代走,0.214,0,0,0,0,0,0,0,0,0,0,0
2026-07-03,2021039086,オリックス,西武,True,若月 健矢,1300109,p1300109,9,捕,True,,0.218,3,0,1,0,2,0,0,1,0,0,0
2026-07-03,2021039086,オリックス,西武,True,平沼 翔太,1500112,p1500112,9,打,False,代打,0.25,1,0,0,0,0,0,0,0,0,0,0
2026-07-03,2021039086,オリックス,西武,True,福永 奨,1650056,p1650056,9,捕,False,守備,0.0,0,0,0,0,0,0,0,1,0,0,0
2026-07-03,2021039087,ロッテ,ソフトバンク,False,藤原 恭大,1800050,p1800050,1,中右,True,,0.286,4,0,0,0,1,0,0,0,0,0,0
2026-07-03,2021039087,ロッテ,ソフトバンク,False,西川 史礁,1950286,p1950286,2,右左,True,,0.293,3,0,0,0,2,1,0,0,0,0,0
2026-07-03,2021039087,ロッテ,ソフトバンク,False,山口 航輝,1800053,p1800053,3,左,True,,0.269,4,1,1,0,1,0,0,0,0,0,0
2026-07-03,2021039087,ロッテ,ソフトバンク,False,愛斗,1500102,p1500102,3,中,False,守備,0.222,0,0,0,0,0,0,0,0,0,0,0
2026-07-03,2021039087,ロッテ,ソフトバンク,False,佐藤 都志也,1900081,p1900081,4,捕,True,,0.251,3,0,0,0,0,1,0,0,0,1,0
2026-07-03,2021039087,ロッテ,ソフトバンク,False,ソト,1700020,p1700020,5,指,True,,0.25,4,0,1,1,0,0,0,0,0,0,0
2026-07-03,2021039087,ロッテ,ソフトバンク,False,安田 尚憲,1700092,p1700092,6,一,True,,0.245,4,1,1,0,2,0,0,0,0,0,0
2026-07-03,2021039087,ロッテ,ソフトバンク,False,寺地 隆成,2102926,p2102926,7,三,True,,0.178,3,0,1,1,1,1,0,0,0,0,0
2026-07-03,2021039087,ロッテ,ソフトバンク,False,友杉 篤輝,2106798,p2106798,8,遊,True,,0.249,3,0,0,0,0,0,0,0,0,0,0
2026-07-03,2021039087,ロッテ,ソフトバンク,False,小川 龍成,2000089,p2000089,9,二,True,,0.269,3,0,0,0,1,0,0,0,0,0,0
2026-07-03,2021039087,ソフトバンク,ロッテ,True,正木 智也,2103735,p2103735,1,一,True,,0.302,4,0,2,0,1,0,0,0,0,0,0
2026-07-03,2021039087,ソフトバンク,ロッテ,True,野村 勇,2104035,p2104035,1,走三,False,代走,0.221,0,0,0,0,0,0,0,0,0,0,0
2026-07-03,2021039087,ソフトバンク,ロッテ,True,柳町 達,1900104,p1900104,2,右,True,,0.236,2,0,0,1,1,1,0,0,0,0,0
2026-07-03,2021039087,ソフトバンク,ロッテ,True,周東 佑京,1700135,p1700135,2,中,False,守備,0.271,0,0,0,0,0,0,0,0,0,0,0
2026-07-03,2021039087,ソフトバンク,ロッテ,True,近藤 健介,1100097,p1100097,3,左,True,,0.292,4,0,0,0,0,0,0,0,0,0,0
2026-07-03,2021039087,ソフトバンク,ロッテ,True,川村 友斗,1650813,p1650813,3,左,False,守備,0.063,0,0,0,0,0,0,0,0,0,0,0
2026-07-03,2021039087,ソフトバンク,ロッテ,True,栗原 陵矢,1400127,p1400127,4,三一,True,,0.269,3,1,1,0,0,1,0,0,0,0,0
2026-07-03,2021039087,ソフトバンク,ロッテ,True,牧原 大成,1000175,p1000175,5,中右,True,,0.282,4,0,0,0,1,0,0,0,0,0,0
2026-07-03,2021039087,ソフトバンク,ロッテ,True,柳田 悠岐,1000128,p1000128,6,指,True,,0.247,3,1,1,1,0,0,0,0,0,0,0
2026-07-03,2021039087,ソフトバンク,ロッテ,True,川瀬 晃,1500143,p1500143,7,二,True,,0.216,3,0,1,1,0,0,0,0,0,0,0
2026-07-03,2021039087,ソフトバンク,ロッテ,True,海野 隆司,1900101,p1900101,8,捕,True,,0.185,3,0,0,0,1,0,0,0,0,0,0
2026-07-03,2021039087,ソフトバンク,ロッテ,True,庄子 雄大,1950149,p1950149,9,遊,True,,0.252,3,1,1,0,2,0,0,0,1,1,0
2026-07-04,2021039088,DeNA,ヤクルト,False,勝又 温史,1800046,p1800046,1,左,True,,0.319,4,3,2,0,1,0,1,0,0,0,0
2026-07-04,2021039088,DeNA,ヤクルト,False,牧 秀悟,2000035,p2000035,2,二,True,,0.303,5,2,2,4,1,0,0,0,0,0,1
2026-07-04,2021039088,DeNA,ヤクルト,False,三森 大貴,1600167,p1600167,2,二,False,守備,0.259,0,0,0,0,0,0,0,0,0,0,0
2026-07-04,2021039088,DeNA,ヤクルト,False,佐野 恵太,1600089,p1600089,3,一,True,,0.252,5,0,2,0,1,0,0,0,0,0,0
2026-07-04,2021039088,DeNA,ヤクルト,False,エンカーナシオン,2108195,p2108195,4,右,True,,0.357,5,1,3,1,0,0,0,0,0,0,0
2026-07-04,2021039088,DeNA,ヤクルト,False,神里 和毅,1700059,p1700059,4,走中,False,代走,0.133,0,1,0,0,0,0,0,0,0,0,0
2026-07-04,2021039088,DeNA,ヤクルト,False,筒香 嘉智,1000002,p1000002,5,三,True,,0.232,5,1,2,3,2,0,0,0,0,0,1
2026-07-04,2021039088,DeNA,ヤクルト,False,柴田 竜拓,1500063,p1500063,5,三,False,守備,0.111,0,0,0,0,0,0,0,0,0,0,0
2026-07-04,2021039088,DeNA,ヤクルト,False,松尾 汐恩,2100277,p2100277,6,捕,True,,0.26,4,2,1,0,0,1,0,0,0,0,0
2026-07-04,2021039088,DeNA,ヤクルト,False,梶原 昂希,2103703,p2103703,7,中右,True,,0.235,5,1,2,4,1,0,0,0,0,0,1
2026-07-04,2021039088,DeNA,ヤクルト,False,石上 泰輝,2112189,p2112189,8,遊,True,,0.188,5,1,1,0,0,0,0,0,0,0,0
2026-07-04,2021039088,DeNA,ヤクルト,False,篠木 健太郎,1850838,p1850838,9,投,True,,0.154,4,0,0,0,3,0,0,0,0,0,0
2026-07-04,2021039088,ヤクルト,DeNA,True,岩田 幸宏,2103917,p2103917,1,中,True,,0.258,4,0,1,0,0,0,0,0,0,0,0
2026-07-04,2021039088,ヤクルト,DeNA,True,サンタナ,2000135,p2000135,2,左,True,,0.269,4,0,2,0,0,0,0,0,0,0,0
2026-07-04,2021039088,ヤクルト,DeNA,True,伊藤 琉偉,2112175,p2112175,2,二,False,守備,0.155,0,0,0,0,0,0,0,0,0,0,0
2026-07-04,2021039088,ヤクルト,DeNA,True,古賀 優大,1600078,p1600078,3,捕,True,,0.27,3,0,0,0,0,0,0,0,0,0,0
2026-07-04,2021039088,ヤクルト,DeNA,True,矢野 泰二郎,2107172,p2107172,3,捕,False,守備,0.0,1,0,0,0,0,0,0,0,0,0,0
2026-07-04,2021039088,ヤクルト,DeNA,True,増田 珠,1700131,p1700131,4,右,True,,0.276,4,0,0,0,1,0,0,0,0,0,0
2026-07-04,2021039088,ヤクルト,DeNA,True,赤羽 由紘,2000031,p2000031,5,二左,True,,0.241,3,0,1,0,1,1,0,0,0,0,0
2026-07-04,2021039088,ヤクルト,DeNA,True,松下 歩叶,2116854,p2116854,6,三,True,,0.184,4,0,0,0,2,0,0,0,0,0,0
2026-07-04,2021039088,ヤクルト,DeNA,True,石井 巧,1850772,p1850772,7,遊,True,,0.172,3,1,2,1,0,0,0,0,0,0,1
2026-07-04,2021039088,ヤクルト,DeNA,True,松本 健吾,1750696,p1750696,8,投,True,,0.15,1,0,0,0,0,0,0,0,0,0,0
2026-07-04,2021039088,ヤクルト,DeNA,True,武岡 龍世,1900029,p1900029,8,打,False,代打,0.23,1,0,0,0,0,0,0,0,0,0,0
2026-07-04,2021039088,ヤクルト,DeNA,True,阪口 皓亮,1700060,p1700060,8,投,False,守備,,0,0,0,0,0,0,0,0,0,0,0
2026-07-04,2021039088,ヤクルト,DeNA,True,塩見 泰隆,1700087,p1700087,8,打,False,代打,0.209,1,0,0,0,1,0,0,0,0,0,0
2026-07-04,2021039088,ヤクルト,DeNA,True,小澤 怜史,1500139,p1500139,8,投,False,守備,0.0,0,0,0,0,0,0,0,0,0,0,0
2026-07-04,2021039088,ヤクルト,DeNA,True,山野辺 翔,1800082,p1800082,9,一,True,,0.333,3,0,1,0,1,0,0,0,0,0,0
2026-07-04,2021039089,巨人,中日,False,浦田 俊輔,1951153,p1951153,1,二,True,,0.261,4,0,0,0,0,0,0,0,0,0,0
2026-07-04,2021039089,巨人,中日,False,松本 剛,1100095,p1100095,2,左,True,,0.272,4,0,0,0,0,0,0,0,0,0,0
2026-07-04,2021039089,巨人,中日,False,泉口 友汰,1750321,p1750321,3,遊,True,,0.229,4,0,0,0,0,0,0,0,0,1,0
2026-07-04,2021039089,巨人,中日,False,キャベッジ,2118420,p2118420,4,中,True,,0.248,3,1,1,0,1,1,0,0,0,0,0
2026-07-04,2021039089,巨人,中日,False,ダルベック,1561820,p1561820,5,一,True,,0.246,3,0,1,0,0,0,0,0,0,0,0
2026-07-04,2021039089,巨人,中日,False,中山 礼都,2000007,p2000007,6,右,True,,0.182,2,0,1,1,0,0,0,0,0,0,0
2026-07-04,2021039089,巨人,中日,False,小濱 佑斗,2110991,p2110991,7,三,True,,0.233,2,0,1,0,0,1,0,0,0,0,0
2026-07-04,2021039089,巨人,中日,False,甲斐 拓也,1000176,p1000176,8,捕,True,,0.0,2,0,0,0,2,0,0,1,0,0,0
2026-07-04,2021039089,巨人,中日,False,竹丸 和幸,2118993,p2118993,9,投,True,,0.059,2,0,0,0,2,0,0,0,0,0,0
2026-07-04,2021039089,巨人,中日,False,大勢,2103697,p2103697,9,投,False,守備,,0,0,0,0,0,0,0,0,0,0,0
2026-07-04,2021039089,巨人,中日,False,坂本 勇人,700003,p700003,9,打,False,代打,0.14,1,0,0,0,0,0,0,0,0,0,0
2026-07-04,2021039089,巨人,中日,False,田中 瑛斗,1700027,p1700027,9,投,False,守備,,0,0,0,0,0,0,0,0,0,0,0
2026-07-04,2021039089,中日,巨人,True,岡林 勇希,1900041,p1900041,1,中,True,,0.279,4,0,0,0,1,0,0,0,0,0,0
2026-07-04,2021039089,中日,巨人,True,鵜飼 航丞,2103845,p2103845,2,右,True,,0.252,4,0,0,0,2,0,0,0,0,0,0
2026-07-04,2021039089,中日,巨人,True,村松 開人,1750223,p1750223,3,遊,True,,0.255,4,0,1,0,1,0,0,0,0,0,0
2026-07-04,2021039089,中日,巨人,True,細川 成也,1600085,p1600085,4,左,True,,0.221,3,0,1,0,2,1,0,0,0,0,0
2026-07-04,2021039089,中日,巨人,True,尾田 剛樹,2107645,p2107645,4,走左,False,代走,0.167,0,1,0,0,0,0,0,0,0,0,0
2026-07-04,2021039089,中日,巨人,True,サノー,1561854,p1561854,5,一,True,,0.221,4,1,1,0,1,0,0,0,0,0,0
2026-07-04,2021039089,中日,巨人,True,石川 昂弥,1900037,p1900037,6,三,True,,0.298,3,0,2,1,0,1,0,0,0,0,0
2026-07-04,2021039089,中日,巨人,True,田中 幹也,1750701,p1750701,7,二,True,,0.241,4,0,2,0,0,0,0,0,0,0,0
2026-07-04,2021039089,中日,巨人,True,加藤 匠馬,1400160,p1400160,8,捕,True,,0.139,3,0,0,0,2,0,0,0,0,0,0
2026-07-04,2021039089,中日,巨人,True,涌井 秀章,500014,p500014,9,投,True,,0.0,2,0,0,0,2,0,0,0,0,0,0
2026-07-04,2021039089,中日,巨人,True,高橋 周平,1100069,p1100069,9,打,False,代打,0.27,1,0,0,0,0,0,0,0,0,0,0
2026-07-04,2021039089,中日,巨人,True,橋本 侑樹,1900038,p1900038,9,投,False,守備,,0,0,0,0,0,0,0,0,0,0,0
2026-07-04,2021039089,中日,巨人,True,松山 晋也,2107869,p2107869,9,投,False,守備,,0,0,0,0,0,0,0,0,0,0,0
2026-07-04,2021039091,日本ハム,楽天,False,水野 達稀,1851204,p1851204,1,遊,True,,0.31,4,0,1,0,0,0,0,0,0,0,0
2026-07-04,2021039091,日本ハム,楽天,False,水谷 瞬,1800110,p1800110,2,左,True,,0.256,3,0,0,0,0,0,0,0,0,0,0
2026-07-04,2021039091,日本ハム,楽天,False,細川 凌平,2000082,p2000082,2,左,False,守備,0.235,0,0,0,0,0,0,0,0,0,0,0
2026-07-04,2021039091,日本ハム,楽天,False,野村 佑希,1800091,p1800091,2,打,False,代打,0.255,1,0,0,1,0,0,0,0,0,0,0
2026-07-04,2021039091,日本ハム,楽天,False,レイエス,1860140,p1860140,3,指,True,,0.318,4,0,0,0,2,0,0,0,0,0,0
2026-07-04,2021039091,日本ハム,楽天,False,万波 中正,1800093,p1800093,4,右,True,,0.24,3,0,0,0,1,0,0,0,0,0,0
2026-07-04,2021039091,日本ハム,楽天,False,吉田 賢吾,2107900,p2107900,5,中,True,,0.305,3,0,1,0,1,0,0,0,0,0,0
2026-07-04,2021039091,日本ハム,楽天,False,郡司 裕也,1900040,p1900040,6,三,True,,0.224,3,0,1,0,0,0,0,0,0,0,0
2026-07-04,2021039091,日本ハム,楽天,False,大塚 瑠晏,2050143,p2050143,7,二,True,,0.247,3,0,0,0,1,0,0,0,0,0,0
2026-07-04,2021039091,日本ハム,楽天,False,清宮 幸太郎,1700025,p1700025,8,一,True,,0.236,3,1,1,0,0,0,0,0,0,0,0
2026-07-04,2021039091,日本ハム,楽天,False,進藤 勇也,1950486,p1950486,9,捕,True,,0.203,2,0,0,0,0,0,0,0,0,0,0
2026-07-04,2021039091,日本ハム,楽天,False,マルティネス,1800008,p1800008,9,打,False,代打,0.147,1,0,1,0,0,0,0,0,0,0,0
2026-07-04,2021039091,日本ハム,楽天,False,田宮 裕涼,1800095,p1800095,9,走,False,代走,0.288,0,0,0,0,0,0,0,0,0,0,0
2026-07-04,2021039091,楽天,日本ハム,True,中島 大輔,1950278,p1950278,1,右左,True,,0.225,2,0,1,2,0,1,0,1,1,0,0
2026-07-04,2021039091,楽天,日本ハム,True,黒川 史陽,1900113,p1900113,2,一,True,,0.262,4,0,0,0,3,0,0,0,0,0,0
2026-07-04,2021039091,楽天,日本ハム,True,辰己 涼介,1800117,p1800117,3,中,True,,0.282,3,0,0,1,1,0,0,0,0,0,0
2026-07-04,2021039091,楽天,日本ハム,True,マッカスカー,2122300,p2122300,4,左,True,,0.286,2,0,0,0,0,2,0,0,0,0,0
2026-07-04,2021039091,楽天,日本ハム,True,武藤 敦貴,1900115,p1900115,4,走右,False,代走,0.118,0,1,0,0,0,0,0,0,0,0,0
2026-07-04,2021039091,楽天,日本ハム,True,村林 一輝,1600007,p1600007,5,二,True,,0.283,3,0,0,0,2,1,0,0,0,0,0
2026-07-04,2021039091,楽天,日本ハム,True,浅村 栄斗,900056,p900056,6,指,True,,0.225,4,0,1,0,2,0,0,0,0,0,0
2026-07-04,2021039091,楽天,日本ハム,True,平良 竜哉,2105283,p2105283,7,三,True,,0.25,4,0,1,1,1,0,0,0,0,0,0
2026-07-04,2021039091,楽天,日本ハム,True,太田 光,1800118,p1800118,8,捕,True,,0.235,3,2,1,0,1,1,0,0,0,0,0
2026-07-04,2021039091,楽天,日本ハム,True,宗山 塁,1851157,p1851157,9,遊,True,,0.429,3,1,2,0,0,0,0,0,0,0,0
2026-07-04,2021039093,ロッテ,ソフトバンク,False,藤原 恭大,1800050,p1800050,1,中,True,,0.285,4,2,1,2,1,1,0,0,0,0,1
2026-07-04,2021039093,ロッテ,ソフトバンク,False,西川 史礁,1950286,p1950286,2,右,True,,0.291,2,1,0,1,0,3,0,0,0,0,0
2026-07-04,2021039093,ロッテ,ソフトバンク,False,山口 航輝,1800053,p1800053,3,左,True,,0.268,4,1,1,2,2,0,0,0,0,0,0
2026-07-04,2021039093,ロッテ,ソフトバンク,False,和田 康士朗,1700098,p1700098,3,左,False,守備,0.217,1,0,0,0,1,0,0,0,0,0,0
2026-07-04,2021039093,ロッテ,ソフトバンク,False,佐藤 都志也,1900081,p1900081,4,捕,True,,0.251,4,1,1,1,0,0,0,0,0,0,0
2026-07-04,2021039093,ロッテ,ソフトバンク,False,松川 虎生,2100346,p2100346,4,捕,False,守備,0.22,1,0,0,0,1,0,0,0,0,0,0
2026-07-04,2021039093,ロッテ,ソフトバンク,False,ソト,1700020,p1700020,5,指,True,,0.25,4,0,1,2,2,0,0,0,0,0,0
2026-07-04,2021039093,ロッテ,ソフトバンク,False,角中 勝也,700087,p700087,5,打指,False,代打,1.0,1,0,1,0,0,0,0,0,0,0,0
2026-07-04,2021039093,ロッテ,ソフトバンク,False,寺地 隆成,2102926,p2102926,6,三,True,,0.175,3,0,0,0,0,2,0,0,0,0,0
2026-07-04,2021039093,ロッテ,ソフトバンク,False,安田 尚憲,1700092,p1700092,7,一,True,,0.232,3,1,0,0,1,0,0,0,0,0,0
2026-07-04,2021039093,ロッテ,ソフトバンク,False,上田 希由翔,1850947,p1850947,7,打一,False,代打,0.188,1,0,1,0,0,0,0,0,0,0,0
2026-07-04,2021039093,ロッテ,ソフトバンク,False,小川 龍成,2000089,p2000089,8,二,True,,0.273,4,1,2,0,0,0,0,0,0,0,0
2026-07-04,2021039093,ロッテ,ソフトバンク,False,友杉 篤輝,2106798,p2106798,9,遊,True,,0.245,3,1,0,0,0,0,0,0,0,1,0
2026-07-04,2021039093,ロッテ,ソフトバンク,False,宮崎 竜成,2117855,p2117855,9,遊,False,守備,0.143,1,0,0,0,1,0,0,0,0,0,0
2026-07-04,2021039093,ソフトバンク,ロッテ,True,正木 智也,2103735,p2103735,1,右左一,True,,0.305,5,1,2,1,1,0,0,0,0,0,1
2026-07-04,2021039093,ソフトバンク,ロッテ,True,周東 佑京,1700135,p1700135,2,中,True,,0.273,2,0,1,0,0,2,0,0,0,0,0
2026-07-04,2021039093,ソフトバンク,ロッテ,True,川村 友斗,1650813,p1650813,2,中,False,守備,0.059,1,0,0,0,0,0,0,0,0,0,0
2026-07-04,2021039093,ソフトバンク,ロッテ,True,近藤 健介,1100097,p1100097,3,左,True,,0.291,1,0,0,0,0,1,0,0,0,0,0
2026-07-04,2021039093,ソフトバンク,ロッテ,True,柳町 達,1900104,p1900104,3,右,False,守備,0.238,3,0,1,0,2,0,0,0,0,0,0
2026-07-04,2021039093,ソフトバンク,ロッテ,True,栗原 陵矢,1400127,p1400127,4,三,True,,0.265,4,0,0,0,1,0,0,0,0,0,0
2026-07-04,2021039093,ソフトバンク,ロッテ,True,牧原 大成,1000175,p1000175,5,二,True,,0.28,2,0,0,0,1,0,0,0,0,0,0
2026-07-04,2021039093,ソフトバンク,ロッテ,True,谷川原 健太,1500140,p1500140,5,左,False,守備,0.211,1,0,0,0,0,1,0,0,0,0,0
2026-07-04,2021039093,ソフトバンク,ロッテ,True,柳田 悠岐,1000128,p1000128,6,指,True,,0.252,3,0,2,0,0,0,0,0,0,0,0
2026-07-04,2021039093,ソフトバンク,ロッテ,True,野村 勇,2104035,p2104035,6,打指,False,代打,0.219,1,0,0,0,1,0,0,0,0,0,0
2026-07-04,2021039093,ソフトバンク,ロッテ,True,廣瀨 隆太,1850172,p1850172,7,一二,True,,0.244,4,0,0,0,1,0,0,0,0,0,0
2026-07-04,2021039093,ソフトバンク,ロッテ,True,渡邉 陸,1800113,p1800113,8,捕,True,,0.143,4,0,1,0,1,0,0,0,0,0,0
2026-07-04,2021039093,ソフトバンク,ロッテ,True,庄子 雄大,1950149,p1950149,9,遊,True,,0.243,4,0,0,0,2,0,0,0,0,0,0
2026-07-05,2021039094,DeNA,ヤクルト,False,勝又 温史,1800046,p1800046,1,左,True,,0.326,5,2,3,0,1,0,0,0,0,0,0
2026-07-05,2021039094,DeNA,ヤクルト,False,三森 大貴,1600167,p1600167,1,走中,False,代走,0.259,0,0,0,0,0,0,0,0,0,0,0
2026-07-05,2021039094,DeNA,ヤクルト,False,牧 秀悟,2000035,p2000035,2,二,True,,0.296,4,0,0,0,1,1,0,0,0,0,0
2026-07-05,2021039094,DeNA,ヤクルト,False,佐野 恵太,1600089,p1600089,3,一,True,,0.258,5,2,3,1,0,0,0,0,0,0,1
2026-07-05,2021039094,DeNA,ヤクルト,False,エンカーナシオン,2108195,p2108195,4,右,True,,0.474,5,0,4,3,0,0,0,0,0,0,0
2026-07-05,2021039094,DeNA,ヤクルト,False,神里 和毅,1700059,p1700059,4,走左,False,代走,0.133,0,0,0,0,0,0,0,0,0,0,0
2026-07-05,2021039094,DeNA,ヤクルト,False,宮﨑 敏郎,1200053,p1200053,5,三,True,,0.265,5,0,1,0,2,0,0,0,0,0,0
2026-07-05,2021039094,DeNA,ヤクルト,False,柴田 竜拓,1500063,p1500063,5,三,False,守備,0.111,0,0,0,0,0,0,0,0,0,0,0
2026-07-05,2021039094,DeNA,ヤクルト,False,松尾 汐恩,2100277,p2100277,6,捕,True,,0.255,3,1,0,0,0,0,1,0,0,0,0
2026-07-05,2021039094,DeNA,ヤクルト,False,梶原 昂希,2103703,p2103703,7,中右,True,,0.216,3,1,0,0,0,1,0,0,0,0,0
2026-07-05,2021039094,DeNA,ヤクルト,False,石上 泰輝,2112189,p2112189,8,遊,True,,0.192,4,0,1,2,0,0,0,0,0,0,0
2026-07-05,2021039094,DeNA,ヤクルト,False,深沢 鳳介,2100109,p2100109,9,投,True,,0.2,2,0,0,0,2,0,0,0,0,0,0
2026-07-05,2021039094,DeNA,ヤクルト,False,度会 隆輝,1850873,p1850873,9,打,False,代打,0.278,0,0,0,0,0,1,0,0,0,0,0
2026-07-05,2021039094,DeNA,ヤクルト,False,ルイーズ,1860235,p1860235,9,投,False,守備,,0,0,0,0,0,0,0,0,0,0,0
2026-07-05,2021039094,DeNA,ヤクルト,False,伊勢 大夢,1900032,p1900032,9,投,False,守備,,0,0,0,0,0,0,0,0,0,0,0
2026-07-05,2021039094,DeNA,ヤクルト,False,宮下 朝陽,2100014,p2100014,9,打,False,代打,0.205,1,0,0,0,0,0,0,0,0,0,0
2026-07-05,2021039094,DeNA,ヤクルト,False,中川 虎大,1700067,p1700067,9,投,False,守備,,0,0,0,0,0,0,0,0,0,0,0
2026-07-05,2021039094,DeNA,ヤクルト,False,レイノルズ,2117433,p2117433,9,投,False,守備,,0,0,0,0,0,0,0,0,0,0,0
2026-07-05,2021039094,ヤクルト,DeNA,True,塩見 泰隆,1700087,p1700087,1,右,True,,0.213,4,1,1,0,1,1,0,0,0,0,0
2026-07-05,2021039094,ヤクルト,DeNA,True,石井 巧,1850772,p1850772,2,遊,True,,0.188,3,1,1,0,1,1,0,0,0,0,0
2026-07-05,2021039094,ヤクルト,DeNA,True,赤羽 由紘,2000031,p2000031,3,二左,True,,0.242,4,1,1,0,1,0,0,0,0,0,0
2026-07-05,2021039094,ヤクルト,DeNA,True,サンタナ,2000135,p2000135,4,左,True,,0.271,2,1,1,4,0,2,0,0,0,0,1
2026-07-05,2021039094,ヤクルト,DeNA,True,伊藤 琉偉,2112175,p2112175,4,走二,False,代走,0.155,0,0,0,0,0,0,0,0,0,0,0
2026-07-05,2021039094,ヤクルト,DeNA,True,岩田 幸宏,2103917,p2103917,5,中,True,,0.253,4,0,0,0,0,0,0,0,0,0,0
2026-07-05,2021039094,ヤクルト,DeNA,True,松下 歩叶,2116854,p2116854,6,三,True,,0.17,4,0,0,0,2,0,0,0,0,0,0
2026-07-05,2021039094,ヤクルト,DeNA,True,古賀 優大,1600078,p1600078,7,捕,True,,0.267,2,0,0,0,0,0,1,0,0,0,0
2026-07-05,2021039094,ヤクルト,DeNA,True,長岡 秀樹,1900028,p1900028,7,打,False,代打,0.241,0,0,0,0,0,1,0,0,0,0,0
2026-07-05,2021039094,ヤクルト,DeNA,True,山野辺 翔,1800082,p1800082,8,一,True,,0.286,4,0,1,0,0,0,0,0,0,0,0
2026-07-05,2021039094,ヤクルト,DeNA,True,吉村 貢司郎,2103794,p2103794,9,投,True,,0.053,2,0,0,0,1,0,0,0,0,0,0
2026-07-05,2021039094,ヤクルト,DeNA,True,丸山 翔大,2000033,p2000033,9,投,False,守備,,0,0,0,0,0,0,0,0,0,0,0
2026-07-05,2021039094,ヤクルト,DeNA,True,増田 珠,1700131,p1700131,9,打,False,代打,0.275,1,0,0,0,1,0,0,0,0,0,0
2026-07-05,2021039094,ヤクルト,DeNA,True,リランソ,2122334,p2122334,9,投,False,守備,,0,0,0,0,0,0,0,0,0,0,0
2026-07-05,2021039094,ヤクルト,DeNA,True,清水 昇,1800033,p1800033,9,投,False,守備,,0,0,0,0,0,0,0,0,0,0,0
2026-07-05,2021039094,ヤクルト,DeNA,True,内山 壮真,2000026,p2000026,9,打,False,代打,0.221,1,0,0,0,1,0,0,0,0,0,0
2026-07-05,2021039095,巨人,中日,False,浦田 俊輔,1951153,p1951153,1,二,True,,0.261,4,0,1,0,0,0,0,0,0,0,0
2026-07-05,2021039095,巨人,中日,False,松本 剛,1100095,p1100095,2,左,True,,0.266,4,0,0,0,0,0,0,0,0,0,0
2026-07-05,2021039095,巨人,中日,False,泉口 友汰,1750321,p1750321,3,遊,True,,0.229,4,0,1,0,2,0,0,0,0,0,0
2026-07-05,2021039095,巨人,中日,False,ダルベック,1561820,p1561820,4,一,True,,0.242,4,0,0,0,2,0,0,0,0,0,0
2026-07-05,2021039095,巨人,中日,False,岸田 行倫,1700043,p1700043,5,捕,True,,0.259,4,0,0,0,2,0,0,0,0,0,0
2026-07-05,2021039095,巨人,中日,False,キャベッジ,2118420,p2118420,6,中,True,,0.249,3,0,1,0,1,0,0,0,0,0,0
2026-07-05,2021039095,巨人,中日,False,笹原 操希,2100225,p2100225,7,右,True,,0.286,3,1,2,1,1,0,0,0,0,0,1
2026-07-05,2021039095,巨人,中日,False,増田 大輝,1500054,p1500054,8,三,True,,0.4,1,0,0,0,1,0,0,1,0,1,0
2026-07-05,2021039095,巨人,中日,False,丸 佳浩,800043,p800043,8,打,False,代打,0.161,0,0,0,0,0,1,0,0,0,0,0
2026-07-05,2021039095,巨人,中日,False,門脇 誠,2107874,p2107874,8,走三,False,代走,0.176,0,0,0,0,0,0,0,0,0,0,0
2026-07-05,2021039095,巨人,中日,False,井上 温大,1900019,p1900019,9,投,True,,0.048,2,0,0,0,1,0,0,0,0,0,0
2026-07-05,2021039095,巨人,中日,False,甲斐 拓也,1000176,p1000176,9,打,False,代打,0.0,1,0,0,0,0,0,0,0,0,0,0
2026-07-05,2021039095,巨人,中日,False,田中 瑛斗,1700027,p1700027,9,投,False,守備,,0,0,0,0,0,0,0,0,0,0,0
2026-07-05,2021039095,巨人,中日,False,マルティネス,1700010,p1700010,9,投,False,守備,,0,0,0,0,0,0,0,0,0,0,0
2026-07-05,2021039095,中日,巨人,True,岡林 勇希,1900041,p1900041,1,中,True,,0.278,4,0,1,0,0,0,0,0,0,0,0
2026-07-05,2021039095,中日,巨人,True,田中 幹也,1750701,p1750701,2,二,True,,0.238,2,0,0,0,1,0,0,1,0,0,0
2026-07-05,2021039095,中日,巨人,True,板山 祐太郎,1500091,p1500091,2,打二,False,代打,0.258,1,0,0,0,0,0,0,0,0,0,0
2026-07-05,2021039095,中日,巨人,True,石伊 雄太,2105102,p2105102,3,捕,True,,0.267,3,0,0,0,2,0,0,0,0,0,0
2026-07-05,2021039095,中日,巨人,True,高橋 周平,1100069,p1100069,3,打,False,代打,0.27,0,0,0,0,0,1,0,0,0,0,0
2026-07-05,2021039095,中日,巨人,True,加藤 匠馬,1400160,p1400160,3,走捕,False,代走,0.139,0,0,0,0,0,0,0,0,0,0,0
2026-07-05,2021039095,中日,巨人,True,細川 成也,1600085,p1600085,4,左,True,,0.219,2,0,0,0,1,2,0,0,0,0,0
2026-07-05,2021039095,中日,巨人,True,サノー,1561854,p1561854,5,一,True,,0.215,3,0,0,0,1,1,0,0,0,0,0
2026-07-05,2021039095,中日,巨人,True,石川 昂弥,1900037,p1900037,6,三,True,,0.304,4,0,2,0,1,0,0,0,0,0,0
2026-07-05,2021039095,中日,巨人,True,尾田 剛樹,2107645,p2107645,6,走,False,代走,0.167,0,0,0,0,0,0,0,0,0,0,0
2026-07-05,2021039095,中日,巨人,True,村松 開人,1750223,p1750223,7,遊,True,,0.255,4,0,1,0,0,0,0,0,0,0,0
2026-07-05,2021039095,中日,巨人,True,鵜飼 航丞,2103845,p2103845,8,右,True,,0.245,4,0,0,0,1,0,0,0,0,0,0
2026-07-05,2021039095,中日,巨人,True,金丸 夢斗,2108462,p2108462,9,投,True,,0.071,2,0,0,0,0,0,0,0,0,0,0
2026-07-05,2021039095,中日,巨人,True,福永 裕基,2103780,p2103780,9,打,False,代打,0.234,1,0,0,0,1,0,0,0,0,0,0
2026-07-05,2021039095,中日,巨人,True,藤嶋 健人,1600110,p1600110,9,投,False,守備,,0,0,0,0,0,0,0,0,0,0,0
2026-07-05,2021039095,中日,巨人,True,吉田 聖弥,2105295,p2105295,9,投,False,守備,,0,0,0,0,0,0,0,0,0,0,0
2026-07-05,2021039096,広島,阪神,False,名原 典彦,1850405,p1850405,1,左右,True,,0.281,5,0,0,0,1,0,0,0,0,0,0
2026-07-05,2021039096,広島,阪神,False,大盛 穂,1800079,p1800079,2,中,True,,0.239,5,1,1,0,2,0,0,0,1,0,0
2026-07-05,2021039096,広島,阪神,False,菊池 涼介,1100082,p1100082,3,二,True,,0.241,4,0,0,0,0,0,0,0,0,0,0
2026-07-05,2021039096,広島,阪神,False,坂倉 将吾,1600124,p1600124,4,三一,True,,0.276,4,1,3,1,0,0,0,0,0,0,0
2026-07-05,2021039096,広島,阪神,False,小園 海斗,1800072,p1800072,5,遊三,True,,0.241,4,0,1,0,1,0,0,0,0,0,0
2026-07-05,2021039096,広島,阪神,False,野間 峻祥,1400173,p1400173,6,右,True,,0.233,2,0,1,0,0,1,0,0,0,2,0
2026-07-05,2021039096,広島,阪神,False,佐々木 泰,2050203,p2050203,6,打,False,代打,0.227,1,0,1,0,0,0,0,0,0,0,0
2026-07-05,2021039096,広島,阪神,False,中﨑 翔太,1000116,p1000116,6,投,False,守備,,0,0,0,0,0,0,0,0,0,0,0
2026-07-05,2021039096,広島,阪神,False,佐藤 啓介,2112143,p2112143,7,一,True,,0.242,4,1,2,1,0,0,0,0,0,0,0
2026-07-05,2021039096,広島,阪神,False,辰見 鴻之介,2107887,p2107887,7,走,False,代走,0.125,0,0,0,0,0,0,0,0,0,0,0
2026-07-05,2021039096,広島,阪神,False,勝田 成,2110422,p2110422,7,遊,False,守備,0.184,0,0,0,0,0,0,0,0,0,0,0
2026-07-05,2021039096,広島,阪神,False,床田 寛樹,1600123,p1600123,8,投,True,,0.182,2,0,0,0,1,0,0,0,0,0,0
2026-07-05,2021039096,広島,阪神,False,辻 大雅,2106037,p2106037,8,投,False,守備,,0,0,0,0,0,0,0,0,0,0,0
2026-07-05,2021039096,広島,阪神,False,モンテロ,1961927,p1961927,8,打,False,代打,0.241,1,0,1,1,0,0,0,0,0,0,0
2026-07-05,2021039096,広島,阪神,False,島内 颯太郎,1800073,p1800073,8,投,False,守備,,0,0,0,0,0,0,0,0,0,0,0
2026-07-05,2021039096,広島,阪神,False,ファビアン,2114882,p2114882,8,打左,False,代打,0.2,1,1,1,1,0,0,0,0,0,0,1
2026-07-05,2021039096,広島,阪神,False,石原 貴規,1900056,p1900056,9,捕,True,,0.239,3,0,0,0,2,0,0,0,0,0,0
2026-07-05,2021039096,広島,阪神,False,持丸 泰輝,1900058,p1900058,9,打,False,代打,0.211,1,0,0,0,1,0,0,0,0,0,0
2026-07-05,2021039096,阪神,広島,True,髙寺 望夢,2000057,p2000057,1,中,True,,0.228,5,0,1,1,0,0,0,0,0,0,0
2026-07-05,2021039096,阪神,広島,True,中野 拓夢,2000056,p2000056,2,二,True,,0.297,5,1,1,0,1,0,0,0,0,0,0
2026-07-05,2021039096,阪神,広島,True,森下 翔太,1850183,p1850183,3,右,True,,0.304,5,1,1,0,1,0,0,0,0,0,0
2026-07-05,2021039096,阪神,広島,True,佐藤 輝明,2000051,p2000051,4,三,True,,0.345,4,2,3,0,0,0,0,0,0,0,0
2026-07-05,2021039096,阪神,広島,True,大山 悠輔,1600113,p1600113,5,一,True,,0.266,4,0,2,0,1,0,0,0,0,0,0
2026-07-05,2021039096,阪神,広島,True,前川 右京,1950996,p1950996,6,左,True,,0.254,4,1,2,2,2,0,0,0,0,0,1
2026-07-05,2021039096,阪神,広島,True,小野寺 暖,1900050,p1900050,6,左,False,守備,0.125,0,0,0,0,0,0,0,0,0,1,0
2026-07-05,2021039096,阪神,広島,True,木浪 聖也,1800067,p1800067,7,遊,True,,0.244,3,0,0,0,1,0,0,0,0,0,0
2026-07-05,2021039096,阪神,広島,True,工藤 泰成,2112146,p2112146,7,投,False,守備,,0,0,0,0,0,0,0,0,0,0,0
2026-07-05,2021039096,阪神,広島,True,岩崎 優,1300075,p1300075,7,投,False,守備,,0,0,0,0,0,0,0,0,0,0,0
2026-07-05,2021039096,阪神,広島,True,福島 圭音,2110225,p2110225,7,打,False,代打,0.245,1,1,1,0,0,0,0,0,0,0,0
2026-07-05,2021039096,阪神,広島,True,ドリス,1600033,p1600033,7,投,False,守備,,0,0,0,0,0,0,0,0,0,0,0
2026-07-05,2021039096,阪神,広島,True,坂本 誠志郎,1500087,p1500087,8,捕,True,,0.198,2,0,1,0,0,2,0,0,0,0,0
2026-07-05,2021039096,阪神,広島,True,村上 頌樹,2000055,p2000055,9,投,True,,0.074,2,0,0,0,2,0,0,0,0,1,0
2026-07-05,2021039096,阪神,広島,True,熊谷 敬宥,1700079,p1700079,9,打遊,False,代打,0.237,2,0,1,0,0,0,0,0,0,0,0
2026-07-05,2021039097,日本ハム,楽天,False,水野 達稀,1851204,p1851204,1,遊,True,,0.304,5,0,0,0,1,0,0,0,0,0,0
2026-07-05,2021039097,日本ハム,楽天,False,カストロ,2108090,p2108090,2,中,True,,0.234,2,0,0,0,1,0,1,0,0,0,0
2026-07-05,2021039097,日本ハム,楽天,False,五十幡 亮汰,2000080,p2000080,2,中,False,守備,0.193,2,1,1,0,1,0,0,0,0,0,0
2026-07-05,2021039097,日本ハム,楽天,False,レイエス,1860140,p1860140,3,指,True,,0.319,5,0,2,0,0,0,0,0,0,0,0
2026-07-05,2021039097,日本ハム,楽天,False,万波 中正,1800093,p1800093,4,右,True,,0.241,3,0,1,1,0,0,0,0,0,0,0
2026-07-05,2021039097,日本ハム,楽天,False,郡司 裕也,1900040,p1900040,5,三,True,,0.225,4,1,1,0,2,0,0,0,0,0,0
2026-07-05,2021039097,日本ハム,楽天,False,山縣 秀,2114529,p2114529,5,三,False,守備,0.174,0,0,0,0,0,0,0,0,0,0,0
2026-07-05,2021039097,日本ハム,楽天,False,野村 佑希,1800091,p1800091,6,左,True,,0.255,4,1,1,2,1,0,0,0,0,0,1
2026-07-05,2021039097,日本ハム,楽天,False,奈良間 大己,1850932,p1850932,6,二,False,守備,0.25,0,0,0,0,0,0,0,0,0,0,0
2026-07-05,2021039097,日本ハム,楽天,False,清宮 幸太郎,1700025,p1700025,7,一,True,,0.238,3,1,1,1,0,1,0,0,0,0,1
2026-07-05,2021039097,日本ハム,楽天,False,進藤 勇也,1950486,p1950486,8,捕,True,,0.222,4,2,2,1,0,0,0,0,0,0,1
2026-07-05,2021039097,日本ハム,楽天,False,細川 凌平,2000082,p2000082,9,二左,True,,0.243,3,0,1,1,1,1,0,0,1,0,0
2026-07-05,2021039097,楽天,日本ハム,True,中島 大輔,1950278,p1950278,1,右,True,,0.221,3,0,0,0,1,1,1,0,0,0,0
2026-07-05,2021039097,楽天,日本ハム,True,黒川 史陽,1900113,p1900113,2,一,True,,0.263,3,1,1,1,1,1,0,0,0,0,0
2026-07-05,2021039097,楽天,日本ハム,True,辰己 涼介,1800117,p1800117,3,中,True,,0.285,4,0,2,1,0,1,0,0,0,0,0
2026-07-05,2021039097,楽天,日本ハム,True,マッカスカー,2122300,p2122300,4,左,True,,0.279,3,0,0,0,2,1,0,0,0,0,0
2026-07-05,2021039097,楽天,日本ハム,True,村林 一輝,1600007,p1600007,5,二,True,,0.28,3,0,0,1,0,0,0,0,0,0,0
2026-07-05,2021039097,楽天,日本ハム,True,浅村 栄斗,900056,p900056,6,指,True,,0.222,3,0,0,0,2,1,0,0,0,0,0
2026-07-05,2021039097,楽天,日本ハム,True,平良 竜哉,2105283,p2105283,7,三,True,,0.25,4,1,1,0,2,0,0,0,0,0,0
2026-07-05,2021039097,楽天,日本ハム,True,YG安田,2103740,p2103740,8,捕,True,,0.19,3,1,2,0,1,1,0,0,0,0,0
2026-07-05,2021039097,楽天,日本ハム,True,宗山 塁,1851157,p1851157,9,遊,True,,0.273,4,0,0,0,0,0,0,0,1,0,0
2026-07-05,2021039098,西武,オリックス,False,カナリオ,2117028,p2117028,1,右,True,,0.254,4,0,1,0,0,0,0,0,1,0,0
2026-07-05,2021039098,西武,オリックス,False,滝澤 夏央,2103618,p2103618,2,二遊,True,,0.282,4,0,0,0,2,0,0,0,0,0,0
2026-07-05,2021039098,西武,オリックス,False,平沢 大河,1500117,p1500117,3,三左,True,,0.273,4,0,0,0,0,0,0,0,0,0,0
2026-07-05,2021039098,西武,オリックス,False,ネビン,2101047,p2101047,4,一,True,,0.28,4,0,1,0,1,0,0,0,0,0,0
2026-07-05,2021039098,西武,オリックス,False,石井 一成,1600134,p1600134,5,指,True,,0.241,4,1,1,0,0,0,0,0,0,0,0
2026-07-05,2021039098,西武,オリックス,False,小島 大河,2050145,p2050145,6,捕,True,,0.248,3,0,1,0,0,0,0,0,0,0,0
2026-07-05,2021039098,西武,オリックス,False,渡部 聖弥,1950417,p1950417,6,三,False,守備,0.252,0,0,0,0,0,0,0,0,0,0,0
2026-07-05,2021039098,西武,オリックス,False,源田 壮亮,1600129,p1600129,7,遊,True,,0.19,2,0,0,0,0,0,0,0,0,0,0
2026-07-05,2021039098,西武,オリックス,False,古賀 悠斗,1750472,p1750472,7,打捕,False,代打,0.292,1,0,1,1,0,0,0,0,0,0,0
2026-07-05,2021039098,西武,オリックス,False,蛭間 拓哉,1850820,p1850820,8,左,True,,0.429,2,0,0,0,0,0,0,0,0,0,0
2026-07-05,2021039098,西武,オリックス,False,外崎 修汰,1400184,p1400184,8,打二,False,代打,0.175,1,0,0,0,1,0,0,0,0,0,0
2026-07-05,2021039098,西武,オリックス,False,西川 愛也,1700122,p1700122,9,中,True,,0.215,3,0,0,0,0,0,0,0,0,0,0
2026-07-05,2021039098,オリックス,西武,True,渡部 遼人,2103747,p2103747,1,中,True,,0.25,4,0,0,0,1,0,0,0,0,0,0
2026-07-05,2021039098,オリックス,西武,True,山中 稜真,1750667,p1750667,2,一,True,,0.322,4,1,1,1,1,0,0,0,0,0,0
2026-07-05,2021039098,オリックス,西武,True,西川 龍馬,1500096,p1500096,3,左,True,,0.292,3,0,0,0,0,0,0,0,0,0,0
2026-07-05,2021039098,オリックス,西武,True,杉澤 龍,1650722,p1650722,3,右,False,守備,0.39,0,0,0,0,0,0,0,0,0,0,0
2026-07-05,2021039098,オリックス,西武,True,森 友哉,1300100,p1300100,4,指,True,,0.265,3,0,1,1,0,0,0,0,0,0,0
2026-07-05,2021039098,オリックス,西武,True,太田 椋,1800098,p1800098,5,二,True,,0.279,3,1,1,1,2,0,0,0,0,0,1
2026-07-05,2021039098,オリックス,西武,True,紅林 弘太郎,1900088,p1900088,6,遊,True,,0.247,3,0,1,0,0,0,0,0,0,0,0
2026-07-05,2021039098,オリックス,西武,True,中川 圭太,1800104,p1800104,7,右左,True,,0.264,3,0,0,0,0,0,0,0,0,0,0
2026-07-05,2021039098,オリックス,西武,True,若月 健矢,1300109,p1300109,8,捕,True,,0.214,3,0,0,0,0,0,0,0,0,0,0
2026-07-05,2021039098,オリックス,西武,True,宗 佑磨,1400196,p1400196,9,三,True,,0.238,3,1,1,0,1,0,0,0,0,0,0
2026-07-05,2021039099,ロッテ,ソフトバンク,False,藤原 恭大,1800050,p1800050,1,右,True,,0.284,4,0,1,2,0,0,0,0,0,0,0
2026-07-05,2021039099,ロッテ,ソフトバンク,False,西川 史礁,1950286,p1950286,2,左,True,,0.287,4,0,0,0,3,0,0,0,0,0,0
2026-07-05,2021039099,ロッテ,ソフトバンク,False,佐藤 都志也,1900081,p1900081,3,捕,True,,0.246,4,0,0,0,1,0,0,0,0,1,0
2026-07-05,2021039099,ロッテ,ソフトバンク,False,ソト,1700020,p1700020,4,指,True,,0.245,4,0,0,0,1,0,0,0,0,0,0
2026-07-05,2021039099,ロッテ,ソフトバンク,False,寺地 隆成,2102926,p2102926,5,三,True,,0.173,2,0,0,0,2,1,0,0,0,0,0
2026-07-05,2021039099,ロッテ,ソフトバンク,False,角中 勝也,700087,p700087,5,打,False,代打,0.5,1,0,0,0,0,0,0,0,0,0,0
2026-07-05,2021039099,ロッテ,ソフトバンク,False,上田 希由翔,1850947,p1850947,6,一,True,,0.179,3,0,0,0,0,0,0,0,0,0,0
2026-07-05,2021039099,ロッテ,ソフトバンク,False,安田 尚憲,1700092,p1700092,6,打,False,代打,0.228,1,0,0,0,0,0,0,0,0,0,0
2026-07-05,2021039099,ロッテ,ソフトバンク,False,愛斗,1500102,p1500102,7,中,True,,0.256,3,1,2,0,0,0,0,0,0,0,0
2026-07-05,2021039099,ロッテ,ソフトバンク,False,小川 龍成,2000089,p2000089,8,二,True,,0.276,1,1,1,0,0,1,1,0,0,0,0
2026-07-05,2021039099,ロッテ,ソフトバンク,False,友杉 篤輝,2106798,p2106798,9,遊,True,,0.248,2,0,1,0,1,0,0,1,0,0,0
2026-07-05,2021039099,ソフトバンク,ロッテ,True,正木 智也,2103735,p2103735,1,右,True,,0.306,3,2,1,0,2,1,0,0,0,0,0
2026-07-05,2021039099,ソフトバンク,ロッテ,True,川瀬 晃,1500143,p1500143,1,二,False,守備,0.216,0,0,0,0,0,0,0,0,0,0,0
2026-07-05,2021039099,ソフトバンク,ロッテ,True,周東 佑京,1700135,p1700135,2,中,True,,0.271,2,1,0,0,0,1,1,0,0,0,0
2026-07-05,2021039099,ソフトバンク,ロッテ,True,近藤 健介,1100097,p1100097,3,左,True,,0.296,3,2,2,6,0,1,0,0,1,0,2
2026-07-05,2021039099,ソフトバンク,ロッテ,True,谷川原 健太,1500140,p1500140,3,右,False,守備,0.211,0,0,0,0,0,0,0,0,0,0,0
2026-07-05,2021039099,ソフトバンク,ロッテ,True,栗原 陵矢,1400127,p1400127,4,三,True,,0.265,4,1,1,1,2,0,0,0,0,0,1
2026-07-05,2021039099,ソフトバンク,ロッテ,True,柳田 悠岐,1000128,p1000128,5,指,True,,0.248,4,0,0,0,2,0,0,0,0,0,0
2026-07-05,2021039099,ソフトバンク,ロッテ,True,牧原 大成,1000175,p1000175,6,二,True,,0.277,3,0,0,0,1,0,0,0,0,0,0
2026-07-05,2021039099,ソフトバンク,ロッテ,True,ダウンズ,2101257,p2101257,6,打,False,代打,0.0,1,0,0,0,0,0,0,0,0,0,0
2026-07-05,2021039099,ソフトバンク,ロッテ,True,川村 友斗,1650813,p1650813,6,左,False,守備,0.059,0,0,0,0,0,0,0,0,0,0,0
2026-07-05,2021039099,ソフトバンク,ロッテ,True,廣瀨 隆太,1850172,p1850172,7,一,True,,0.25,3,0,1,0,2,0,0,0,0,0,0
2026-07-05,2021039099,ソフトバンク,ロッテ,True,海野 隆司,1900101,p1900101,8,捕,True,,0.182,3,0,0,0,0,0,0,0,0,0,0
2026-07-05,2021039099,ソフトバンク,ロッテ,True,庄子 雄大,1950149,p1950149,9,遊,True,,0.246,3,1,1,0,0,0,0,0,0,0,0
2026-07-22,2021039175,広島,巨人,False,秋山 翔吾,1000150,p1000150,1,右,True,,0.275,4,0,3,0,1,0,0,0,0,0,0
2026-07-22,2021039175,広島,巨人,False,名原 典彦,1850405,p1850405,1,走右,False,代走,0.258,1,0,1,1,0,0,0,0,1,0,0
2026-07-22,2021039175,広島,巨人,False,大盛 穂,1800079,p1800079,2,中,True,,0.23,3,0,0,0,1,1,0,1,0,0,0
2026-07-22,2021039175,広島,巨人,False,ファビアン,2114882,p2114882,3,左,True,,0.217,4,0,0,0,1,1,0,0,0,0,0
2026-07-22,2021039175,広島,巨人,False,森浦 大輔,2000061,p2000061,3,投,False,守備,,0,0,0,0,0,0,0,0,0,0,0
2026-07-22,2021039175,広島,巨人,False,坂倉 将吾,1600124,p1600124,4,三一,True,,0.253,5,0,1,0,2,0,0,0,0,0,0
2026-07-22,2021039175,広島,巨人,False,小園 海斗,1800072,p1800072,5,遊三,True,,0.244,4,1,1,0,0,1,0,0,0,0,0
2026-07-22,2021039175,広島,巨人,False,モンテロ,1961927,p1961927,6,一,True,,0.256,3,2,3,2,0,1,0,0,0,0,1
2026-07-22,2021039175,広島,巨人,False,辰見 鴻之介,2107887,p2107887,6,走,False,代走,0.125,0,0,0,0,0,0,0,0,0,0,0
2026-07-22,2021039175,広島,巨人,False,菊池 涼介,1100082,p1100082,6,二,False,守備,0.241,1,0,0,0,0,0,0,0,0,0,0
2026-07-22,2021039175,広島,巨人,False,持丸 泰輝,1900058,p1900058,7,捕,True,,0.211,2,2,1,1,0,2,0,0,0,0,1
2026-07-22,2021039175,広島,巨人,False,勝田 成,2110422,p2110422,8,二遊,True,,0.173,3,1,1,1,0,0,1,0,0,0,0
2026-07-22,2021039175,広島,巨人,False,斉藤 優汰,2107847,p2107847,9,投,True,,0.0,2,0,0,0,0,0,0,0,0,0,0
2026-07-22,2021039175,広島,巨人,False,佐々木 泰,2050203,p2050203,9,打,False,代打,0.234,1,0,0,0,0,0,0,0,0,0,0
2026-07-22,2021039175,広島,巨人,False,髙 太一,1950429,p1950429,9,投,False,守備,,0,0,0,0,0,0,0,0,0,0,0
2026-07-22,2021039175,広島,巨人,False,遠藤 淳志,1700072,p1700072,9,投,False,守備,,0,0,0,0,0,0,0,0,0,0,0
2026-07-22,2021039175,広島,巨人,False,佐藤 啓介,2112143,p2112143,9,打,False,代打,0.229,1,0,0,0,1,0,0,0,0,0,0
2026-07-22,2021039175,広島,巨人,False,ハーン,1960397,p1960397,9,投,False,守備,,0,0,0,0,0,0,0,0,0,0,0
2026-07-22,2021039175,広島,巨人,False,二俣 翔一,2000066,p2000066,9,左,False,守備,0.224,0,0,0,0,0,0,0,0,0,0,0
2026-07-22,2021039175,巨人,広島,True,浦田 俊輔,1951153,p1951153,1,二,True,,0.285,3,1,1,0,0,1,0,0,1,0,0
2026-07-22,2021039175,巨人,広島,True,佐々木 俊輔,2106178,p2106178,2,左,True,,0.251,2,0,0,0,0,2,0,0,0,0,0
2026-07-22,2021039175,巨人,広島,True,泉口 友汰,1750321,p1750321,3,遊,True,,0.242,3,0,0,1,1,0,0,0,0,0,0
2026-07-22,2021039175,巨人,広島,True,ダルベック,1561820,p1561820,4,一,True,,0.263,4,0,1,0,2,0,0,0,0,0,0
2026-07-22,2021039175,巨人,広島,True,平内 龍太,2000005,p2000005,4,投,False,守備,,0,0,0,0,0,0,0,0,0,0,0
2026-07-22,2021039175,巨人,広島,True,大城 卓三,1700044,p1700044,5,捕,True,,0.283,2,0,0,0,2,1,0,0,0,0,0
2026-07-22,2021039175,巨人,広島,True,山瀬 慎之助,1900020,p1900020,5,打捕,False,代打,0.267,1,0,0,0,1,0,0,0,0,0,0
2026-07-22,2021039175,巨人,広島,True,笹原 操希,2100225,p2100225,6,右,True,,0.275,3,0,0,0,1,1,0,0,0,0,0
2026-07-22,2021039175,巨人,広島,True,キャベッジ,2118420,p2118420,7,中,True,,0.243,4,0,0,0,1,0,0,0,0,0,0
2026-07-22,2021039175,巨人,広島,True,石塚 裕惺,2116069,p2116069,8,三,True,,0.067,4,0,0,0,1,0,0,0,0,0,0
2026-07-22,2021039175,巨人,広島,True,西舘 勇陽,1850035,p1850035,9,投,True,,0.125,1,0,1,0,0,0,0,0,0,0,0
2026-07-22,2021039175,巨人,広島,True,知念 大成,2103888,p2103888,9,打,False,代打,0.286,1,0,0,0,0,0,0,0,0,0,0
2026-07-22,2021039175,巨人,広島,True,森田 駿哉,1450977,p1450977,9,投,False,守備,0.0,0,0,0,0,0,0,0,0,0,0,0
2026-07-22,2021039175,巨人,広島,True,赤星 優志,2103689,p2103689,9,投,False,守備,0.0,0,0,0,0,0,0,0,0,0,0,0
2026-07-22,2021039175,巨人,広島,True,丸 佳浩,800043,p800043,9,打,False,代打,0.149,1,0,0,0,1,0,0,0,0,0,0
2026-07-22,2021039175,巨人,広島,True,ルシアーノ,1960444,p1960444,9,投,False,守備,,0,0,0,0,0,0,0,0,0,0,0
2026-07-22,2021039175,巨人,広島,True,小濱 佑斗,2110991,p2110991,9,一,False,守備,0.233,0,0,0,0,0,0,0,0,0,0,0
2026-07-22,2021039176,中日,ヤクルト,False,福永 裕基,2103780,p2103780,1,二,True,,0.257,3,1,1,0,0,2,0,0,0,0,0
2026-07-22,2021039176,中日,ヤクルト,False,村松 開人,1750223,p1750223,2,遊,True,,0.246,4,1,1,0,0,0,0,0,0,0,0
2026-07-22,2021039176,中日,ヤクルト,False,阿部 寿樹,1500078,p1500078,2,打,False,代打,0.281,1,0,0,0,1,0,0,0,0,0,0
2026-07-22,2021039176,中日,ヤクルト,False,細川 成也,1600085,p1600085,3,左,True,,0.224,4,1,1,2,1,0,0,0,0,0,1
2026-07-22,2021039176,中日,ヤクルト,False,サノー,1561854,p1561854,4,一,True,,0.235,4,1,3,2,1,0,0,0,0,0,1
2026-07-22,2021039176,中日,ヤクルト,False,石川 昂弥,1900037,p1900037,5,三,True,,0.28,4,0,1,0,1,0,0,0,0,0,0
2026-07-22,2021039176,中日,ヤクルト,False,板山 祐太郎,1500091,p1500091,6,中右,True,,0.246,2,1,0,0,0,2,0,0,0,0,0
2026-07-22,2021039176,中日,ヤクルト,False,ボスラー,1961300,p1961300,7,右,True,,0.188,3,0,0,0,0,0,0,0,0,0,0
2026-07-22,2021039176,中日,ヤクルト,False,齋藤 綱記,1400199,p1400199,7,投,False,守備,,0,0,0,0,0,0,0,0,0,0,0
2026-07-22,2021039176,中日,ヤクルト,False,草加 勝,1851138,p1851138,7,投,False,守備,,0,0,0,0,0,0,0,0,0,0,0
2026-07-22,2021039176,中日,ヤクルト,False,石橋 康太,1800062,p1800062,7,打,False,代打,0.0,1,0,0,0,1,0,0,0,0,0,0
2026-07-22,2021039176,中日,ヤクルト,False,石伊 雄太,2105102,p2105102,8,捕,True,,0.248,4,0,0,0,2,0,0,0,0,0,0
2026-07-22,2021039176,中日,ヤクルト,False,中西 聖輝,1951008,p1951008,9,投,True,,0.083,1,0,0,0,1,0,0,0,0,0,0
2026-07-22,2021039176,中日,ヤクルト,False,三浦 瑞樹,1650489,p1650489,9,投,False,守備,,0,0,0,0,0,0,0,0,0,0,0
2026-07-22,2021039176,中日,ヤクルト,False,辻本 倫太郎,2105174,p2105174,9,打,False,代打,0.188,1,0,0,0,0,0,0,0,0,0,0
2026-07-22,2021039176,中日,ヤクルト,False,藤嶋 健人,1600110,p1600110,9,投,False,守備,,0,0,0,0,0,0,0,0,0,0,0
2026-07-22,2021039176,中日,ヤクルト,False,岡林 勇希,1900041,p1900041,9,中,False,守備,0.243,2,0,1,1,0,0,0,0,0,0,0
2026-07-22,2021039176,ヤクルト,中日,True,長岡 秀樹,1900028,p1900028,1,遊,True,,0.254,4,2,2,3,0,0,0,0,0,0,1
2026-07-22,2021039176,ヤクルト,中日,True,丸山 和郁,1650522,p1650522,2,右,True,,0.344,3,1,2,0,1,1,0,0,0,0,0
2026-07-22,2021039176,ヤクルト,中日,True,赤羽 由紘,2000031,p2000031,3,一,True,,0.221,4,1,2,3,1,0,0,0,0,0,1
2026-07-22,2021039176,ヤクルト,中日,True,サンタナ,2000135,p2000135,4,左,True,,0.255,3,0,0,0,0,1,0,0,0,0,0
2026-07-22,2021039176,ヤクルト,中日,True,モンテル,2107178,p2107178,4,中,False,守備,0.327,0,0,0,0,0,0,0,0,0,0,0
2026-07-22,2021039176,ヤクルト,中日,True,岩田 幸宏,2103917,p2103917,5,中左,True,,0.244,4,0,0,0,1,0,0,0,0,0,0
2026-07-22,2021039176,ヤクルト,中日,True,武岡 龍世,1900029,p1900029,6,三,True,,0.232,4,1,2,0,1,0,0,0,0,0,0
2026-07-22,2021039176,ヤクルト,中日,True,中村 悠平,900044,p900044,7,捕,True,,0.19,2,1,1,0,1,0,0,0,0,0,0
2026-07-22,2021039176,ヤクルト,中日,True,古賀 優大,1600078,p1600078,7,打捕,False,代打,0.266,2,0,0,0,0,0,0,0,0,0,0
2026-07-22,2021039176,ヤクルト,中日,True,内山 壮真,2000026,p2000026,8,二,True,,0.222,4,2,3,2,0,0,0,0,0,0,1
2026-07-22,2021039176,ヤクルト,中日,True,奥川 恭伸,1900024,p1900024,9,投,True,,0.037,2,0,0,0,2,0,0,0,0,0,0
2026-07-22,2021039176,ヤクルト,中日,True,宮本 丈,1700089,p1700089,9,打,False,代打,0.3,1,0,0,0,1,0,0,0,0,0,0
2026-07-22,2021039176,ヤクルト,中日,True,丸山 翔大,2000033,p2000033,9,投,False,守備,,0,0,0,0,0,0,0,0,0,0,0
2026-07-22,2021039176,ヤクルト,中日,True,清水 昇,1800033,p1800033,9,投,False,守備,,0,0,0,0,0,0,0,0,0,0,0
2026-07-22,2021039176,ヤクルト,中日,True,増田 珠,1700131,p1700131,9,打,False,代打,0.284,1,0,0,0,0,0,0,0,0,0,0
2026-07-22,2021039176,ヤクルト,中日,True,キハダ,1961046,p1961046,9,投,False,守備,,0,0,0,0,0,0,0,0,0,0,0
2026-07-22,2021039177,DeNA,阪神,False,勝又 温史,1800046,p1800046,1,左,True,,0.319,5,1,1,1,0,0,0,0,1,0,0
2026-07-22,2021039177,DeNA,阪神,False,牧 秀悟,2000035,p2000035,2,二,True,,0.294,4,1,2,2,1,0,0,0,0,0,1
2026-07-22,2021039177,DeNA,阪神,False,佐野 恵太,1600089,p1600089,3,一,True,,0.269,4,0,2,0,1,0,0,0,0,0,0
2026-07-22,2021039177,DeNA,阪神,False,エンカーナシオン,2108195,p2108195,4,右,True,,0.364,4,0,1,1,1,0,0,0,0,0,0
2026-07-22,2021039177,DeNA,阪神,False,宮﨑 敏郎,1200053,p1200053,5,三,True,,0.265,4,0,1,0,1,0,0,0,0,0,0
2026-07-22,2021039177,DeNA,阪神,False,松尾 汐恩,2100277,p2100277,6,捕,True,,0.254,4,0,1,0,1,0,0,0,0,0,0
2026-07-22,2021039177,DeNA,阪神,False,蝦名 達夫,1900035,p1900035,7,中,True,,0.241,4,1,1,0,1,0,0,0,0,0,0
2026-07-22,2021039177,DeNA,阪神,False,宮下 朝陽,2100014,p2100014,8,遊,True,,0.231,4,1,0,0,0,0,0,0,0,1,0
2026-07-22,2021039177,DeNA,阪神,False,藤浪 晋太郎,1200062,p1200062,9,投,True,,0.5,2,0,1,0,1,0,0,0,0,0,0
2026-07-22,2021039177,DeNA,阪神,False,岩田 将貴,2000059,p2000059,9,投,False,守備,,0,0,0,0,0,0,0,0,0,0,0
2026-07-22,2021039177,DeNA,阪神,False,松本 凌人,2108557,p2108557,9,投,False,守備,,0,0,0,0,0,0,0,0,0,0,0
2026-07-22,2021039177,DeNA,阪神,False,林 琢真,1850208,p1850208,9,打,False,代打,0.233,0,0,0,0,0,0,0,1,0,0,0
2026-07-22,2021039177,DeNA,阪神,False,浜地 真澄,1600116,p1600116,9,投,False,守備,,0,0,0,0,0,0,0,0,0,0,0
2026-07-22,2021039177,DeNA,阪神,False,マルセリーノ,2105891,p2105891,9,投,False,守備,,0,0,0,0,0,0,0,0,0,0,0
2026-07-22,2021039177,DeNA,阪神,False,度会 隆輝,1850873,p1850873,9,打,False,代打,0.278,1,0,0,0,0,0,0,0,0,0,0
2026-07-22,2021039177,阪神,DeNA,True,近本 光司,1800065,p1800065,1,中,True,,0.25,4,2,3,1,0,1,0,0,0,0,0
2026-07-22,2021039177,阪神,DeNA,True,中野 拓夢,2000056,p2000056,2,二,True,,0.298,4,1,1,0,1,0,0,1,0,1,0
2026-07-22,2021039177,阪神,DeNA,True,森下 翔太,1850183,p1850183,3,右,True,,0.289,3,0,0,1,1,1,0,0,0,1,0
2026-07-22,2021039177,阪神,DeNA,True,佐藤 輝明,2000051,p2000051,4,三,True,,0.324,5,0,0,0,3,0,0,0,0,0,0
2026-07-22,2021039177,阪神,DeNA,True,大山 悠輔,1600113,p1600113,5,一,True,,0.275,3,1,1,2,1,0,1,0,0,0,0
2026-07-22,2021039177,阪神,DeNA,True,元山 飛優,2000027,p2000027,6,遊,True,,0.25,2,0,0,0,1,2,0,0,0,0,0
2026-07-22,2021039177,阪神,DeNA,True,髙寺 望夢,2000057,p2000057,7,左,True,,0.234,4,0,2,0,0,0,0,0,0,0,0
2026-07-22,2021039177,阪神,DeNA,True,伏見 寅威,1200100,p1200100,8,捕,True,,0.205,3,0,3,1,0,0,0,0,0,0,0
2026-07-22,2021039177,阪神,DeNA,True,福島 圭音,2110225,p2110225,8,走,False,代走,0.233,0,1,0,0,0,0,0,0,0,0,0
2026-07-22,2021039177,阪神,DeNA,True,工藤 泰成,2112146,p2112146,8,投,False,守備,,0,0,0,0,0,0,0,0,0,0,0
2026-07-22,2021039177,阪神,DeNA,True,立石 正広,2103242,p2103242,8,打,False,代打,0.208,1,0,0,0,0,0,0,0,0,0,0
2026-07-22,2021039177,阪神,DeNA,True,岩崎 優,1300075,p1300075,8,投,False,守備,,0,0,0,0,0,0,0,0,0,0,0
2026-07-22,2021039177,阪神,DeNA,True,ドリス,1600033,p1600033,8,投,False,守備,,0,0,0,0,0,0,0,0,0,0,0
2026-07-22,2021039177,阪神,DeNA,True,髙橋 遥人,1700078,p1700078,9,投,True,,0.121,1,0,0,0,0,0,0,1,0,0,0
2026-07-22,2021039177,阪神,DeNA,True,坂本 誠志郎,1500087,p1500087,9,打捕,False,代打,0.197,1,0,0,0,1,0,0,1,0,0,0
2026-07-22,2021039178,日本ハム,西武,False,細川 凌平,2000082,p2000082,1,二中左,True,,0.278,4,1,2,0,2,1,0,0,0,0,0
2026-07-22,2021039178,日本ハム,西武,False,水野 達稀,1851204,p1851204,2,遊,True,,0.294,5,1,2,1,1,0,0,0,0,0,0
2026-07-22,2021039178,日本ハム,西武,False,レイエス,1860140,p1860140,3,指,True,,0.324,5,0,2,1,0,0,0,0,0,0,0
2026-07-22,2021039178,日本ハム,西武,False,万波 中正,1800093,p1800093,4,右,True,,0.267,4,0,0,1,1,1,0,0,0,0,0
2026-07-22,2021039178,日本ハム,西武,False,郡司 裕也,1900040,p1900040,5,左一,True,,0.239,3,0,0,0,2,1,1,0,0,0,0
2026-07-22,2021039178,日本ハム,西武,False,吉田 賢吾,2107900,p2107900,6,中,True,,0.272,3,0,0,0,1,0,0,0,0,0,0
2026-07-22,2021039178,日本ハム,西武,False,山縣 秀,2114529,p2114529,6,二,False,守備,0.196,2,0,0,0,1,0,0,0,0,0,0
2026-07-22,2021039178,日本ハム,西武,False,清宮 幸太郎,1700025,p1700025,7,一,True,,0.239,2,0,0,0,0,2,0,0,0,0,0
2026-07-22,2021039178,日本ハム,西武,False,五十幡 亮汰,2000080,p2000080,7,走中,False,代走,0.197,0,0,0,0,0,0,0,0,0,0,0
2026-07-22,2021039178,日本ハム,西武,False,田宮 裕涼,1800095,p1800095,8,捕,True,,0.279,4,1,0,0,0,0,0,0,1,0,0
2026-07-22,2021039178,日本ハム,西武,False,有薗 直輝,2103603,p2103603,9,三,True,,0.0,4,0,0,0,1,0,0,0,0,0,0
2026-07-22,2021039178,西武,日本ハム,True,西川 愛也,1700122,p1700122,1,中,True,,0.226,4,0,0,0,2,0,1,0,0,0,0
2026-07-22,2021039178,西武,日本ハム,True,カナリオ,2117028,p2117028,2,右,True,,0.252,3,0,0,1,1,1,0,0,0,0,0
2026-07-22,2021039178,西武,日本ハム,True,小島 大河,2050145,p2050145,3,捕,True,,0.247,3,0,1,0,0,0,0,0,0,0,0
2026-07-22,2021039178,西武,日本ハム,True,仲田 慶介,1750481,p1750481,3,走,False,代走,0.083,0,0,0,0,0,0,0,0,0,0,0
2026-07-22,2021039178,西武,日本ハム,True,古賀 悠斗,1750472,p1750472,3,捕,False,守備,0.283,2,0,0,0,0,0,0,0,0,0,0
2026-07-22,2021039178,西武,日本ハム,True,ネビン,2101047,p2101047,4,一,True,,0.271,5,2,2,1,1,0,0,0,0,0,1
2026-07-22,2021039178,西武,日本ハム,True,外崎 修汰,1400184,p1400184,5,指,True,,0.167,4,0,0,0,2,0,0,0,0,0,0
2026-07-22,2021039178,西武,日本ハム,True,石井 一成,1600134,p1600134,6,二,True,,0.25,4,0,2,0,0,0,0,0,0,0,0
2026-07-22,2021039178,西武,日本ハム,True,渡部 聖弥,1950417,p1950417,7,三,True,,0.267,4,0,1,1,1,0,0,0,0,0,0
2026-07-22,2021039178,西武,日本ハム,True,源田 壮亮,1600129,p1600129,8,遊,True,,0.207,2,1,1,0,1,2,0,0,0,0,0
2026-07-22,2021039178,西武,日本ハム,True,蛭間 拓哉,1850820,p1850820,9,左,True,,0.313,2,1,2,1,0,0,0,1,0,0,0
2026-07-22,2021039178,西武,日本ハム,True,岸 潤一郎,1900068,p1900068,9,左,False,守備,0.21,1,0,0,0,0,0,0,0,0,0,0
2026-07-22,2021039179,楽天,ロッテ,False,繁永 晟,2100271,p2100271,1,三,True,,0.174,4,1,0,0,0,0,0,0,0,1,0
2026-07-22,2021039179,楽天,ロッテ,False,YG安田,2103740,p2103740,2,指,True,,0.25,4,0,3,0,0,0,0,0,0,0,0
2026-07-22,2021039179,楽天,ロッテ,False,辰己 涼介,1800117,p1800117,3,中,True,,0.288,4,0,1,0,0,0,0,0,0,0,0
2026-07-22,2021039179,楽天,ロッテ,False,中島 大輔,1950278,p1950278,3,左,False,守備,0.241,0,0,0,0,0,0,0,0,0,0,0
2026-07-22,2021039179,楽天,ロッテ,False,マッカスカー,2122300,p2122300,4,左,True,,0.271,4,0,1,1,1,0,0,0,0,0,0
2026-07-22,2021039179,楽天,ロッテ,False,武藤 敦貴,1900115,p1900115,4,中,False,守備,0.19,0,0,0,0,0,0,0,0,0,0,0
2026-07-22,2021039179,楽天,ロッテ,False,村林 一輝,1600007,p1600007,5,二,True,,0.286,4,1,1,0,0,0,0,0,0,0,0
2026-07-22,2021039179,楽天,ロッテ,False,浅村 栄斗,900056,p900056,6,一,True,,0.215,2,0,1,0,0,0,1,0,0,0,0
2026-07-22,2021039179,楽天,ロッテ,False,鈴木 大地,1100103,p1100103,6,一,False,守備,0.163,1,0,0,0,0,0,0,0,0,0,0
2026-07-22,2021039179,楽天,ロッテ,False,平良 竜哉,2105283,p2105283,7,右,True,,0.25,4,0,0,0,3,0,0,0,0,0,0
2026-07-22,2021039179,楽天,ロッテ,False,太田 光,1800118,p1800118,8,捕,True,,0.228,3,0,1,0,1,0,0,0,0,0,0
2026-07-22,2021039179,楽天,ロッテ,False,小深田 大翔,1900112,p1900112,8,打,False,代打,0.196,1,0,0,0,1,0,0,0,0,0,0
2026-07-22,2021039179,楽天,ロッテ,False,宗山 塁,1851157,p1851157,9,遊,True,,0.174,3,0,1,0,0,0,0,0,0,0,0
2026-07-22,2021039179,ロッテ,楽天,True,藤原 恭大,1800050,p1800050,1,中,True,,0.289,4,2,3,1,0,0,0,0,0,0,0
2026-07-22,2021039179,ロッテ,楽天,True,愛斗,1500102,p1500102,1,中,False,守備,0.215,1,0,0,0,0,0,0,0,0,0,0
2026-07-22,2021039179,ロッテ,楽天,True,山口 航輝,1800053,p1800053,2,指,True,,0.29,3,2,1,1,1,1,0,0,0,0,1
2026-07-22,2021039179,ロッテ,楽天,True,石川 慎吾,1100096,p1100096,2,打指,False,代打,0.12,1,0,0,0,0,0,0,0,0,0,0
2026-07-22,2021039179,ロッテ,楽天,True,ソト,1700020,p1700020,3,一,True,,0.246,4,1,1,3,2,0,0,0,0,0,1
2026-07-22,2021039179,ロッテ,楽天,True,池田 来翔,2103693,p2103693,3,一,False,守備,0.254,1,0,0,0,0,0,0,0,0,0,0
2026-07-22,2021039179,ロッテ,楽天,True,安田 尚憲,1700092,p1700092,4,三,True,,0.271,4,0,2,1,1,1,0,0,0,0,0
2026-07-22,2021039179,ロッテ,楽天,True,佐藤 都志也,1900081,p1900081,5,捕,True,,0.243,4,1,1,2,0,0,0,0,0,0,1
2026-07-22,2021039179,ロッテ,楽天,True,小川 龍成,2000089,p2000089,6,二,True,,0.263,4,0,1,0,0,0,0,0,0,0,0
2026-07-22,2021039179,ロッテ,楽天,True,井上 広大,1900045,p1900045,7,左,True,,0.15,4,1,1,0,1,0,0,0,0,0,0
2026-07-22,2021039179,ロッテ,楽天,True,山本 大斗,2000094,p2000094,8,右,True,,0.197,3,2,2,1,0,1,0,0,0,0,0
2026-07-22,2021039179,ロッテ,楽天,True,山﨑 剛,1700034,p1700034,9,遊,True,,0.281,3,1,1,0,1,0,0,0,0,0,0
2026-07-22,2021039179,ロッテ,楽天,True,石垣 勝海,1600108,p1600108,9,遊,False,守備,0.25,1,0,1,1,0,0,0,0,0,0,0
2026-07-22,2021039180,オリックス,ソフトバンク,False,渡部 遼人,2103747,p2103747,1,中,True,,0.247,5,0,1,0,1,0,0,0,0,0,0
2026-07-22,2021039180,オリックス,ソフトバンク,False,山中 稜真,1750667,p1750667,2,一,True,,0.312,5,0,1,0,2,0,0,0,0,0,0
2026-07-22,2021039180,オリックス,ソフトバンク,False,西川 龍馬,1500096,p1500096,3,指,True,,0.288,5,1,2,0,1,0,0,0,0,0,0
2026-07-22,2021039180,オリックス,ソフトバンク,False,太田 椋,1800098,p1800098,4,二,True,,0.277,3,0,1,1,0,1,0,0,0,0,0
2026-07-22,2021039180,オリックス,ソフトバンク,False,宗 佑磨,1400196,p1400196,5,三,True,,0.232,2,0,0,0,0,0,0,0,0,0,0
2026-07-22,2021039180,オリックス,ソフトバンク,False,平沼 翔太,1500112,p1500112,5,三,False,守備,0.242,2,1,1,0,0,0,0,0,0,0,0
2026-07-22,2021039180,オリックス,ソフトバンク,False,中川 圭太,1800104,p1800104,6,左,True,,0.266,2,0,0,0,0,2,0,0,0,0,0
2026-07-22,2021039180,オリックス,ソフトバンク,False,来田 涼斗,2000098,p2000098,7,右,True,,0.285,3,0,1,1,0,0,1,0,0,0,0
2026-07-22,2021039180,オリックス,ソフトバンク,False,若月 健矢,1300109,p1300109,8,捕,True,,0.218,2,0,1,0,0,0,0,0,0,0,0
2026-07-22,2021039180,オリックス,ソフトバンク,False,福永 奨,1650056,p1650056,8,捕,False,守備,0.158,2,0,0,0,1,0,0,0,0,0,0
2026-07-22,2021039180,オリックス,ソフトバンク,False,紅林 弘太郎,1900088,p1900088,9,遊,True,,0.248,2,0,1,0,1,0,0,0,0,0,0
2026-07-22,2021039180,オリックス,ソフトバンク,False,野口 智哉,1751068,p1751068,9,走遊,False,代走,0.204,2,0,0,0,2,0,0,0,0,0,0
2026-07-22,2021039180,ソフトバンク,オリックス,True,正木 智也,2103735,p2103735,1,一,True,,0.291,6,2,2,2,0,0,0,0,0,0,1
2026-07-22,2021039180,ソフトバンク,オリックス,True,周東 佑京,1700135,p1700135,2,中,True,,0.284,4,3,2,0,0,1,0,0,0,0,0
2026-07-22,2021039180,ソフトバンク,オリックス,True,川村 友斗,1650813,p1650813,2,中,False,守備,0.053,1,0,0,0,0,0,0,0,0,0,0
2026-07-22,2021039180,ソフトバンク,オリックス,True,近藤 健介,1100097,p1100097,3,指,True,,0.303,4,4,4,4,0,0,0,0,0,0,1
2026-07-22,2021039180,ソフトバンク,オリックス,True,今宮 健太,1000035,p1000035,3,打指,False,代打,0.198,1,1,0,0,0,1,0,0,0,0,0
2026-07-22,2021039180,ソフトバンク,オリックス,True,栗原 陵矢,1400127,p1400127,4,三,True,,0.267,6,4,5,5,0,0,0,0,0,0,2
2026-07-22,2021039180,ソフトバンク,オリックス,True,庄子 雄大,1950149,p1950149,4,遊,False,守備,0.228,0,0,0,0,0,0,0,0,0,0,0
2026-07-22,2021039180,ソフトバンク,オリックス,True,柳田 悠岐,1000128,p1000128,5,左,True,,0.265,3,0,3,3,0,0,0,0,0,0,0
2026-07-22,2021039180,ソフトバンク,オリックス,True,柳町 達,1900104,p1900104,5,左,False,守備,0.233,3,1,1,1,1,0,0,0,0,0,0
2026-07-22,2021039180,ソフトバンク,オリックス,True,山本 祐大,1700066,p1700066,6,捕,True,,0.34,4,0,1,2,1,0,1,0,0,0,0
2026-07-22,2021039180,ソフトバンク,オリックス,True,海野 隆司,1900101,p1900101,6,捕,False,守備,0.203,1,1,1,0,0,0,0,0,0,0,0
2026-07-22,2021039180,ソフトバンク,オリックス,True,山本 恵大,2103876,p2103876,7,右,True,,0.283,5,2,2,3,1,1,0,0,0,0,1
2026-07-22,2021039180,ソフトバンク,オリックス,True,野村 勇,2104035,p2104035,8,遊三,True,,0.234,4,2,3,1,0,2,0,0,0,1,0
2026-07-22,2021039180,ソフトバンク,オリックス,True,川瀬 晃,1500143,p1500143,9,二,True,,0.23,6,2,2,1,0,0,0,0,0,0,0
2026-07-24,2021039184,広島,ヤクルト,False,名原 典彦,1850405,p1850405,,右,,,0.267,5,2,3,0,0,0,1,0,0,0,0
2026-07-24,2021039184,広島,ヤクルト,False,菊池 涼介,1100082,p1100082,,二,,,0.238,4,0,0,0,2,0,0,2,0,0,0
2026-07-24,2021039184,広島,ヤクルト,False,ファビアン,2114882,p2114882,,左,,,0.218,4,0,1,1,0,1,0,0,0,0,0
2026-07-24,2021039184,広島,ヤクルト,False,坂倉 将吾,1600124,p1600124,,三一,,,0.255,6,0,2,2,2,0,0,0,0,0,0
2026-07-24,2021039184,広島,ヤクルト,False,小園 海斗,1800072,p1800072,,遊三,,,0.242,6,0,1,0,0,0,0,0,0,0,0
2026-07-24,2021039184,広島,ヤクルト,False,モンテロ,1961927,p1961927,,一,,,0.259,2,0,1,0,0,2,0,0,0,0,0
2026-07-24,2021039184,広島,ヤクルト,False,辰見 鴻之介,2107887,p2107887,,走,,,0.125,0,0,0,0,0,0,0,0,1,0,0
2026-07-24,2021039184,広島,ヤクルト,False,遠藤 淳志,1700072,p1700072,,投,,,,0,0,0,0,0,0,0,0,0,1,0
2026-07-24,2021039184,広島,ヤクルト,False,森浦 大輔,2000061,p2000061,,投,,,,0,0,0,0,0,0,0,0,0,0,0
2026-07-24,2021039184,広島,ヤクルト,False,佐藤 啓介,2112143,p2112143,,打,,,0.224,1,0,0,0,0,0,0,0,0,0,0
2026-07-24,2021039184,広島,ヤクルト,False,辻 大雅,2106037,p2106037,,投,,,,0,0,0,0,0,0,0,0,0,0,0
2026-07-24,2021039184,広島,ヤクルト,False,二俣 翔一,2000066,p2000066,,遊,,,0.224,0,0,0,0,0,0,0,0,0,0,0
2026-07-24,2021039184,広島,ヤクルト,False,大盛 穂,1800079,p1800079,,中,,,0.227,3,0,0,0,1,2,0,0,0,0,0
2026-07-24,2021039184,広島,ヤクルト,False,石原 貴規,1900056,p1900056,,捕,,,0.214,4,0,0,0,1,0,0,1,0,0,0
2026-07-24,2021039184,広島,ヤクルト,False,アドゥワ 誠,1600125,p1600125,,投,,,0.333,2,1,1,0,0,0,0,0,0,0,0
2026-07-24,2021039184,広島,ヤクルト,False,佐々木 泰,2050203,p2050203,,打,,,0.238,1,0,1,0,0,0,0,0,0,0,0
2026-07-24,2021039184,広島,ヤクルト,False,髙 太一,1950429,p1950429,,投,,,,0,0,0,0,0,0,0,0,0,0,0
2026-07-24,2021039184,広島,ヤクルト,False,ハーン,1960397,p1960397,,投,,,,0,0,0,0,0,0,0,0,0,0,0
2026-07-24,2021039184,広島,ヤクルト,False,勝田 成,2110422,p2110422,,遊,,,0.171,1,0,0,0,1,0,0,0,0,0,0
2026-07-24,2021039184,広島,ヤクルト,False,秋山 翔吾,1000150,p1000150,,打,,,0.272,1,0,0,0,0,0,0,0,0,0,0
2026-07-24,2021039184,広島,ヤクルト,False,鈴木 健矢,1900073,p1900073,,投,,,0.333,0,0,0,0,0,0,0,0,0,0,0
2026-07-24,2021039184,広島,ヤクルト,False,菊地 ハルン,2117693,p2117693,,投,,,,0,0,0,0,0,0,0,0,0,0,0
2026-07-24,2021039184,ヤクルト,広島,True,長岡 秀樹,1900028,p1900028,,遊,,,0.255,6,1,2,1,1,0,0,0,0,0,1
2026-07-24,2021039184,ヤクルト,広島,True,丸山 和郁,1650522,p1650522,,中,,,0.34,4,0,1,0,1,1,0,0,0,0,0
2026-07-24,2021039184,ヤクルト,広島,True,キハダ,1961046,p1961046,,投,,,,0,0,0,0,0,0,0,0,0,0,0
2026-07-24,2021039184,ヤクルト,広島,True,清水 昇,1800033,p1800033,,投,,,,0,0,0,0,0,0,0,0,0,0,0
2026-07-24,2021039184,ヤクルト,広島,True,丸山 翔大,2000033,p2000033,,投,,,,0,0,0,0,0,0,0,0,0,0,0
2026-07-24,2021039184,ヤクルト,広島,True,宮本 丈,1700089,p1700089,,打,,,0.333,1,0,1,0,0,0,0,0,0,0,0
2026-07-24,2021039184,ヤクルト,広島,True,石井 巧,1850772,p1850772,,走,,,0.156,0,0,0,0,0,0,0,0,0,0,0
2026-07-24,2021039184,ヤクルト,広島,True,廣澤 優,2105626,p2105626,,投,,,,0,0,0,0,0,0,0,0,0,0,0
2026-07-24,2021039184,ヤクルト,広島,True,赤羽 由紘,2000031,p2000031,,一,,,0.231,6,1,3,0,1,0,0,0,0,0,0
2026-07-24,2021039184,ヤクルト,広島,True,サンタナ,2000135,p2000135,,左,,,0.255,4,0,1,1,2,0,0,0,0,0,0
2026-07-24,2021039184,ヤクルト,広島,True,岩田 幸宏,2103917,p2103917,,走左,,,0.242,2,0,0,0,1,0,0,0,0,0,0
2026-07-24,2021039184,ヤクルト,広島,True,増田 珠,1700131,p1700131,,右,,,0.281,6,0,1,0,2,0,0,0,0,0,0
2026-07-24,2021039184,ヤクルト,広島,True,武岡 龍世,1900029,p1900029,,三,,,0.238,4,0,2,0,2,2,0,0,0,0,0
2026-07-24,2021039184,ヤクルト,広島,True,山野辺 翔,1800082,p1800082,,走,,,0.222,0,1,0,0,0,0,0,0,0,0,0
2026-07-24,2021039184,ヤクルト,広島,True,内山 壮真,2000026,p2000026,,二,,,0.222,5,1,1,2,0,1,0,0,0,0,1
2026-07-24,2021039184,ヤクルト,広島,True,古賀 優大,1600078,p1600078,,捕,,,0.269,5,1,2,1,1,0,0,0,0,0,1
2026-07-24,2021039184,ヤクルト,広島,True,高橋 奎二,1500042,p1500042,,投,,,0.0,2,0,0,0,0,0,0,0,0,0,0
2026-07-24,2021039184,ヤクルト,広島,True,塩見 泰隆,1700087,p1700087,,打,,,0.172,1,0,0,0,0,0,0,0,0,0,0
2026-07-24,2021039184,ヤクルト,広島,True,阪口 皓亮,1700060,p1700060,,投,,,,0,0,0,0,0,0,0,0,0,0,0
2026-07-24,2021039184,ヤクルト,広島,True,リランソ,2122334,p2122334,,投,,,,0,0,0,0,0,0,0,0,0,0,0
2026-07-24,2021039184,ヤクルト,広島,True,松本 直樹,1700090,p1700090,,打,,,0.5,1,0,1,0,0,0,0,0,0,0,0
2026-07-24,2021039184,ヤクルト,広島,True,モンテル,2107178,p2107178,,走中,,,0.339,1,0,1,0,0,0,0,0,0,0,0
2026-07-24,2021039185,DeNA,中日,False,勝又 温史,1800046,p1800046,,左,,,0.324,5,0,3,0,2,0,0,0,0,0,0
2026-07-24,2021039185,DeNA,中日,False,神里 和毅,1700059,p1700059,,左,,,0.133,0,0,0,0,0,0,0,0,0,0,0
2026-07-24,2021039185,DeNA,中日,False,牧 秀悟,2000035,p2000035,,二,,,0.292,5,0,1,0,0,0,0,0,0,0,0
2026-07-24,2021039185,DeNA,中日,False,佐野 恵太,1600089,p1600089,,一,,,0.265,4,0,0,0,0,1,0,0,0,0,0
2026-07-24,2021039185,DeNA,中日,False,エンカーナシオン,2108195,p2108195,,右,,,0.352,5,1,1,1,1,0,0,0,0,0,1
2026-07-24,2021039185,DeNA,中日,False,宮﨑 敏郎,1200053,p1200053,,三,,,0.266,3,0,1,0,0,0,1,0,0,0,0
2026-07-24,2021039185,DeNA,中日,False,三森 大貴,1600167,p1600167,,走,,,0.257,0,0,0,0,0,0,0,0,1,0,0
2026-07-24,2021039185,DeNA,中日,False,レイノルズ,2117433,p2117433,,投,,,,0,0,0,0,0,0,0,0,0,0,0
2026-07-24,2021039185,DeNA,中日,False,柴田 竜拓,1500063,p1500063,,三,,,0.1,0,0,0,0,0,0,0,0,0,0,0
2026-07-24,2021039185,DeNA,中日,False,蝦名 達夫,1900035,p1900035,,中,,,0.241,4,1,1,0,2,0,0,0,0,0,0
2026-07-24,2021039185,DeNA,中日,False,宮下 朝陽,2100014,p2100014,,遊,,,0.241,4,0,2,0,1,0,0,0,0,0,0
2026-07-24,2021039185,DeNA,中日,False,松尾 汐恩,2100277,p2100277,,捕,,,0.25,3,0,0,1,0,0,0,0,0,0,0
2026-07-24,2021039185,DeNA,中日,False,東 克樹,1700058,p1700058,,投,,,0.057,2,0,0,0,1,0,0,0,0,0,0
2026-07-24,2021039185,DeNA,中日,False,梶原 昂希,2103703,p2103703,,打,,,0.206,1,0,0,0,1,0,0,0,0,0,0
2026-07-24,2021039185,DeNA,中日,False,宮城 滝太,1800049,p1800049,,投,,,,0,0,0,0,0,0,0,0,0,0,0
2026-07-24,2021039185,DeNA,中日,False,林 琢真,1850208,p1850208,,三,,,0.233,0,0,0,0,0,1,0,0,0,0,0
2026-07-24,2021039185,DeNA,中日,False,伊勢 大夢,1900032,p1900032,,投,,,,0,0,0,0,0,0,0,0,0,0,0
2026-07-24,2021039185,中日,DeNA,True,岡林 勇希,1900041,p1900041,,中,,,0.244,3,0,1,0,0,2,0,0,0,0,0
2026-07-24,2021039185,中日,DeNA,True,村松 開人,1750223,p1750223,,遊,,,0.246,4,0,1,1,0,0,0,1,0,1,0
2026-07-24,2021039185,中日,DeNA,True,細川 成也,1600085,p1600085,,左,,,0.224,4,1,1,1,0,0,0,0,0,0,1
2026-07-24,2021039185,中日,DeNA,True,サノー,1561854,p1561854,,一,,,0.232,2,0,0,0,0,2,0,0,0,0,0
2026-07-24,2021039185,中日,DeNA,True,土田 龍空,2000044,p2000044,,走二,,,0.158,0,0,0,0,0,0,0,0,0,0,0
2026-07-24,2021039185,中日,DeNA,True,石川 昂弥,1900037,p1900037,,三,,,0.275,3,0,0,0,0,1,0,0,0,0,0
2026-07-24,2021039185,中日,DeNA,True,福永 裕基,2103780,p2103780,,二一,,,0.257,4,0,1,0,1,0,0,0,0,0,0
2026-07-24,2021039185,中日,DeNA,True,板山 祐太郎,1500091,p1500091,,右,,,0.248,3,0,1,0,2,1,0,0,0,0,0
2026-07-24,2021039185,中日,DeNA,True,石伊 雄太,2105102,p2105102,,捕,,,0.257,4,0,3,0,1,0,0,0,0,0,0
2026-07-24,2021039185,中日,DeNA,True,樋口 正修,2103947,p2103947,,走,,,0.333,0,1,0,0,0,0,0,0,0,0,0
2026-07-24,2021039185,中日,DeNA,True,柳 裕也,1600106,p1600106,,投,,,0.074,0,0,0,0,0,0,0,1,0,0,0
2026-07-24,2021039185,中日,DeNA,True,阿部 寿樹,1500078,p1500078,,打,,,0.278,1,0,0,0,1,0,0,0,0,0,0
2026-07-24,2021039185,中日,DeNA,True,アブレウ,2060049,p2060049,,投,,,,0,0,0,0,0,0,0,0,0,0,0
2026-07-24,2021039185,中日,DeNA,True,高橋 周平,1100069,p1100069,,打,,,0.262,1,0,0,0,1,0,0,0,0,0,0
2026-07-24,2021039185,中日,DeNA,True,橋本 侑樹,1900038,p1900038,,投,,,,0,0,0,0,0,0,0,0,0,0,0
2026-07-24,2021039185,中日,DeNA,True,吉田 聖弥,2105295,p2105295,,投,,,,0,0,0,0,0,0,0,0,0,0,0
2026-07-24,2021039185,中日,DeNA,True,ボスラー,1961300,p1961300,,打,,,0.192,1,0,1,1,0,0,0,0,0,0,0
2026-07-24,2021039185,中日,DeNA,True,尾田 剛樹,2107645,p2107645,,走,,,0.125,0,1,0,0,0,0,0,0,0,0,0
2026-07-24,2021039186,巨人,阪神,False,浦田 俊輔,1951153,p1951153,,二,,,0.283,5,1,1,0,1,0,0,0,0,0,0
2026-07-24,2021039186,巨人,阪神,False,松本 剛,1100095,p1100095,,中左,,,0.266,3,0,0,0,2,0,0,1,0,0,0
2026-07-24,2021039186,巨人,阪神,False,泉口 友汰,1750321,p1750321,,遊,,,0.242,4,0,1,0,0,0,0,0,0,0,0
2026-07-24,2021039186,巨人,阪神,False,ダルベック,1561820,p1561820,,一,,,0.263,4,1,1,2,2,0,0,0,0,0,1
2026-07-24,2021039186,巨人,阪神,False,大城 卓三,1700044,p1700044,,捕,,,0.277,4,0,0,0,2,0,0,0,0,0,0
2026-07-24,2021039186,巨人,阪神,False,笹原 操希,2100225,p2100225,,右,,,0.264,2,0,0,0,2,0,0,0,0,0,0
2026-07-24,2021039186,巨人,阪神,False,キャベッジ,2118420,p2118420,,打中,,,0.245,2,1,1,0,1,0,0,0,0,0,0
2026-07-24,2021039186,巨人,阪神,False,佐々木 俊輔,2106178,p2106178,,左右,,,0.247,3,0,0,0,1,0,0,1,0,0,0
2026-07-24,2021039186,巨人,阪神,False,石塚 裕惺,2116069,p2116069,,三,,,0.118,2,0,1,0,0,1,0,0,0,0,0
2026-07-24,2021039186,巨人,阪神,False,小濱 佑斗,2110991,p2110991,,走三,,,0.258,1,1,1,2,0,0,0,0,0,0,1
2026-07-24,2021039186,巨人,阪神,False,ウィットリー,2117509,p2117509,,投,,,0.045,1,0,0,0,1,0,0,1,0,1,0
2026-07-24,2021039186,巨人,阪神,False,中川 皓太,1500052,p1500052,,投,,,,0,0,0,0,0,0,0,0,0,0,0
2026-07-24,2021039186,巨人,阪神,False,丸 佳浩,800043,p800043,,打,,,0.147,1,0,0,0,1,0,0,0,0,0,0
2026-07-24,2021039186,巨人,阪神,False,森田 駿哉,1450977,p1450977,,投,,,0.0,0,0,0,0,0,0,0,0,0,0,0
2026-07-24,2021039186,巨人,阪神,False,マルティネス,1700010,p1700010,,投,,,,0,0,0,0,0,0,0,0,0,0,0
2026-07-24,2021039186,巨人,阪神,False,坂本 勇人,700003,p700003,,打,,,0.15,1,0,0,0,0,0,0,0,0,0,0
2026-07-24,2021039186,巨人,阪神,False,田中 瑛斗,1700027,p1700027,,投,,,,0,0,0,0,0,0,0,0,0,0,0
2026-07-24,2021039186,阪神,巨人,True,近本 光司,1800065,p1800065,,中,,,0.243,4,0,0,0,1,1,0,0,0,0,0
2026-07-24,2021039186,阪神,巨人,True,中野 拓夢,2000056,p2000056,,二,,,0.298,3,0,1,0,0,2,0,0,0,0,0
2026-07-24,2021039186,阪神,巨人,True,森下 翔太,1850183,p1850183,,右,,,0.289,4,0,1,1,1,0,0,0,0,0,0
2026-07-24,2021039186,阪神,巨人,True,佐藤 輝明,2000051,p2000051,,三,,,0.323,4,0,1,0,2,1,0,0,0,0,0
2026-07-24,2021039186,阪神,巨人,True,大山 悠輔,1600113,p1600113,,一,,,0.271,4,0,0,0,1,1,0,0,0,0,0
2026-07-24,2021039186,阪神,巨人,True,元山 飛優,2000027,p2000027,,遊,,,0.375,4,0,3,0,1,0,0,1,0,0,0
2026-07-24,2021039186,阪神,巨人,True,髙寺 望夢,2000057,p2000057,,左,,,0.229,4,1,0,0,1,1,0,0,0,0,0
2026-07-24,2021039186,阪神,巨人,True,梅野 隆太郎,1300073,p1300073,,捕,,,0.203,2,0,1,0,0,0,1,0,0,0,0
2026-07-24,2021039186,阪神,巨人,True,ガルシア,2108292,p2108292,,打,,,0.0,1,0,0,0,0,0,0,0,0,0,0
2026-07-24,2021039186,阪神,巨人,True,岩崎 優,1300075,p1300075,,投,,,,0,0,0,0,0,0,0,0,0,0,0
2026-07-24,2021039186,阪神,巨人,True,立石 正広,2103242,p2103242,,打,,,0.206,1,0,0,0,1,0,0,0,0,0,0
2026-07-24,2021039186,阪神,巨人,True,才木 浩人,1600115,p1600115,,投,,,0.08,2,0,0,0,2,0,0,1,0,0,0
2026-07-24,2021039186,阪神,巨人,True,福島 圭音,2110225,p2110225,,打,,,0.24,1,0,1,0,0,0,0,0,0,0,0
2026-07-24,2021039186,阪神,巨人,True,植田 海,1400172,p1400172,,走,,,0.0,0,1,0,0,0,0,0,0,0,0,0
2026-07-24,2021039186,阪神,巨人,True,坂本 誠志郎,1500087,p1500087,,捕,,,0.197,0,0,0,0,0,0,0,0,0,0,0
2026-07-24,2021039187,ソフトバンク,西武,False,正木 智也,2103735,p2103735,,一,,,0.294,5,1,2,0,3,0,0,0,0,0,0
2026-07-24,2021039187,ソフトバンク,西武,False,周東 佑京,1700135,p1700135,,中,,,0.283,5,1,1,0,1,0,0,0,0,0,0
2026-07-24,2021039187,ソフトバンク,西武,False,近藤 健介,1100097,p1100097,,指,,,0.309,3,3,2,2,1,2,0,0,0,0,1
2026-07-24,2021039187,ソフトバンク,西武,False,栗原 陵矢,1400127,p1400127,,三,,,0.267,4,1,2,3,0,1,0,0,0,0,1
2026-07-24,2021039187,ソフトバンク,西武,False,柳田 悠岐,1000128,p1000128,,左,,,0.268,3,0,1,1,0,0,1,0,0,0,0
2026-07-24,2021039187,ソフトバンク,西武,False,川村 友斗,1650813,p1650813,,走左,,,0.095,1,0,1,0,0,0,0,0,1,0,0
2026-07-24,2021039187,ソフトバンク,西武,False,牧原 大成,1000175,p1000175,,二,,,0.282,4,0,0,0,0,0,0,1,0,0,0
2026-07-24,2021039187,ソフトバンク,西武,False,山本 恵大,2103876,p2103876,,右,,,0.264,4,0,0,0,2,0,0,0,0,0,0
2026-07-24,2021039187,ソフトバンク,西武,False,谷川原 健太,1500140,p1500140,,右,,,0.225,1,0,1,0,0,0,0,0,0,0,0
2026-07-24,2021039187,ソフトバンク,西武,False,渡邉 陸,1800113,p1800113,,捕,,,0.25,4,0,2,0,2,0,0,0,0,0,0
2026-07-24,2021039187,ソフトバンク,西武,False,今宮 健太,1000035,p1000035,,打,,,0.197,1,0,0,0,0,0,0,0,0,0,0
2026-07-24,2021039187,ソフトバンク,西武,False,海野 隆司,1900101,p1900101,,捕,,,0.203,0,0,0,0,0,0,0,0,0,0,0
2026-07-24,2021039187,ソフトバンク,西武,False,野村 勇,2104035,p2104035,,遊,,,0.241,2,0,0,0,1,0,0,0,0,0,0
2026-07-24,2021039187,ソフトバンク,西武,False,川瀬 晃,1500143,p1500143,,打遊,,,0.237,1,1,1,0,0,1,0,0,0,0,0
2026-07-24,2021039187,西武,ソフトバンク,True,西川 愛也,1700122,p1700122,,中,,,0.227,3,0,0,0,0,0,1,0,0,0,0
2026-07-24,2021039187,西武,ソフトバンク,True,滝澤 夏央,2103618,p2103618,,遊,,,0.298,4,0,1,0,0,0,0,0,0,0,0
2026-07-24,2021039187,西武,ソフトバンク,True,平沢 大河,1500117,p1500117,,右,,,0.276,4,1,1,0,2,0,0,0,0,0,0
2026-07-24,2021039187,西武,ソフトバンク,True,ネビン,2101047,p2101047,,一,,,0.27,4,1,1,1,0,0,0,0,0,0,1
2026-07-24,2021039187,西武,ソフトバンク,True,林 安可,1660299,p1660299,,指,,,0.227,3,1,1,2,1,1,0,0,0,0,1
2026-07-24,2021039187,西武,ソフトバンク,True,石井 一成,1600134,p1600134,,二,,,0.246,3,0,0,0,2,1,0,0,0,0,0
2026-07-24,2021039187,西武,ソフトバンク,True,渡部 聖弥,1950417,p1950417,,三,,,0.267,4,0,1,0,0,0,0,0,0,0,0
2026-07-24,2021039187,西武,ソフトバンク,True,仲三 優太,2000073,p2000073,,左,,,0.077,3,0,0,0,2,0,0,0,0,0,0
2026-07-24,2021039187,西武,ソフトバンク,True,古賀 悠斗,1750472,p1750472,,捕,,,0.277,3,0,0,0,1,0,0,0,0,0,0
2026-07-24,2021039188,ロッテ,オリックス,False,藤原 恭大,1800050,p1800050,,中,,,0.288,4,0,0,0,2,0,0,0,0,0,0
2026-07-24,2021039188,ロッテ,オリックス,False,山口 航輝,1800053,p1800053,,左,,,0.289,3,1,1,1,1,1,0,0,0,0,1
2026-07-24,2021039188,ロッテ,オリックス,False,佐藤 都志也,1900081,p1900081,,捕,,,0.237,4,0,0,0,1,0,0,0,0,0,0
2026-07-24,2021039188,ロッテ,オリックス,False,安田 尚憲,1700092,p1700092,,一,,,0.264,2,0,0,0,1,1,0,0,0,1,0
2026-07-24,2021039188,ロッテ,オリックス,False,池田 来翔,2103693,p2103693,,走一,,,0.25,1,0,0,0,0,0,0,0,0,0,0
2026-07-24,2021039188,ロッテ,オリックス,False,ソト,1700020,p1700020,,指,,,0.244,3,1,1,1,0,1,0,0,0,0,1
2026-07-24,2021039188,ロッテ,オリックス,False,上田 希由翔,1850947,p1850947,,三,,,0.193,2,0,0,0,0,2,0,0,0,0,0
2026-07-24,2021039188,ロッテ,オリックス,False,山本 大斗,2000094,p2000094,,右,,,0.202,4,0,0,0,2,0,0,0,0,0,0
2026-07-24,2021039188,ロッテ,オリックス,False,小川 龍成,2000089,p2000089,,二,,,0.264,3,0,1,0,2,0,0,0,0,0,0
2026-07-24,2021039188,ロッテ,オリックス,False,山﨑 剛,1700034,p1700034,,遊,,,0.27,3,0,1,0,1,0,0,0,0,0,0
2026-07-24,2021039188,オリックス,ロッテ,True,宗 佑磨,1400196,p1400196,,三,,,0.235,3,0,0,0,0,0,0,1,0,0,0
2026-07-24,2021039188,オリックス,ロッテ,True,山中 稜真,1750667,p1750667,,一,,,0.309,4,1,1,1,0,0,0,0,0,0,0
2026-07-24,2021039188,オリックス,ロッテ,True,渡部 遼人,2103747,p2103747,,走,,,0.247,0,1,0,0,0,0,0,0,0,0,0
2026-07-24,2021039188,オリックス,ロッテ,True,西川 龍馬,1500096,p1500096,,左,,,0.285,3,0,1,0,0,1,0,0,0,0,0
2026-07-24,2021039188,オリックス,ロッテ,True,野口 智哉,1751068,p1751068,,走,,,0.204,0,0,0,0,0,0,0,0,0,0,0
2026-07-24,2021039188,オリックス,ロッテ,True,太田 椋,1800098,p1800098,,二,,,0.273,4,0,1,2,1,0,0,0,0,0,0
2026-07-24,2021039188,オリックス,ロッテ,True,森 友哉,1300100,p1300100,,指,,,0.255,3,0,0,0,0,0,0,0,0,0,0
2026-07-24,2021039188,オリックス,ロッテ,True,紅林 弘太郎,1900088,p1900088,,遊,,,0.251,2,0,0,0,0,0,1,0,0,0,0
2026-07-24,2021039188,オリックス,ロッテ,True,中川 圭太,1800104,p1800104,,右,,,0.261,3,0,0,0,0,0,0,0,0,0,0
2026-07-24,2021039188,オリックス,ロッテ,True,杉澤 龍,1650722,p1650722,,中,,,0.317,3,0,0,0,2,0,0,0,0,0,0
2026-07-24,2021039188,オリックス,ロッテ,True,福永 奨,1650056,p1650056,,捕,,,0.143,2,0,0,0,0,0,0,0,0,0,0
2026-07-24,2021039188,オリックス,ロッテ,True,来田 涼斗,2000098,p2000098,,打,,,0.284,1,1,1,0,0,0,0,0,0,0,0
2026-07-25,2021039189,広島,ヤクルト,False,秋山 翔吾,1000150,p1000150,1,右,True,,0.278,5,0,2,1,1,0,0,0,0,0,0
2026-07-25,2021039189,広島,ヤクルト,False,勝田 成,2110422,p2110422,2,二遊,True,,0.168,2,0,0,0,0,2,0,0,0,0,0
2026-07-25,2021039189,広島,ヤクルト,False,佐々木 泰,2050203,p2050203,2,打,False,代打,0.237,1,0,0,0,0,0,0,0,0,0,0
2026-07-25,2021039189,広島,ヤクルト,False,森浦 大輔,2000061,p2000061,2,投,False,守備,,0,0,0,0,0,0,0,0,0,0,0
2026-07-25,2021039189,広島,ヤクルト,False,遠藤 淳志,1700072,p1700072,2,投,False,守備,,0,0,0,0,0,0,0,0,0,0,0
2026-07-25,2021039189,広島,ヤクルト,False,ファビアン,2114882,p2114882,3,左,True,,0.219,4,0,1,0,0,0,0,0,0,0,0
2026-07-25,2021039189,広島,ヤクルト,False,辰見 鴻之介,2107887,p2107887,3,走,False,代走,0.125,0,0,0,0,0,0,0,0,0,0,0
2026-07-25,2021039189,広島,ヤクルト,False,髙 太一,1950429,p1950429,3,投,False,守備,,0,0,0,0,0,0,0,0,0,0,0
2026-07-25,2021039189,広島,ヤクルト,False,小園 海斗,1800072,p1800072,3,三,False,守備,0.241,1,0,0,0,0,0,0,0,0,0,0
2026-07-25,2021039189,広島,ヤクルト,False,坂倉 将吾,1600124,p1600124,4,三,True,,0.252,3,0,0,0,0,1,0,0,0,0,0
2026-07-25,2021039189,広島,ヤクルト,False,大盛 穂,1800079,p1800079,4,走中,False,代走,0.226,1,0,0,0,1,0,0,0,1,0,0
2026-07-25,2021039189,広島,ヤクルト,False,名原 典彦,1850405,p1850405,5,中左,True,,0.266,5,0,1,0,1,0,0,0,0,0,0
2026-07-25,2021039189,広島,ヤクルト,False,モンテロ,1961927,p1961927,6,一,True,,0.255,3,0,0,0,0,1,0,0,0,1,0
2026-07-25,2021039189,広島,ヤクルト,False,前川 誠太,1950955,p1950955,6,走一,False,代走,0.095,0,1,0,0,0,0,0,0,0,0,0
2026-07-25,2021039189,広島,ヤクルト,False,持丸 泰輝,1900058,p1900058,7,捕,True,,0.208,2,0,0,0,1,2,0,0,0,0,0
2026-07-25,2021039189,広島,ヤクルト,False,二俣 翔一,2000066,p2000066,8,遊三遊,True,,0.208,4,0,0,0,3,0,0,0,0,0,0
2026-07-25,2021039189,広島,ヤクルト,False,栗林 良吏,2000060,p2000060,9,投,True,,0.0,3,0,0,0,1,0,0,0,0,0,0
2026-07-25,2021039189,広島,ヤクルト,False,菊池 涼介,1100082,p1100082,9,二,False,守備,0.241,1,0,1,0,0,0,0,0,0,0,0
2026-07-25,2021039189,ヤクルト,広島,True,長岡 秀樹,1900028,p1900028,1,遊,True,,0.255,4,0,1,0,2,1,0,0,0,0,0
2026-07-25,2021039189,ヤクルト,広島,True,丸山 和郁,1650522,p1650522,2,中,True,,0.34,3,0,1,1,0,1,0,0,0,0,0
2026-07-25,2021039189,ヤクルト,広島,True,赤羽 由紘,2000031,p2000031,3,一,True,,0.23,5,0,1,0,1,0,0,0,0,0,0
2026-07-25,2021039189,ヤクルト,広島,True,サンタナ,2000135,p2000135,4,左,True,,0.252,3,0,0,0,1,0,0,0,0,0,0
2026-07-25,2021039189,ヤクルト,広島,True,廣澤 優,2105626,p2105626,4,投,False,守備,,0,0,0,0,0,0,0,0,0,0,0
2026-07-25,2021039189,ヤクルト,広島,True,清水 昇,1800033,p1800033,4,投,False,守備,,0,0,0,0,0,0,0,0,0,0,0
2026-07-25,2021039189,ヤクルト,広島,True,キハダ,1961046,p1961046,4,投,False,守備,,0,0,0,0,0,0,0,0,0,0,0
2026-07-25,2021039189,ヤクルト,広島,True,宮本 丈,1700089,p1700089,4,打,False,代打,0.364,1,0,1,0,0,0,0,0,0,0,0
2026-07-25,2021039189,ヤクルト,広島,True,モンテル,2107178,p2107178,4,走,False,代走,0.339,0,0,0,0,0,0,0,0,0,0,0
2026-07-25,2021039189,ヤクルト,広島,True,リランソ,2122334,p2122334,4,投,False,守備,,0,0,0,0,0,0,0,0,0,0,0
2026-07-25,2021039189,ヤクルト,広島,True,古賀 優大,1600078,p1600078,4,打,False,代打,0.269,0,0,0,1,0,0,0,0,0,0,0
2026-07-25,2021039189,ヤクルト,広島,True,増田 珠,1700131,p1700131,5,右左,True,,0.282,3,0,1,0,0,0,0,0,0,0,0
2026-07-25,2021039189,ヤクルト,広島,True,岩田 幸宏,2103917,p2103917,5,左,False,守備,0.241,1,0,0,0,0,0,0,0,0,0,0
2026-07-25,2021039189,ヤクルト,広島,True,武岡 龍世,1900029,p1900029,6,三,True,,0.233,4,0,0,0,0,0,0,0,0,0,0
2026-07-25,2021039189,ヤクルト,広島,True,内山 壮真,2000026,p2000026,7,二,True,,0.218,3,0,0,0,1,1,0,0,0,1,0
2026-07-25,2021039189,ヤクルト,広島,True,松本 直樹,1700090,p1700090,8,捕,True,,0.167,4,1,0,0,0,0,0,0,0,0,0
2026-07-25,2021039189,ヤクルト,広島,True,西舘 昂汰,1950494,p1950494,9,投,True,,,0,0,0,0,0,0,0,1,0,0,0
2026-07-25,2021039189,ヤクルト,広島,True,石井 巧,1850772,p1850772,9,打,False,代打,0.152,1,0,0,0,0,0,0,0,0,0,0
2026-07-25,2021039189,ヤクルト,広島,True,阪口 皓亮,1700060,p1700060,9,投,False,守備,,0,0,0,0,0,0,0,0,0,0,0
2026-07-25,2021039189,ヤクルト,広島,True,塩見 泰隆,1700087,p1700087,9,右,False,守備,0.197,2,1,2,0,0,0,0,0,0,0,0
2026-07-25,2021039190,DeNA,中日,False,勝又 温史,1800046,p1800046,1,左,True,,0.322,5,1,1,0,1,0,0,0,0,0,0
2026-07-25,2021039190,DeNA,中日,False,牧 秀悟,2000035,p2000035,2,二,True,,0.291,4,0,1,0,1,1,0,0,0,0,0
2026-07-25,2021039190,DeNA,中日,False,佐野 恵太,1600089,p1600089,3,一,True,,0.264,5,1,1,0,1,0,0,0,0,0,0
2026-07-25,2021039190,DeNA,中日,False,エンカーナシオン,2108195,p2108195,4,右,True,,0.342,5,0,1,0,2,0,0,0,0,0,0
2026-07-25,2021039190,DeNA,中日,False,若松 尚輝,2107753,p2107753,4,投,False,守備,0.0,0,0,0,0,0,0,0,0,0,0,0
2026-07-25,2021039190,DeNA,中日,False,筒香 嘉智,1000002,p1000002,5,三,True,,0.233,3,2,2,2,1,1,0,0,0,0,1
2026-07-25,2021039190,DeNA,中日,False,神里 和毅,1700059,p1700059,5,中,False,守備,0.133,0,0,0,0,0,0,0,0,0,0,0
2026-07-25,2021039190,DeNA,中日,False,蝦名 達夫,1900035,p1900035,6,中右,True,,0.242,3,0,1,2,2,0,1,0,0,0,0
2026-07-25,2021039190,DeNA,中日,False,宮下 朝陽,2100014,p2100014,7,遊,True,,0.233,4,0,0,0,2,0,0,0,0,0,0
2026-07-25,2021039190,DeNA,中日,False,松尾 汐恩,2100277,p2100277,8,捕,True,,0.26,4,1,3,1,0,0,0,0,0,0,1
2026-07-25,2021039190,DeNA,中日,False,ビド,2101360,p2101360,9,投,True,,0.0,2,0,0,0,2,0,0,0,0,0,0
2026-07-25,2021039190,DeNA,中日,False,宮﨑 敏郎,1200053,p1200053,9,打,False,代打,0.265,1,0,0,0,0,0,0,0,0,0,0
2026-07-25,2021039190,DeNA,中日,False,松本 凌人,2108557,p2108557,9,投,False,守備,,0,0,0,0,0,0,0,0,0,0,0
2026-07-25,2021039190,DeNA,中日,False,マルセリーノ,2105891,p2105891,9,投,False,守備,,0,0,0,0,0,0,0,0,0,0,0
2026-07-25,2021039190,DeNA,中日,False,林 琢真,1850208,p1850208,9,打,False,代打,0.241,1,0,1,0,0,0,0,0,0,0,0
2026-07-25,2021039190,DeNA,中日,False,浜地 真澄,1600116,p1600116,9,投,False,守備,,0,0,0,0,0,0,0,0,0,0,0
2026-07-25,2021039190,DeNA,中日,False,柴田 竜拓,1500063,p1500063,9,三,False,守備,0.1,0,0,0,0,0,0,0,0,0,0,0
2026-07-25,2021039190,中日,DeNA,True,岡林 勇希,1900041,p1900041,1,中,True,,0.243,5,0,1,0,0,0,0,0,0,0,0
2026-07-25,2021039190,中日,DeNA,True,村松 開人,1750223,p1750223,2,遊,True,,0.246,4,0,1,0,1,1,0,0,0,0,0
2026-07-25,2021039190,中日,DeNA,True,細川 成也,1600085,p1600085,3,左,True,,0.225,3,0,1,0,0,1,0,0,0,0,0
2026-07-25,2021039190,中日,DeNA,True,サノー,1561854,p1561854,4,一,True,,0.234,3,0,1,0,2,1,0,0,0,0,0
2026-07-25,2021039190,中日,DeNA,True,伊藤 茉央,2105038,p2105038,4,投,False,守備,,0,0,0,0,0,0,0,0,0,0,0
2026-07-25,2021039190,中日,DeNA,True,石川 昂弥,1900037,p1900037,5,三,True,,0.271,3,0,0,0,1,1,0,0,0,0,0
2026-07-25,2021039190,中日,DeNA,True,ボスラー,1961300,p1961300,6,右,True,,0.193,4,0,1,0,2,0,0,0,0,0,0
2026-07-25,2021039190,中日,DeNA,True,福永 裕基,2103780,p2103780,7,二,True,,0.258,3,0,1,0,2,1,0,0,1,0,0
2026-07-25,2021039190,中日,DeNA,True,木下 拓哉,1500076,p1500076,8,捕,True,,0.279,3,0,1,0,0,0,0,0,0,0,0
2026-07-25,2021039190,中日,DeNA,True,石橋 康太,1800062,p1800062,8,打捕,False,代打,0.0,1,0,0,0,0,0,0,0,0,0,0
2026-07-25,2021039190,中日,DeNA,True,涌井 秀章,500014,p500014,9,投,True,,0.0,2,0,0,0,2,0,0,0,0,0,0
2026-07-25,2021039190,中日,DeNA,True,草加 勝,1851138,p1851138,9,投,False,守備,,0,0,0,0,0,0,0,0,0,0,0
2026-07-25,2021039190,中日,DeNA,True,清水 達也,1700104,p1700104,9,投,False,守備,,0,0,0,0,0,0,0,0,0,0,0
2026-07-25,2021039190,中日,DeNA,True,高橋 周平,1100069,p1100069,9,打一,False,代打,0.267,2,0,1,0,1,0,0,0,0,0,0
2026-07-25,2021039191,巨人,阪神,False,浦田 俊輔,1951153,p1951153,1,二,True,,0.281,5,0,1,0,2,0,0,0,0,0,0
2026-07-25,2021039191,巨人,阪神,False,松本 剛,1100095,p1100095,2,中,True,,0.269,5,0,2,0,0,0,0,0,0,0,0
2026-07-25,2021039191,巨人,阪神,False,笹原 操希,2100225,p2100225,3,右,True,,0.259,5,0,1,0,2,0,0,0,1,0,0
2026-07-25,2021039191,巨人,阪神,False,ダルベック,1561820,p1561820,4,一,True,,0.262,5,1,1,1,1,0,0,0,0,0,1
2026-07-25,2021039191,巨人,阪神,False,森田 駿哉,1450977,p1450977,4,投,False,守備,0.0,0,0,0,0,0,0,0,0,0,0,0
2026-07-25,2021039191,巨人,阪神,False,大城 卓三,1700044,p1700044,5,捕,True,,0.274,2,1,0,0,2,0,2,0,0,0,0
2026-07-25,2021039191,巨人,阪神,False,泉口 友汰,1750321,p1750321,5,遊,False,守備,0.242,0,0,0,0,0,0,0,0,0,0,0
2026-07-25,2021039191,巨人,阪神,False,小濱 佑斗,2110991,p2110991,6,遊三,True,,0.229,4,1,0,0,1,0,0,0,0,0,0
2026-07-25,2021039191,巨人,阪神,False,佐々木 俊輔,2106178,p2106178,7,左,True,,0.258,4,2,3,2,1,0,0,0,0,0,1
2026-07-25,2021039191,巨人,阪神,False,石塚 裕惺,2116069,p2116069,8,三,True,,0.19,4,0,2,2,0,0,0,0,0,0,0
2026-07-25,2021039191,巨人,阪神,False,小林 誠司,1300027,p1300027,8,捕,False,守備,0.111,0,0,0,0,0,0,0,0,0,0,0
2026-07-25,2021039191,巨人,阪神,False,竹丸 和幸,2118993,p2118993,9,投,True,,0.043,2,0,0,0,2,1,0,0,0,0,0
2026-07-25,2021039191,巨人,阪神,False,船迫 大雅,1450689,p1450689,9,投,False,守備,,0,0,0,0,0,0,0,0,0,0,0
2026-07-25,2021039191,巨人,阪神,False,キャベッジ,2118420,p2118420,9,打,False,代打,0.244,1,0,0,0,0,0,0,0,0,0,0
2026-07-25,2021039191,巨人,阪神,False,赤星 優志,2103689,p2103689,9,投,False,守備,0.0,0,0,0,0,0,0,0,0,0,0,0
2026-07-25,2021039191,巨人,阪神,False,増田 大輝,1500054,p1500054,9,一,False,守備,0.333,0,0,0,0,0,0,0,0,0,0,0
2026-07-25,2021039191,阪神,巨人,True,近本 光司,1800065,p1800065,1,中,True,,0.243,4,0,1,0,2,0,0,0,0,0,0
2026-07-25,2021039191,阪神,巨人,True,中野 拓夢,2000056,p2000056,2,二,True,,0.296,3,0,0,0,0,0,0,1,0,0,0
2026-07-25,2021039191,阪神,巨人,True,森下 翔太,1850183,p1850183,3,右,True,,0.288,4,1,1,0,0,0,0,0,0,0,0
2026-07-25,2021039191,阪神,巨人,True,佐藤 輝明,2000051,p2000051,4,三,True,,0.32,3,0,0,0,2,0,1,0,0,0,0
2026-07-25,2021039191,阪神,巨人,True,大山 悠輔,1600113,p1600113,5,一,True,,0.272,3,0,1,0,0,1,0,0,0,0,0
2026-07-25,2021039191,阪神,巨人,True,元山 飛優,2000027,p2000027,6,遊,True,,0.333,2,0,0,1,1,1,0,0,0,1,0
2026-07-25,2021039191,阪神,巨人,True,立石 正広,2103242,p2103242,7,左,True,,0.218,4,0,2,0,1,0,0,0,0,0,0
2026-07-25,2021039191,阪神,巨人,True,伏見 寅威,1200100,p1200100,8,捕,True,,0.211,2,0,1,0,0,0,0,0,0,0,0
2026-07-25,2021039191,阪神,巨人,True,髙寺 望夢,2000057,p2000057,8,打,False,代打,0.233,1,0,1,0,0,0,0,0,0,0,0
2026-07-25,2021039191,阪神,巨人,True,セベリーノ,2108124,p2108124,8,投,False,守備,,0,0,0,0,0,0,0,0,0,0,0
2026-07-25,2021039191,阪神,巨人,True,門別 啓人,2104016,p2104016,8,投,False,守備,0.0,0,0,0,0,0,0,0,0,0,0,0
2026-07-25,2021039191,阪神,巨人,True,ガルシア,2108292,p2108292,8,打,False,代打,0.0,1,0,0,0,0,0,0,0,0,0,0
2026-07-25,2021039191,阪神,巨人,True,伊原 陵人,1850363,p1850363,9,投,True,,0.111,1,0,0,0,1,0,0,0,0,0,0
2026-07-25,2021039191,阪神,巨人,True,福島 圭音,2110225,p2110225,9,打,False,代打,0.238,1,0,0,0,1,0,0,0,0,0,0
2026-07-25,2021039191,阪神,巨人,True,モレッタ,2108105,p2108105,9,投,False,守備,,0,0,0,0,0,0,0,0,0,0,0
2026-07-25,2021039191,阪神,巨人,True,及川 雅貴,1900046,p1900046,9,投,False,守備,,0,0,0,0,0,0,0,0,0,0,0
2026-07-25,2021039191,阪神,巨人,True,糸原 健斗,1600117,p1600117,9,打,False,代打,0.111,1,0,0,0,0,0,0,0,0,0,0
2026-07-25,2021039191,阪神,巨人,True,坂本 誠志郎,1500087,p1500087,9,捕,False,守備,0.196,1,0,0,0,0,0,0,0,0,0,0
2026-07-25,2021039192,楽天,日本ハム,False,中島 大輔,1950278,p1950278,1,右,True,,0.25,4,0,0,0,1,0,0,0,0,0,0
2026-07-25,2021039192,楽天,日本ハム,False,YG安田,2103740,p2103740,2,指,True,,0.278,4,1,2,2,0,0,0,0,0,0,1
2026-07-25,2021039192,楽天,日本ハム,False,辰己 涼介,1800117,p1800117,3,中,True,,0.287,4,0,0,0,2,0,0,0,0,0,0
2026-07-25,2021039192,楽天,日本ハム,False,マッカスカー,2122300,p2122300,4,左,True,,0.266,4,1,1,0,1,0,0,0,0,0,0
2026-07-25,2021039192,楽天,日本ハム,False,村林 一輝,1600007,p1600007,5,二,True,,0.288,4,0,2,0,1,0,0,0,0,0,0
2026-07-25,2021039192,楽天,日本ハム,False,浅村 栄斗,900056,p900056,6,一,True,,0.21,2,0,0,1,1,1,0,0,0,0,0
2026-07-25,2021039192,楽天,日本ハム,False,平良 竜哉,2105283,p2105283,7,三,True,,0.25,3,0,0,0,1,0,0,0,0,0,0
2026-07-25,2021039192,楽天,日本ハム,False,堀内 謙伍,1600004,p1600004,7,捕,False,守備,0.2,0,0,0,0,0,0,0,0,0,0,0
2026-07-25,2021039192,楽天,日本ハム,False,太田 光,1800118,p1800118,8,捕,True,,0.222,2,0,0,0,0,0,0,0,0,0,0
2026-07-25,2021039192,楽天,日本ハム,False,黒川 史陽,1900113,p1900113,8,打三,False,代打,0.253,1,0,0,0,1,0,0,0,0,0,0
2026-07-25,2021039192,楽天,日本ハム,False,宗山 塁,1851157,p1851157,9,遊,True,,0.189,3,1,1,0,0,0,0,0,0,0,0
2026-07-25,2021039192,日本ハム,楽天,True,水野 達稀,1851204,p1851204,1,遊,True,,0.29,4,1,1,1,2,0,0,0,0,1,1
2026-07-25,2021039192,日本ハム,楽天,True,郡司 裕也,1900040,p1900040,2,左,True,,0.239,4,0,1,0,0,0,0,0,0,0,0
2026-07-25,2021039192,日本ハム,楽天,True,レイエス,1860140,p1860140,3,指,True,,0.329,4,0,2,0,1,0,0,0,0,0,0
2026-07-25,2021039192,日本ハム,楽天,True,五十幡 亮汰,2000080,p2000080,3,走指,False,代走,0.194,0,1,0,0,0,0,0,0,1,0,0
2026-07-25,2021039192,日本ハム,楽天,True,万波 中正,1800093,p1800093,4,右,True,,0.27,4,0,1,0,1,0,0,0,0,0,0
2026-07-25,2021039192,日本ハム,楽天,True,吉田 賢吾,2107900,p2107900,5,一,True,,0.296,2,0,1,0,1,0,0,0,0,0,0
2026-07-25,2021039192,日本ハム,楽天,True,清宮 幸太郎,1700025,p1700025,5,一,False,守備,0.241,1,0,0,1,0,0,0,0,0,0,0
2026-07-25,2021039192,日本ハム,楽天,True,野村 佑希,1800091,p1800091,6,三,True,,0.265,3,0,0,0,0,1,0,0,0,0,0
2026-07-25,2021039192,日本ハム,楽天,True,細川 凌平,2000082,p2000082,7,中,True,,0.288,2,2,1,0,0,2,0,0,0,0,0
2026-07-25,2021039192,日本ハム,楽天,True,上川畑 大悟,1251037,p1251037,8,二,True,,0.226,3,0,1,0,0,0,0,0,0,0,0
2026-07-25,2021039192,日本ハム,楽天,True,田宮 裕涼,1800095,p1800095,8,捕,False,守備,0.279,0,0,0,0,0,0,0,1,0,0,0
2026-07-25,2021039192,日本ハム,楽天,True,進藤 勇也,1950486,p1950486,9,捕,True,,0.203,1,0,0,0,0,0,0,1,0,0,0
2026-07-25,2021039192,日本ハム,楽天,True,奈良間 大己,1850932,p1850932,9,打二,False,代打,0.256,1,0,1,2,0,0,0,0,0,0,0
2026-07-25,2021039193,ソフトバンク,西武,False,正木 智也,2103735,p2103735,1,左,True,,0.295,3,1,1,1,0,1,0,0,0,0,1
2026-07-25,2021039193,ソフトバンク,西武,False,周東 佑京,1700135,p1700135,2,中,True,,0.283,4,0,1,0,1,0,0,0,0,0,0
2026-07-25,2021039193,ソフトバンク,西武,False,近藤 健介,1100097,p1100097,3,指,True,,0.311,4,1,2,0,0,0,0,0,1,0,0
2026-07-25,2021039193,ソフトバンク,西武,False,栗原 陵矢,1400127,p1400127,4,一,True,,0.265,3,1,0,0,1,0,1,0,0,0,0
2026-07-25,2021039193,ソフトバンク,西武,False,牧原 大成,1000175,p1000175,5,二,True,,0.282,4,1,1,0,2,0,0,0,0,0,0
2026-07-25,2021039193,ソフトバンク,西武,False,川瀬 晃,1500143,p1500143,6,三,True,,0.241,3,1,1,2,0,0,0,1,0,0,0
2026-07-25,2021039193,ソフトバンク,西武,False,柳町 達,1900104,p1900104,7,右,True,,0.24,3,1,2,2,0,1,0,0,0,0,0
2026-07-25,2021039193,ソフトバンク,西武,False,海野 隆司,1900101,p1900101,8,捕,True,,0.205,3,0,1,0,0,0,0,0,0,0,0
2026-07-25,2021039193,ソフトバンク,西武,False,柳田 悠岐,1000128,p1000128,8,打,False,代打,0.267,1,0,0,0,0,0,0,0,0,0,0
2026-07-25,2021039193,ソフトバンク,西武,False,庄子 雄大,1950149,p1950149,9,遊,True,,0.225,2,0,0,1,1,0,0,1,0,0,0
2026-07-25,2021039193,ソフトバンク,西武,False,山本 祐大,1700066,p1700066,9,打,False,代打,0.34,1,0,0,0,1,0,0,0,0,0,0
2026-07-25,2021039193,西武,ソフトバンク,True,滝澤 夏央,2103618,p2103618,1,遊二,True,,0.3,5,1,2,2,0,0,0,0,0,0,0
2026-07-25,2021039193,西武,ソフトバンク,True,石井 一成,1600134,p1600134,2,二,True,,0.242,3,0,0,1,0,0,0,0,0,0,0
2026-07-25,2021039193,西武,ソフトバンク,True,源田 壮亮,1600129,p1600129,2,遊,False,守備,0.206,0,0,0,0,0,0,0,0,0,0,0
2026-07-25,2021039193,西武,ソフトバンク,True,林 安可,1660299,p1660299,3,指,True,,0.224,2,0,0,1,0,1,0,0,0,0,0
2026-07-25,2021039193,西武,ソフトバンク,True,ネビン,2101047,p2101047,4,一,True,,0.265,4,0,0,0,0,0,0,0,0,0,0
2026-07-25,2021039193,西武,ソフトバンク,True,カナリオ,2117028,p2117028,5,右,True,,0.249,3,1,0,0,1,1,0,0,0,0,0
2026-07-25,2021039193,西武,ソフトバンク,True,渡部 聖弥,1950417,p1950417,6,三,True,,0.267,3,2,1,0,0,1,0,0,0,0,0
2026-07-25,2021039193,西武,ソフトバンク,True,小島 大河,2050145,p2050145,7,捕,True,,0.245,3,1,1,0,0,0,0,0,0,0,0
2026-07-25,2021039193,西武,ソフトバンク,True,古賀 悠斗,1750472,p1750472,7,捕,False,守備,0.276,1,0,0,0,0,0,0,0,0,0,0
2026-07-25,2021039193,西武,ソフトバンク,True,仲三 優太,2000073,p2000073,8,左,True,,0.143,2,2,2,1,0,1,0,0,0,0,0
2026-07-25,2021039193,西武,ソフトバンク,True,岸 潤一郎,1900068,p1900068,8,左,False,守備,0.208,1,0,0,0,1,0,0,0,0,0,0
2026-07-25,2021039193,西武,ソフトバンク,True,西川 愛也,1700122,p1700122,9,中,True,,0.233,3,1,2,2,1,1,0,0,0,0,0
2026-07-25,2021039194,ロッテ,オリックス,False,藤原 恭大,1800050,p1800050,1,右,True,,0.292,4,0,2,2,0,0,0,0,0,0,0
2026-07-25,2021039194,ロッテ,オリックス,False,山口 航輝,1800053,p1800053,2,左,True,,0.285,3,0,0,0,2,1,0,0,0,0,0
2026-07-25,2021039194,ロッテ,オリックス,False,山本 大斗,2000094,p2000094,2,走左,False,代走,0.202,0,0,0,0,0,0,0,0,0,0,0
2026-07-25,2021039194,ロッテ,オリックス,False,ソト,1700020,p1700020,3,一,True,,0.241,3,0,0,0,2,1,0,0,0,0,0
2026-07-25,2021039194,ロッテ,オリックス,False,安田 尚憲,1700092,p1700092,4,指,True,,0.263,4,0,1,0,1,0,0,0,0,0,0
2026-07-25,2021039194,ロッテ,オリックス,False,上田 希由翔,1850947,p1850947,5,三,True,,0.195,4,1,1,1,0,0,0,0,0,0,1
2026-07-25,2021039194,ロッテ,オリックス,False,小川 龍成,2000089,p2000089,6,二,True,,0.264,4,0,1,0,2,0,0,0,1,0,0
2026-07-25,2021039194,ロッテ,オリックス,False,愛斗,1500102,p1500102,7,中,True,,0.232,4,1,2,0,1,0,0,0,0,0,0
2026-07-25,2021039194,ロッテ,オリックス,False,松川 虎生,2100346,p2100346,8,捕,True,,0.221,1,0,0,0,0,0,0,1,0,0,0
2026-07-25,2021039194,ロッテ,オリックス,False,佐藤 都志也,1900081,p1900081,8,打捕,False,代打,0.235,2,0,0,0,0,0,0,0,0,0,0
2026-07-25,2021039194,ロッテ,オリックス,False,山﨑 剛,1700034,p1700034,9,遊,True,,0.268,4,1,1,0,1,0,0,0,0,0,0
2026-07-25,2021039194,オリックス,ロッテ,True,宗 佑磨,1400196,p1400196,1,三,True,,0.236,3,1,1,0,2,1,0,0,0,0,0
2026-07-25,2021039194,オリックス,ロッテ,True,山中 稜真,1750667,p1750667,2,一,True,,0.314,4,1,2,0,0,0,0,0,0,0,0
2026-07-25,2021039194,オリックス,ロッテ,True,西川 龍馬,1500096,p1500096,3,指,True,,0.286,3,0,1,1,1,0,0,0,0,0,0
2026-07-25,2021039194,オリックス,ロッテ,True,宜保 翔,1800102,p1800102,3,走指,False,代走,0.172,0,1,0,0,0,0,0,0,0,0,0
2026-07-25,2021039194,オリックス,ロッテ,True,太田 椋,1800098,p1800098,4,二,True,,0.276,4,1,2,2,0,0,0,0,0,0,1
2026-07-25,2021039194,オリックス,ロッテ,True,紅林 弘太郎,1900088,p1900088,5,遊,True,,0.251,4,0,1,1,0,0,0,0,0,0,0
2026-07-25,2021039194,オリックス,ロッテ,True,来田 涼斗,2000098,p2000098,6,右,True,,0.275,4,0,0,0,0,0,0,0,0,0,0
2026-07-25,2021039194,オリックス,ロッテ,True,中川 圭太,1800104,p1800104,7,左,True,,0.258,3,0,0,0,0,0,0,0,0,0,0
2026-07-25,2021039194,オリックス,ロッテ,True,福永 奨,1650056,p1650056,8,捕,True,,0.167,3,1,1,1,0,0,0,0,0,0,1
2026-07-25,2021039194,オリックス,ロッテ,True,渡部 遼人,2103747,p2103747,9,中,True,,0.249,3,0,1,0,0,0,0,0,1,0,0
