date,game_id,inning,top_bottom,batting_team,player,player_id,player_key,event_type,event_sequence,run_value,result_detail,source
2026-03-27,2021038622,8,裏,巨人,キャベッジ,2118420,p2118420,caught_stealing,0820300,-0.4,145km/h ストレート、バント構え、盗塁失敗（キャベッジ）,result_detail_high_confidence
2026-03-27,2021038623,7,裏,DeNA,三森 大貴,1600167,p1600167,caught_stealing,0720300,-0.4,シュート、盗塁失敗（三森）,result_detail_high_confidence
2026-03-27,2021038624,,,中日,岡林 勇希,1900041,p1900041,stolen_base,1,0.2,,official_boxscore
2026-03-27,2021038624,,,中日,福永 裕基,2103780,p2103780,stolen_base,1,0.2,,official_boxscore
2026-03-27,2021038625,,,西武,長谷川 信哉,2000075,p2000075,stolen_base,1,0.2,,official_boxscore
2026-03-27,2021038626,3,表,楽天,辰己 涼介,1800117,p1800117,caught_stealing,0310400,-0.4,145km/h カットボール、盗塁失敗（辰己）,result_detail_high_confidence
2026-03-27,2021038627,,,日本ハム,矢澤 宏太,2106284,p2106284,stolen_base,1,0.2,,official_boxscore
2026-03-28,2021038628,,,阪神,中野 拓夢,2000056,p2000056,stolen_base,1,0.2,,official_boxscore
2026-03-28,2021038629,,,ヤクルト,岩田 幸宏,2103917,p2103917,stolen_base,1,0.2,,official_boxscore
2026-03-28,2021038629,,,DeNA,牧 秀悟,2000035,p2000035,stolen_base,1,0.2,,official_boxscore
2026-03-28,2021038629,,,DeNA,林 琢真,1850208,p1850208,stolen_base,1,0.2,,official_boxscore
2026-03-28,2021038629,5,裏,DeNA,牧 秀悟,2000035,p2000035,baserunning_out,0520400,-0.4,けん制飛び出し（牧）、盗塁成功（牧）、ランナー2塁,result_detail_high_confidence
2026-03-28,2021038630,,,中日,樋口 正修,2103947,p2103947,stolen_base,1,0.2,,official_boxscore
2026-03-28,2021038631,,,ロッテ,髙部 瑛斗,1900082,p1900082,stolen_base,1,0.2,,official_boxscore
2026-03-28,2021038631,,,ロッテ,髙部 瑛斗,1900082,p1900082,stolen_base,2,0.2,,official_boxscore
2026-03-28,2021038631,,,ロッテ,西川 史礁,1950286,p1950286,stolen_base,1,0.2,,official_boxscore
2026-03-28,2021038632,,,オリックス,宗 佑磨,1400196,p1400196,stolen_base,1,0.2,,official_boxscore
2026-03-28,2021038632,3,裏,オリックス,太田 椋,1800098,p1800098,baserunning_out,0320300,-0.4,スライダー、痛烈な当たり、野手の正面をつく、慌てて戻る（太田）,result_detail_high_confidence
2026-03-29,2021038634,,,阪神,髙寺 望夢,2000057,p2000057,stolen_base,1,0.2,,official_boxscore
2026-03-29,2021038634,,,阪神,坂本 誠志郎,1500087,p1500087,stolen_base,1,0.2,,official_boxscore
2026-03-29,2021038634,1,表,阪神,近本 光司,1800065,p1800065,caught_stealing,0110200,-0.4,145km/h ストレート、盗塁失敗（近本）,result_detail_high_confidence
2026-03-29,2021038636,6,裏,広島,小園 海斗,1800072,p1800072,caught_stealing,0620300,-0.4,ストレート、ヒットエンドラン、挟まれる（小園）、盗塁失敗（小園）,result_detail_high_confidence
2026-03-29,2021038637,,,西武,桑原 将志,1100061,p1100061,stolen_base,1,0.2,,official_boxscore
2026-03-29,2021038637,6,表,西武,小島 大河,2050145,p2050145,baserunning_out,0610500,-0.4,シュート、慌てて戻る（小島）,result_detail_high_confidence
2026-03-29,2021038638,,,オリックス,中川 圭太,1800104,p1800104,stolen_base,1,0.2,,official_boxscore
2026-03-29,2021038638,3,裏,オリックス,中川 圭太,1800104,p1800104,caught_stealing,0320300,-0.4,135km/h スプリット、盗塁失敗（中川）,result_detail_high_confidence
2026-03-29,2021038638,9,表,楽天,村林 一輝,1600007,p1600007,baserunning_out,0910200,-0.4,ツーシーム、走路をはみ出る（村林）、ランナー2塁,result_detail_high_confidence
2026-03-31,2021038640,,,ヤクルト,長岡 秀樹,1900028,p1900028,stolen_base,1,0.2,,official_boxscore
2026-03-31,2021038640,,,ヤクルト,岩田 幸宏,2103917,p2103917,stolen_base,1,0.2,,official_boxscore
2026-03-31,2021038641,,,巨人,松本 剛,1100095,p1100095,stolen_base,1,0.2,,official_boxscore
2026-03-31,2021038642,,,DeNA,度会 隆輝,1850873,p1850873,stolen_base,1,0.2,,official_boxscore
2026-03-31,2021038642,,,阪神,中野 拓夢,2000056,p2000056,stolen_base,1,0.2,,official_boxscore
2026-03-31,2021038642,8,裏,阪神,熊谷 敬宥,1700079,p1700079,baserunning_out,0820200,-0.4,148km/h ストレート、ランエンドヒット、慌てて戻る（熊谷）,result_detail_high_confidence
2026-03-31,2021038643,,,ロッテ,藤原 恭大,1800050,p1800050,stolen_base,1,0.2,,official_boxscore
2026-03-31,2021038644,,,ソフトバンク,周東 佑京,1700135,p1700135,stolen_base,1,0.2,,official_boxscore
2026-03-31,2021038644,,,楽天,辰己 涼介,1800117,p1800117,stolen_base,1,0.2,,official_boxscore
2026-03-31,2021038645,,,オリックス,西川 龍馬,1500096,p1500096,stolen_base,1,0.2,,official_boxscore
2026-03-31,2021038645,,,西武,西川 愛也,1700122,p1700122,stolen_base,1,0.2,,official_boxscore
2026-04-01,2021038647,6,表,巨人,門脇 誠,2107874,p2107874,caught_stealing,0610400,-0.4,140km/h ストレート、セーフティバント、バント空振り、盗塁失敗（門脇）,result_detail_high_confidence
2026-04-01,2021038649,,,日本ハム,矢澤 宏太,2106284,p2106284,stolen_base,1,0.2,,official_boxscore
2026-04-01,2021038649,,,日本ハム,カストロ,2108090,p2108090,stolen_base,1,0.2,,official_boxscore
2026-04-01,2021038650,1,裏,楽天,辰己 涼介,1800117,p1800117,caught_stealing,0120400,-0.4,ストレート、ランエンドヒット、盗塁失敗（辰己）,result_detail_high_confidence
2026-04-01,2021038650,3,裏,楽天,太田 光,1800118,p1800118,caught_stealing,0320300,-0.4,カーブ、ランエンドヒット、盗塁失敗（太田）,result_detail_high_confidence
2026-04-01,2021038651,1,表,オリックス,宗 佑磨,1400196,p1400196,caught_stealing,0110200,-0.4,144km/h フォーク、ランエンドヒット、送球がバウンド（小島）、リプレー検証後判定変わらず、盗塁失敗（宗）、オリックス・残り1回,result_detail_high_confidence
2026-04-01,2021038651,8,裏,西武,源田 壮亮,1600129,p1600129,baserunning_out,0820400,-0.4,"151km/h ツーシーム、３・本塁間タッチアウト（源田）、挟まれる（源田）、ランナー1,2塁",result_detail_high_confidence
2026-04-02,2021038652,,,ヤクルト,赤羽 由紘,2000031,p2000031,stolen_base,1,0.2,,official_boxscore
2026-04-02,2021038652,,,ヤクルト,岩田 幸宏,2103917,p2103917,stolen_base,1,0.2,,official_boxscore
2026-04-02,2021038652,,,ヤクルト,岩田 幸宏,2103917,p2103917,stolen_base,2,0.2,,official_boxscore
2026-04-02,2021038652,5,表,広島,菊池 涼介,1100082,p1100082,caught_stealing,0510400,-0.4,147km/h ストレート、ランエンドヒット、ヘッドスライディング（菊池）、リプレー検証後判定変わらず、盗塁失敗（菊池）、広島・残り1回,result_detail_high_confidence
2026-04-02,2021038653,3,表,巨人,山瀬 慎之助,1900020,p1900020,baserunning_out,0310200,-0.4,140km/h ストレート、２・３塁間タッチアウト（山瀬）、挟まれる（山瀬）、ランナー1塁,result_detail_high_confidence
2026-04-02,2021038653,4,裏,中日,田中 幹也,1750701,p1750701,caught_stealing,0420300,-0.4,134km/h フォーク、ランエンドヒット、盗塁失敗（田中）,result_detail_high_confidence
2026-04-02,2021038653,9,表,巨人,宇都宮 葵星,2107764,p2107764,baserunning_out,0910400,-0.4,145km/h ストレート、３・本塁間タッチアウト（宇都宮）、挟まれる（宇都宮）、ランナー2塁,result_detail_high_confidence
2026-04-02,2021038654,,,阪神,近本 光司,1800065,p1800065,stolen_base,1,0.2,,official_boxscore
2026-04-02,2021038654,1,表,DeNA,牧 秀悟,2000035,p2000035,caught_stealing,0110300,-0.4,ストレート、ランエンドヒット、盗塁失敗（牧）,result_detail_high_confidence
2026-04-02,2021038654,6,裏,阪神,木浪 聖也,1800067,p1800067,caught_stealing,0620200,-0.4,131km/h フォーク、バスターエンドラン、盗塁失敗（木浪）,result_detail_high_confidence
2026-04-02,2021038655,,,日本ハム,西川 遥輝,1000100,p1000100,stolen_base,1,0.2,,official_boxscore
2026-04-02,2021038656,4,裏,楽天,辰己 涼介,1800117,p1800117,caught_stealing,0420200,-0.4,チェンジアップ、ランエンドヒット、ワンバウンド、盗塁失敗（辰己）,result_detail_high_confidence
2026-04-02,2021038657,,,オリックス,渡部 遼人,2103747,p2103747,stolen_base,1,0.2,,official_boxscore
2026-04-02,2021038657,8,表,オリックス,太田 椋,1800098,p1800098,caught_stealing,0810300,-0.4,157km/h ストレート、ランエンドヒット、判定不服（森友）、盗塁失敗（太田）,result_detail_high_confidence
2026-04-03,2021038658,,,DeNA,梶原 昂希,2103703,p2103703,stolen_base,1,0.2,,official_boxscore
2026-04-03,2021038659,,,ヤクルト,伊藤 琉偉,2112175,p2112175,stolen_base,1,0.2,,official_boxscore
2026-04-03,2021038660,,,阪神,近本 光司,1800065,p1800065,stolen_base,1,0.2,,official_boxscore
2026-04-03,2021038660,,,阪神,森下 翔太,1850183,p1850183,stolen_base,1,0.2,,official_boxscore
2026-04-03,2021038660,1,裏,広島,中村 奨成,1700068,p1700068,baserunning_out,0120200,-0.4,149km/h ストレート、１塁上タッチアウト（中村奨）、オーバーラン（中村奨）、リプレー検証後判定変わらず、広島・残り1回,result_detail_high_confidence
2026-04-03,2021038663,,,ロッテ,岡 大海,1300044,p1300044,stolen_base,1,0.2,,official_boxscore
2026-04-04,2021038664,,,巨人,浦田 俊輔,1951153,p1951153,stolen_base,1,0.2,,official_boxscore
2026-04-04,2021038665,,,中日,田中 幹也,1750701,p1750701,stolen_base,1,0.2,,official_boxscore
2026-04-04,2021038665,,,中日,福永 裕基,2103780,p2103780,stolen_base,1,0.2,,official_boxscore
2026-04-04,2021038665,4,裏,ヤクルト,オスナ,2000133,p2000133,caught_stealing,0420400,-0.4,けん制飛び出し（オスナ）、挟まれる（オスナ）、盗塁失敗（オスナ）,result_detail_high_confidence
2026-04-04,2021038666,,,広島,大盛 穂,1800079,p1800079,stolen_base,1,0.2,,official_boxscore
2026-04-04,2021038666,,,広島,辰見 鴻之介,2107887,p2107887,stolen_base,1,0.2,,official_boxscore
2026-04-04,2021038667,,,オリックス,麦谷 祐介,2110153,p2110153,stolen_base,1,0.2,,official_boxscore
2026-04-04,2021038667,1,裏,日本ハム,清宮 幸太郎,1700025,p1700025,caught_stealing,0120300,-0.4,スライダー、ランエンドヒット、盗塁失敗（清宮幸）,result_detail_high_confidence
2026-04-04,2021038667,4,表,オリックス,廣岡 大志,1500041,p1500041,caught_stealing,0410200,-0.4,138km/h フォーク、ランエンドヒット、送球がバウンド（田宮）、盗塁失敗（廣岡）,result_detail_high_confidence
2026-04-04,2021038668,,,楽天,平良 竜哉,2105283,p2105283,stolen_base,1,0.2,,official_boxscore
2026-04-04,2021038669,1,裏,ロッテ,藤原 恭大,1800050,p1800050,caught_stealing,0120300,-0.4,チェンジアップ、ランエンドヒット、盗塁失敗（藤原）,result_detail_high_confidence
2026-04-05,2021038670,,,巨人,松本 剛,1100095,p1100095,stolen_base,1,0.2,,official_boxscore
2026-04-05,2021038671,,,中日,福永 裕基,2103780,p2103780,stolen_base,1,0.2,,official_boxscore
2026-04-05,2021038671,2,表,中日,花田 旭,2100275,p2100275,caught_stealing,0210300,-0.4,フォーク、ランエンドヒット、盗塁失敗（花田）,result_detail_high_confidence
2026-04-05,2021038671,5,裏,ヤクルト,増田 珠,1700131,p1700131,caught_stealing,0520200,-0.4,カットボール、ランエンドヒット、ハーフスイング、盗塁失敗（増田）,result_detail_high_confidence
2026-04-05,2021038672,,,阪神,近本 光司,1800065,p1800065,stolen_base,1,0.2,,official_boxscore
2026-04-05,2021038672,,,広島,辰見 鴻之介,2107887,p2107887,stolen_base,1,0.2,,official_boxscore
2026-04-05,2021038673,,,日本ハム,五十幡 亮汰,2000080,p2000080,stolen_base,1,0.2,,official_boxscore
2026-04-05,2021038673,,,日本ハム,清宮 幸太郎,1700025,p1700025,stolen_base,1,0.2,,official_boxscore
2026-04-05,2021038674,7,表,楽天,村林 一輝,1600007,p1600007,caught_stealing,0710300,-0.4,150km/h ストレート、ランエンドヒット、リプレー検証後判定変わらず、盗塁失敗（村林）、楽天・残り1回,result_detail_high_confidence
2026-04-05,2021038675,,,ソフトバンク,周東 佑京,1700135,p1700135,stolen_base,1,0.2,,official_boxscore
2026-04-05,2021038675,,,ロッテ,岡 大海,1300044,p1300044,stolen_base,1,0.2,,official_boxscore
2026-04-05,2021038675,,,ロッテ,西川 史礁,1950286,p1950286,stolen_base,1,0.2,,official_boxscore
2026-04-05,2021038675,,,ロッテ,和田 康士朗,1700098,p1700098,stolen_base,1,0.2,,official_boxscore
2026-04-05,2021038675,9,裏,ロッテ,髙部 瑛斗,1900082,p1900082,baserunning_out,0920400,-0.4,ストレート、３塁上タッチアウト（小川）、３・本塁間タッチアウト（髙部）、セーフティスクイズ、バント失敗、挟まれる（髙部）,result_detail_high_confidence
2026-04-07,2021038676,,,中日,福永 裕基,2103780,p2103780,stolen_base,1,0.2,,official_boxscore
2026-04-07,2021038676,,,中日,村松 開人,1750223,p1750223,stolen_base,1,0.2,,official_boxscore
2026-04-07,2021038676,3,表,中日,福永 裕基,2103780,p2103780,baserunning_out,0310200,-0.4,129km/h スプリット、ジャンピングキャッチ（牧）、慌てて戻る（福永）,result_detail_high_confidence
2026-04-07,2021038678,,,巨人,浦田 俊輔,1951153,p1951153,stolen_base,1,0.2,,official_boxscore
2026-04-07,2021038678,,,巨人,泉口 友汰,1750321,p1750321,stolen_base,1,0.2,,official_boxscore
2026-04-07,2021038678,,,広島,大盛 穂,1800079,p1800079,stolen_base,1,0.2,,official_boxscore
2026-04-07,2021038679,,,日本ハム,五十幡 亮汰,2000080,p2000080,stolen_base,1,0.2,,official_boxscore
2026-04-07,2021038679,,,楽天,小深田 大翔,1900112,p1900112,stolen_base,1,0.2,,official_boxscore
2026-04-07,2021038679,4,裏,楽天,辰己 涼介,1800117,p1800117,caught_stealing,0420400,-0.4,"けん制飛び出し（辰己）、挟まれる（辰己）、捕球ミス（清宮幸）、盗塁失敗（辰己）、ランナー2,3塁",result_detail_high_confidence
2026-04-07,2021038680,3,表,ロッテ,松川 虎生,2100346,p2100346,caught_stealing,0310300,-0.4,盗塁失敗（松川）,result_detail_high_confidence
2026-04-07,2021038680,5,裏,オリックス,宗 佑磨,1400196,p1400196,caught_stealing,0520300,-0.4,133km/h カットボール、ランエンドヒット、盗塁失敗（宗）,result_detail_high_confidence
2026-04-07,2021038680,6,裏,オリックス,西川 龍馬,1500096,p1500096,caught_stealing,0620200,-0.4,137km/h カットボール、ランエンドヒット、盗塁失敗（西川）,result_detail_high_confidence
2026-04-07,2021038681,4,表,西武,平沢 大河,1500117,p1500117,caught_stealing,0410600,-0.4,けん制飛び出し（平沢）、盗塁失敗（平沢）,result_detail_high_confidence
2026-04-08,2021038682,,,中日,尾田 剛樹,2107645,p2107645,stolen_base,1,0.2,,official_boxscore
2026-04-08,2021038682,,,中日,加藤 匠馬,1400160,p1400160,stolen_base,1,0.2,,official_boxscore
2026-04-08,2021038682,,,DeNA,蝦名 達夫,1900035,p1900035,stolen_base,1,0.2,,official_boxscore
2026-04-08,2021038683,1,裏,阪神,中野 拓夢,2000056,p2000056,caught_stealing,0120300,-0.4,147km/h ストレート、盗塁失敗（中野）、ランナー3塁,result_detail_high_confidence
2026-04-08,2021038683,3,表,ヤクルト,伊藤 琉偉,2112175,p2112175,caught_stealing,0310300,-0.4,130km/h スイーパー、ランエンドヒット、盗塁失敗（伊藤）,result_detail_high_confidence
2026-04-08,2021038685,8,裏,楽天,ワォーターズ,2112158,p2112158,baserunning_out,0820400,-0.4,"カットボール、３・本塁間タッチアウト（ワォーターズ）、挟まれる（ワォーターズ）、ランナー1,2塁",result_detail_high_confidence
2026-04-08,2021038686,,,オリックス,宗 佑磨,1400196,p1400196,stolen_base,1,0.2,,official_boxscore
2026-04-08,2021038686,3,裏,オリックス,宗 佑磨,1400196,p1400196,caught_stealing,0320200,-0.4,149km/h ストレート、バント空振り、ハーフスイング、盗塁失敗（宗）,result_detail_high_confidence
2026-04-09,2021038688,,,ヤクルト,岩田 幸宏,2103917,p2103917,stolen_base,1,0.2,,official_boxscore
2026-04-09,2021038688,,,ヤクルト,伊藤 琉偉,2112175,p2112175,stolen_base,1,0.2,,official_boxscore
2026-04-09,2021038688,,,阪神,近本 光司,1800065,p1800065,stolen_base,1,0.2,,official_boxscore
2026-04-09,2021038688,,,阪神,佐藤 輝明,2000051,p2000051,stolen_base,1,0.2,,official_boxscore
2026-04-09,2021038690,,,楽天,小深田 大翔,1900112,p1900112,stolen_base,1,0.2,,official_boxscore
2026-04-09,2021038691,3,表,ロッテ,友杉 篤輝,2106798,p2106798,baserunning_out,0310200,-0.4,スライダー、２・３塁間タッチアウト（友杉）、挟まれる（友杉）、ランナー2塁,result_detail_high_confidence
2026-04-09,2021038691,3,表,ロッテ,髙部 瑛斗,1900082,p1900082,caught_stealing,0310300,-0.4,148km/h ストレート、ヘッドスライディング（髙部）、盗塁失敗（髙部）、ランナー1塁,result_detail_high_confidence
2026-04-09,2021038692,3,表,西武,外崎 修汰,1400184,p1400184,caught_stealing,0310300,-0.4,ストレート、ヘッドスライディング（外崎）、盗塁失敗（外崎）,result_detail_high_confidence
2026-04-10,2021038693,,,ヤクルト,岩田 幸宏,2103917,p2103917,stolen_base,1,0.2,,official_boxscore
2026-04-10,2021038693,,,巨人,浦田 俊輔,1951153,p1951153,stolen_base,1,0.2,,official_boxscore
2026-04-10,2021038693,4,表,ヤクルト,オスナ,2000133,p2000133,caught_stealing,0410600,-0.4,ストレート、投手バランスを崩す、ワンバウンド、盗塁失敗（オスナ）,result_detail_high_confidence
2026-04-10,2021038695,,,阪神,近本 光司,1800065,p1800065,stolen_base,1,0.2,,official_boxscore
2026-04-10,2021038695,,,阪神,近本 光司,1800065,p1800065,stolen_base,2,0.2,,official_boxscore
2026-04-10,2021038695,,,阪神,中野 拓夢,2000056,p2000056,stolen_base,1,0.2,,official_boxscore
2026-04-10,2021038695,,,阪神,植田 海,1400172,p1400172,stolen_base,1,0.2,,official_boxscore
2026-04-10,2021038695,,,中日,樋口 正修,2103947,p2103947,stolen_base,1,0.2,,official_boxscore
2026-04-10,2021038695,,,中日,尾田 剛樹,2107645,p2107645,stolen_base,1,0.2,,official_boxscore
2026-04-10,2021038695,8,表,阪神,福島 圭音,2110225,p2110225,caught_stealing,0810200,-0.4,134km/h スプリット、ヘッドスライディング（福島）、リプレー検証後判定変わらず、盗塁失敗（福島）、阪神・残り1回,result_detail_high_confidence
2026-04-11,2021038698,,,ヤクルト,岩田 幸宏,2103917,p2103917,stolen_base,1,0.2,,official_boxscore
2026-04-11,2021038701,,,日本ハム,水野 達稀,1851204,p1851204,stolen_base,1,0.2,,official_boxscore
2026-04-11,2021038702,,,楽天,小郷 裕哉,1800123,p1800123,stolen_base,1,0.2,,official_boxscore
2026-04-12,2021038705,5,表,広島,勝田 成,2110422,p2110422,caught_stealing,0510200,-0.4,126km/h スイーパー、ヘッドスライディング（勝田）、盗塁失敗（勝田）,result_detail_high_confidence
2026-04-12,2021038706,2,裏,中日,村松 開人,1750223,p1750223,caught_stealing,0220400,-0.4,ディレイドスチール、盗塁失敗（村松）,result_detail_high_confidence
2026-04-12,2021038706,4,表,阪神,佐藤 輝明,2000051,p2000051,caught_stealing,0410300,-0.4,155km/h ストレート、盗塁失敗（佐藤）,result_detail_high_confidence
2026-04-12,2021038708,,,楽天,小郷 裕哉,1800123,p1800123,stolen_base,1,0.2,,official_boxscore
2026-04-12,2021038708,,,楽天,中島 大輔,1950278,p1950278,stolen_base,1,0.2,,official_boxscore
2026-04-12,2021038708,5,裏,楽天,小郷 裕哉,1800123,p1800123,baserunning_out,0520400,-0.4,142km/h ツーシーム、ダイビングキャッチ（太田）、好プレイ（太田）、慌てて戻る（小郷）,result_detail_high_confidence
2026-04-12,2021038709,,,ロッテ,藤原 恭大,1800050,p1800050,stolen_base,1,0.2,,official_boxscore
2026-04-12,2021038709,3,表,ロッテ,上田 希由翔,1850947,p1850947,baserunning_out,0310300,-0.4,147km/h カットボール、慌てて戻る（上田）,result_detail_high_confidence
2026-04-14,2021038711,1,裏,中日,サノー,1561854,p1561854,baserunning_out,0120600,-0.4,ストレート、１・２塁間タッチアウト（サノー）、フェンス直撃、挟まれる（サノー）,result_detail_high_confidence
2026-04-14,2021038712,,,巨人,泉口 友汰,1750321,p1750321,stolen_base,1,0.2,,official_boxscore
2026-04-14,2021038712,,,阪神,熊谷 敬宥,1700079,p1700079,stolen_base,1,0.2,,official_boxscore
2026-04-14,2021038712,4,表,巨人,大城 卓三,1700044,p1700044,baserunning_out,0410400,-0.4,"フォーク、３・本塁間タッチアウト（大城）、内野前進、挟まれる（大城）、リプレー検証後判定変わらず、阪神・残り1回、ランナー2,3塁",result_detail_high_confidence
2026-04-14,2021038712,9,表,巨人,松本 剛,1100095,p1100095,caught_stealing,0910500,-0.4,けん制飛び出し（松本）、盗塁失敗（松本）,result_detail_high_confidence
2026-04-14,2021038712,9,裏,阪神,小幡 竜平,1800066,p1800066,caught_stealing,0920400,-0.4,152km/h ストレート、盗塁失敗（小幡）,result_detail_high_confidence
2026-04-14,2021038713,2,裏,ロッテ,山本 大斗,2000094,p2000094,caught_stealing,0220400,-0.4,けん制飛び出し（山本）、盗塁失敗（山本）,result_detail_high_confidence
2026-04-14,2021038713,5,裏,ロッテ,上田 希由翔,1850947,p1850947,caught_stealing,0520300,-0.4,フォーク、ランエンドヒット、送球がバウンド（田宮）、盗塁失敗（上田）,result_detail_high_confidence
2026-04-14,2021038715,,,楽天,小深田 大翔,1900112,p1900112,stolen_base,1,0.2,,official_boxscore
2026-04-14,2021038715,,,楽天,小深田 大翔,1900112,p1900112,stolen_base,2,0.2,,official_boxscore
2026-04-14,2021038715,,,楽天,黒川 史陽,1900113,p1900113,stolen_base,1,0.2,,official_boxscore
2026-04-14,2021038715,9,表,楽天,小郷 裕哉,1800123,p1800123,caught_stealing,0910300,-0.4,フォーク、盗塁失敗（小郷）,result_detail_high_confidence
2026-04-15,2021038716,,,広島,菊池 涼介,1100082,p1100082,stolen_base,1,0.2,,official_boxscore
2026-04-15,2021038716,,,広島,菊池 涼介,1100082,p1100082,stolen_base,2,0.2,,official_boxscore
2026-04-15,2021038716,,,広島,坂倉 将吾,1600124,p1600124,stolen_base,1,0.2,,official_boxscore
2026-04-15,2021038716,,,広島,辰見 鴻之介,2107887,p2107887,stolen_base,1,0.2,,official_boxscore
2026-04-15,2021038716,6,表,広島,ファビアン,2114882,p2114882,baserunning_out,0610600,-0.4,150km/h ストレート、１塁戻れずアウト（ファビアン）、ボーンヘッド（ファビアン）,result_detail_high_confidence
2026-04-15,2021038719,,,オリックス,渡部 遼人,2103747,p2103747,stolen_base,1,0.2,,official_boxscore
2026-04-15,2021038719,,,オリックス,渡部 遼人,2103747,p2103747,stolen_base,2,0.2,,official_boxscore
2026-04-15,2021038719,1,裏,オリックス,西川 龍馬,1500096,p1500096,baserunning_out,0120400,-0.4,ストレート、高めのつり球を要求、挟まれる（西川）,result_detail_high_confidence
2026-04-15,2021038720,,,楽天,中島 大輔,1950278,p1950278,stolen_base,1,0.2,,official_boxscore
2026-04-15,2021038720,,,ソフトバンク,近藤 健介,1100097,p1100097,stolen_base,1,0.2,,official_boxscore
2026-04-15,2021038720,7,表,楽天,平良 竜哉,2105283,p2105283,caught_stealing,0710200,-0.4,フォーク、バスターエンドラン、盗塁失敗（平良）,result_detail_high_confidence
2026-04-16,2021038721,,,ヤクルト,長岡 秀樹,1900028,p1900028,stolen_base,1,0.2,,official_boxscore
2026-04-16,2021038721,,,ヤクルト,岩田 幸宏,2103917,p2103917,stolen_base,1,0.2,,official_boxscore
2026-04-16,2021038721,7,裏,ヤクルト,長岡 秀樹,1900028,p1900028,caught_stealing,0720300,-0.4,チェンジアップ、ランエンドヒット、ワンバウンド、盗塁失敗（長岡）,result_detail_high_confidence
2026-04-16,2021038722,3,表,巨人,佐々木 俊輔,2106178,p2106178,caught_stealing,0310200,-0.4,けん制飛び出し（佐々木）、盗塁失敗（佐々木）,result_detail_high_confidence
2026-04-16,2021038724,,,オリックス,渡部 遼人,2103747,p2103747,stolen_base,1,0.2,,official_boxscore
2026-04-16,2021038724,4,裏,オリックス,中川 圭太,1800104,p1800104,baserunning_out,0420300,-0.4,チェンジアップ、ランエンドヒット、慌てて戻る（中川）,result_detail_high_confidence
2026-04-16,2021038724,8,裏,オリックス,森 友哉,1300100,p1300100,baserunning_out,0820400,-0.4,"ストレート、３・本塁間タッチアウト（森友）、内野前進、止めたバットに当たる、挟まれる（森友）、ランナー2,3塁",result_detail_high_confidence
2026-04-17,2021038727,3,表,中日,村松 開人,1750223,p1750223,caught_stealing,0310300,-0.4,125km/h スライダー、ランエンドヒット、盗塁失敗（村松）,result_detail_high_confidence
2026-04-17,2021038728,,,DeNA,蝦名 達夫,1900035,p1900035,stolen_base,1,0.2,,official_boxscore
2026-04-17,2021038728,,,DeNA,宮下 朝陽,2100014,p2100014,stolen_base,1,0.2,,official_boxscore
2026-04-17,2021038728,1,表,DeNA,佐野 恵太,1600089,p1600089,baserunning_out,0110400,-0.4,141km/h ツーシーム、３塁上タッチアウト（佐野）、痛烈な当たり、ライン際、オーバーラン（佐野）、ランナー2塁,result_detail_high_confidence
2026-04-17,2021038728,3,表,DeNA,蝦名 達夫,1900035,p1900035,baserunning_out,0310300,-0.4,146km/h ストレート、ジャンピングキャッチ（ファビアン）、好プレイ（ファビアン）、慌てて戻る（蝦名）,result_detail_high_confidence
2026-04-17,2021038728,5,表,DeNA,佐野 恵太,1600089,p1600089,baserunning_out,0510300,-0.4,147km/h ストレート、止めたバットに当たる、挟まれる（佐野）,result_detail_high_confidence
2026-04-17,2021038728,8,表,DeNA,神里 和毅,1700059,p1700059,caught_stealing,0810300,-0.4,130km/h シンカー、盗塁失敗（神里）,result_detail_high_confidence
2026-04-17,2021038729,9,表,西武,滝澤 夏央,2103618,p2103618,caught_stealing,0910300,-0.4,149km/h ツーシーム、ハーフスイング、盗塁失敗（滝澤）,result_detail_high_confidence
2026-04-17,2021038730,,,楽天,辰己 涼介,1800117,p1800117,stolen_base,1,0.2,,official_boxscore
2026-04-17,2021038731,4,表,オリックス,森 友哉,1300100,p1300100,baserunning_out,0410400,-0.4,"チェンジアップ、３・本塁間タッチアウト（森友）、挟まれる（森友）、走路をはみ出る（森友）、ランナー1,2塁",result_detail_high_confidence
2026-04-18,2021038732,,,巨人,泉口 友汰,1750321,p1750321,stolen_base,1,0.2,,official_boxscore
2026-04-18,2021038732,,,ヤクルト,丸山 和郁,1650522,p1650522,stolen_base,1,0.2,,official_boxscore
2026-04-18,2021038732,5,表,巨人,佐々木 俊輔,2106178,p2106178,caught_stealing,0510300,-0.4,ストレート、ランエンドヒット、送球がバウンド（古賀）、盗塁失敗（佐々木）,result_detail_high_confidence
2026-04-18,2021038733,4,裏,阪神,大山 悠輔,1600113,p1600113,baserunning_out,0420300,-0.4,"132km/h カットボール、３・本塁間タッチアウト（大山）、挟まれる（大山）、ランナー1,2塁",result_detail_high_confidence
2026-04-18,2021038734,,,広島,大盛 穂,1800079,p1800079,stolen_base,1,0.2,,official_boxscore
2026-04-18,2021038734,,,広島,佐々木 泰,2050203,p2050203,stolen_base,1,0.2,,official_boxscore
2026-04-18,2021038735,,,西武,滝澤 夏央,2103618,p2103618,stolen_base,1,0.2,,official_boxscore
2026-04-18,2021038735,,,日本ハム,奈良間 大己,1850932,p1850932,stolen_base,1,0.2,,official_boxscore
2026-04-18,2021038736,,,楽天,小深田 大翔,1900112,p1900112,stolen_base,1,0.2,,official_boxscore
2026-04-18,2021038736,8,裏,楽天,伊藤 光,800075,p800075,baserunning_out,0820200,-0.4,128km/h シンカー、フェンスギリギリ、慌てて戻る（伊藤光）,result_detail_high_confidence
2026-04-18,2021038737,,,ソフトバンク,周東 佑京,1700135,p1700135,stolen_base,1,0.2,,official_boxscore
2026-04-19,2021038738,2,裏,ヤクルト,岩田 幸宏,2103917,p2103917,caught_stealing,0220400,-0.4,スライダー、盗塁失敗（岩田）,result_detail_high_confidence
2026-04-19,2021038739,8,裏,阪神,福島 圭音,2110225,p2110225,caught_stealing,0820400,-0.4,148km/h ストレート、ヘッドスライディング（福島）、盗塁失敗（福島）,result_detail_high_confidence
2026-04-19,2021038740,,,DeNA,三森 大貴,1600167,p1600167,stolen_base,1,0.2,,official_boxscore
2026-04-19,2021038740,,,広島,勝田 成,2110422,p2110422,stolen_base,1,0.2,,official_boxscore
2026-04-19,2021038740,1,表,DeNA,牧 秀悟,2000035,p2000035,baserunning_out,0110200,-0.4,144km/h ストレート、慌てて戻る（牧）,result_detail_high_confidence
2026-04-19,2021038742,,,ロッテ,小川 龍成,2000089,p2000089,stolen_base,1,0.2,,official_boxscore
2026-04-19,2021038742,,,楽天,中島 大輔,1950278,p1950278,stolen_base,1,0.2,,official_boxscore
2026-04-19,2021038742,,,楽天,平良 竜哉,2105283,p2105283,stolen_base,1,0.2,,official_boxscore
2026-04-19,2021038742,2,裏,楽天,小郷 裕哉,1800123,p1800123,caught_stealing,0220500,-0.4,ストレート、リプレー検証後判定変わらず、盗塁失敗（小郷）、楽天・残り1回,result_detail_high_confidence
2026-04-19,2021038743,,,ソフトバンク,周東 佑京,1700135,p1700135,stolen_base,1,0.2,,official_boxscore
2026-04-21,2021038744,,,巨人,佐々木 俊輔,2106178,p2106178,stolen_base,1,0.2,,official_boxscore
2026-04-21,2021038744,1,表,中日,石伊 雄太,2105102,p2105102,baserunning_out,0110300,-0.4,142km/h ストレート、慌てて戻る（石伊）,result_detail_high_confidence
2026-04-21,2021038745,,,DeNA,三森 大貴,1600167,p1600167,stolen_base,1,0.2,,official_boxscore
2026-04-21,2021038745,,,DeNA,勝又 温史,1800046,p1800046,stolen_base,1,0.2,,official_boxscore
2026-04-21,2021038745,,,DeNA,京田 陽太,1600107,p1600107,stolen_base,1,0.2,,official_boxscore
2026-04-21,2021038745,,,DeNA,林 琢真,1850208,p1850208,stolen_base,1,0.2,,official_boxscore
2026-04-21,2021038746,,,ヤクルト,赤羽 由紘,2000031,p2000031,stolen_base,1,0.2,,official_boxscore
2026-04-21,2021038748,,,西武,長谷川 信哉,2000075,p2000075,stolen_base,1,0.2,,official_boxscore
2026-04-21,2021038748,1,裏,西武,滝澤 夏央,2103618,p2103618,caught_stealing,0121000,-0.4,148km/h ストレート、盗塁失敗（滝澤）,result_detail_high_confidence
2026-04-22,2021038751,,,阪神,森下 翔太,1850183,p1850183,stolen_base,1,0.2,,official_boxscore
2026-04-22,2021038751,,,阪神,福島 圭音,2110225,p2110225,stolen_base,1,0.2,,official_boxscore
2026-04-22,2021038752,,,ヤクルト,岩田 幸宏,2103917,p2103917,stolen_base,1,0.2,,official_boxscore
2026-04-22,2021038752,,,広島,菊池 涼介,1100082,p1100082,stolen_base,1,0.2,,official_boxscore
2026-04-22,2021038752,,,広島,辰見 鴻之介,2107887,p2107887,stolen_base,1,0.2,,official_boxscore
2026-04-22,2021038753,,,日本ハム,五十幡 亮汰,2000080,p2000080,stolen_base,1,0.2,,official_boxscore
2026-04-22,2021038753,5,表,楽天,渡邊 佳明,1800122,p1800122,baserunning_out,0510400,-0.4,132km/h フォーク、野手の正面をつく、慌てて戻る（渡邊佳）,result_detail_high_confidence
2026-04-22,2021038754,,,西武,岸 潤一郎,1900068,p1900068,stolen_base,1,0.2,,official_boxscore
2026-04-22,2021038755,,,オリックス,渡部 遼人,2103747,p2103747,stolen_base,1,0.2,,official_boxscore
2026-04-23,2021038758,,,日本ハム,五十幡 亮汰,2000080,p2000080,stolen_base,1,0.2,,official_boxscore
2026-04-23,2021038758,,,日本ハム,奈良間 大己,1850932,p1850932,stolen_base,1,0.2,,official_boxscore
2026-04-23,2021038758,1,表,楽天,辰己 涼介,1800117,p1800117,caught_stealing,0110400,-0.4,ストレート、盗塁失敗（辰己）,result_detail_high_confidence
2026-04-23,2021038758,3,裏,日本ハム,矢澤 宏太,2106284,p2106284,caught_stealing,0320400,-0.4,143km/h ストレート、盗塁失敗（矢澤）,result_detail_high_confidence
2026-04-23,2021038758,4,裏,日本ハム,西川 遥輝,1000100,p1000100,baserunning_out,0420300,-0.4,スライダー、３・本塁間タッチアウト（西川）、挟まれる（西川）、ランナー2塁,result_detail_high_confidence
2026-04-23,2021038759,,,西武,岸 潤一郎,1900068,p1900068,stolen_base,1,0.2,,official_boxscore
2026-04-23,2021038759,,,西武,平沢 大河,1500117,p1500117,stolen_base,1,0.2,,official_boxscore
2026-04-23,2021038759,,,西武,古賀 悠斗,1750472,p1750472,stolen_base,1,0.2,,official_boxscore
2026-04-23,2021038759,1,裏,西武,渡部 聖弥,1950417,p1950417,baserunning_out,0120400,-0.4,147km/h ストレート、３塁上タッチアウト（渡部）、オーバーラン（渡部）,result_detail_high_confidence
2026-04-24,2021038761,,,巨人,浦田 俊輔,1951153,p1951153,stolen_base,1,0.2,,official_boxscore
2026-04-24,2021038761,1,裏,DeNA,三森 大貴,1600167,p1600167,caught_stealing,0120300,-0.4,143km/h ツーシーム、ヘッドスライディング（三森）、リプレー検証後判定変わらず、盗塁失敗（三森）、DeNA・残り1回,result_detail_high_confidence
2026-04-24,2021038762,,,中日,大島 洋平,900410,p900410,stolen_base,1,0.2,,official_boxscore
2026-04-24,2021038763,,,日本ハム,清宮 幸太郎,1700025,p1700025,stolen_base,1,0.2,,official_boxscore
2026-04-24,2021038763,,,日本ハム,矢澤 宏太,2106284,p2106284,stolen_base,1,0.2,,official_boxscore
2026-04-24,2021038763,,,オリックス,渡部 遼人,2103747,p2103747,stolen_base,1,0.2,,official_boxscore
2026-04-24,2021038763,,,オリックス,渡部 遼人,2103747,p2103747,stolen_base,2,0.2,,official_boxscore
2026-04-24,2021038763,2,裏,オリックス,森 友哉,1300100,p1300100,caught_stealing,0220400,-0.4,141km/h スプリット、ワンバウンド、盗塁失敗（森友）,result_detail_high_confidence
2026-04-25,2021038764,,,巨人,キャベッジ,2118420,p2118420,stolen_base,1,0.2,,official_boxscore
2026-04-25,2021038764,,,巨人,浦田 俊輔,1951153,p1951153,stolen_base,1,0.2,,official_boxscore
2026-04-25,2021038764,,,巨人,松本 剛,1100095,p1100095,stolen_base,1,0.2,,official_boxscore
2026-04-25,2021038764,,,巨人,萩尾 匡也,2105013,p2105013,stolen_base,1,0.2,,official_boxscore
2026-04-25,2021038764,,,DeNA,三森 大貴,1600167,p1600167,stolen_base,1,0.2,,official_boxscore
2026-04-25,2021038764,3,表,巨人,松本 剛,1100095,p1100095,baserunning_out,0310200,-0.4,けん制飛び出し（松本）、盗塁成功（松本）、ランナー2塁,result_detail_high_confidence
2026-04-25,2021038764,8,裏,DeNA,三森 大貴,1600167,p1600167,baserunning_out,0820300,-0.4,142km/h ストレート、挟まれる（三森）,result_detail_high_confidence
2026-04-25,2021038766,,,広島,大盛 穂,1800079,p1800079,stolen_base,1,0.2,,official_boxscore
2026-04-25,2021038766,,,広島,辰見 鴻之介,2107887,p2107887,stolen_base,1,0.2,,official_boxscore
2026-04-25,2021038766,,,阪神,坂本 誠志郎,1500087,p1500087,stolen_base,1,0.2,,official_boxscore
2026-04-25,2021038766,,,阪神,小幡 竜平,1800066,p1800066,stolen_base,1,0.2,,official_boxscore
2026-04-25,2021038766,10,裏,阪神,小幡 竜平,1800066,p1800066,baserunning_out,1020400,-0.4,けん制飛び出し（小幡）、盗塁成功（小幡）、ランナー2塁,result_detail_high_confidence
2026-04-25,2021038767,,,楽天,村林 一輝,1600007,p1600007,stolen_base,1,0.2,,official_boxscore
2026-04-25,2021038767,2,裏,楽天,黒川 史陽,1900113,p1900113,caught_stealing,0220400,-0.4,ストレート、盗塁失敗（黒川）,result_detail_high_confidence
2026-04-25,2021038767,6,裏,楽天,マッカスカー,2122300,p2122300,baserunning_out,0620200,-0.4,157km/h ストレート、暴投（羽田）、２塁上タッチアウト（マッカスカー）、ワンバウンド、ヘッドスライディング（平良）、好走塁（平良）、暴走（マッカスカー）、ランナー3塁,result_detail_high_confidence
2026-04-25,2021038768,,,日本ハム,矢澤 宏太,2106284,p2106284,stolen_base,1,0.2,,official_boxscore
2026-04-25,2021038768,7,裏,オリックス,麦谷 祐介,2110153,p2110153,caught_stealing,0720300,-0.4,ストレート、ピッチアウト、盗塁失敗（麦谷）,result_detail_high_confidence
2026-04-25,2021038769,,,ロッテ,愛斗,1500102,p1500102,stolen_base,1,0.2,,official_boxscore
2026-04-25,2021038769,,,ロッテ,小川 龍成,2000089,p2000089,stolen_base,1,0.2,,official_boxscore
2026-04-25,2021038769,6,裏,ソフトバンク,周東 佑京,1700135,p1700135,baserunning_out,0620200,-0.4,146km/h ストレート、痛烈な当たり、慌てて戻る（周東）,result_detail_high_confidence
2026-04-26,2021038770,,,巨人,キャベッジ,2118420,p2118420,stolen_base,1,0.2,,official_boxscore
2026-04-26,2021038771,,,ヤクルト,赤羽 由紘,2000031,p2000031,stolen_base,1,0.2,,official_boxscore
2026-04-26,2021038771,,,ヤクルト,丸山 和郁,1650522,p1650522,stolen_base,1,0.2,,official_boxscore
2026-04-26,2021038771,,,中日,田中 幹也,1750701,p1750701,stolen_base,1,0.2,,official_boxscore
2026-04-26,2021038772,,,広島,大盛 穂,1800079,p1800079,stolen_base,1,0.2,,official_boxscore
2026-04-26,2021038772,,,阪神,福島 圭音,2110225,p2110225,stolen_base,1,0.2,,official_boxscore
2026-04-26,2021038773,,,楽天,小郷 裕哉,1800123,p1800123,stolen_base,1,0.2,,official_boxscore
2026-04-26,2021038773,8,表,西武,源田 壮亮,1600129,p1600129,baserunning_out,0810300,-0.4,スライダー、３・本塁間タッチアウト（源田）、内野前進、挟まれる（源田）、ランナー2塁,result_detail_high_confidence
2026-04-26,2021038773,9,表,西武,渡部 聖弥,1950417,p1950417,baserunning_out,0910200,-0.4,152km/h ストレート、慌てて戻る（渡部）、送球がバウンド（黒川）,result_detail_high_confidence
2026-04-26,2021038773,9,裏,楽天,ワォーターズ,2112158,p2112158,caught_stealing,0920300,-0.4,155km/h ストレート、ランエンドヒット、盗塁失敗（ワォーターズ）,result_detail_high_confidence
2026-04-28,2021038777,,,ヤクルト,丸山 和郁,1650522,p1650522,stolen_base,1,0.2,,official_boxscore
2026-04-28,2021038777,,,ヤクルト,内山 壮真,2000026,p2000026,stolen_base,1,0.2,,official_boxscore
2026-04-28,2021038778,,,中日,尾田 剛樹,2107645,p2107645,stolen_base,1,0.2,,official_boxscore
2026-04-28,2021038778,8,裏,中日,石伊 雄太,2105102,p2105102,caught_stealing,0820200,-0.4,140km/h スライダー、ランエンドヒット、ワンバウンド、ハーフスイング、盗塁失敗（石伊）,result_detail_high_confidence
2026-04-28,2021038779,,,西武,カナリオ,2117028,p2117028,stolen_base,1,0.2,,official_boxscore
2026-04-28,2021038780,,,楽天,浅村 栄斗,900056,p900056,stolen_base,1,0.2,,official_boxscore
2026-04-28,2021038780,,,ロッテ,友杉 篤輝,2106798,p2106798,stolen_base,1,0.2,,official_boxscore
2026-04-28,2021038780,4,裏,ロッテ,西川 史礁,1950286,p1950286,caught_stealing,0420200,-0.4,141km/h スプリット、ランエンドヒット、盗塁失敗（西川）,result_detail_high_confidence
2026-04-28,2021038780,7,裏,ロッテ,西川 史礁,1950286,p1950286,caught_stealing,0720400,-0.4,スライダー、盗塁失敗（西川）,result_detail_high_confidence
2026-04-28,2021038781,,,ソフトバンク,庄子 雄大,1950149,p1950149,stolen_base,1,0.2,,official_boxscore
2026-04-28,2021038781,5,表,ソフトバンク,牧原 大成,1000175,p1000175,baserunning_out,0510400,-0.4,"ツーシーム、３・本塁間タッチアウト（牧原大）、挟まれる（牧原大）、ランナー2,3塁",result_detail_high_confidence
2026-04-29,2021038782,,,広島,野間 峻祥,1400173,p1400173,stolen_base,1,0.2,,official_boxscore
2026-04-29,2021038782,,,巨人,吉川 尚輝,1600059,p1600059,stolen_base,1,0.2,,official_boxscore
2026-04-29,2021038782,2,表,広島,坂倉 将吾,1600124,p1600124,baserunning_out,0210200,-0.4,142km/h ストレート、３塁上タッチアウト（坂倉）、セーフティバント、バント失敗、オーバーラン（坂倉）、ランナー1塁,result_detail_high_confidence
2026-04-29,2021038784,,,DeNA,蝦名 達夫,1900035,p1900035,stolen_base,1,0.2,,official_boxscore
2026-04-29,2021038784,9,裏,中日,尾田 剛樹,2107645,p2107645,caught_stealing,0920400,-0.4,147km/h ストレート、ヘッドスライディング（尾田）、悔しがる（尾田）、盗塁失敗（尾田）、ランナー3塁,result_detail_high_confidence
2026-04-29,2021038785,8,裏,西武,茶野 篤政,2107897,p2107897,caught_stealing,0820300,-0.4,ツーシーム、ヘッドスライディング（茶野）、リプレー検証後判定変わらず、盗塁失敗（茶野）、西武・残り0回,result_detail_high_confidence
2026-04-29,2021038786,,,ロッテ,藤原 恭大,1800050,p1800050,stolen_base,1,0.2,,official_boxscore
2026-04-29,2021038786,1,表,楽天,辰己 涼介,1800117,p1800117,caught_stealing,0110200,-0.4,けん制飛び出し（辰己）、挟まれる（辰己）、盗塁失敗（辰己）,result_detail_high_confidence
2026-04-29,2021038786,2,裏,ロッテ,友杉 篤輝,2106798,p2106798,caught_stealing,0220400,-0.4,スライダー、盗塁失敗（友杉）,result_detail_high_confidence
2026-04-29,2021038786,5,裏,ロッテ,寺地 隆成,2102926,p2102926,baserunning_out,0520600,-0.4,149km/h ストレート、２・３塁間タッチアウト（寺地）、タッチアップ（寺地）、挟まれる（寺地）,result_detail_high_confidence
2026-04-29,2021038787,2,表,ソフトバンク,牧原 大成,1000175,p1000175,caught_stealing,0210300,-0.4,けん制飛び出し（牧原大）、盗塁失敗（牧原大）,result_detail_high_confidence
2026-04-29,2021038787,3,裏,オリックス,中川 圭太,1800104,p1800104,caught_stealing,0320500,-0.4,128km/h フォーク、ランエンドヒット、盗塁失敗（中川）,result_detail_high_confidence
2026-04-30,2021038788,,,広島,野間 峻祥,1400173,p1400173,stolen_base,1,0.2,,official_boxscore
2026-04-30,2021038788,,,巨人,吉川 尚輝,1600059,p1600059,stolen_base,1,0.2,,official_boxscore
2026-04-30,2021038788,6,表,広島,辰見 鴻之介,2107887,p2107887,caught_stealing,0610200,-0.4,151km/h ストレート、バント構え、ヘッドスライディング（辰見）、リプレー検証後判定変わらず、盗塁失敗（辰見）、広島・残り1回,result_detail_high_confidence
2026-04-30,2021038790,,,DeNA,神里 和毅,1700059,p1700059,stolen_base,1,0.2,,official_boxscore
2026-04-30,2021038790,1,表,DeNA,蝦名 達夫,1900035,p1900035,caught_stealing,0110300,-0.4,139km/h カットボール、ランエンドヒット、盗塁失敗（蝦名）,result_detail_high_confidence
2026-04-30,2021038790,7,表,DeNA,ヒュンメル,2101034,p2101034,baserunning_out,0710500,-0.4,148km/h ストレート、慌てて戻る（ヒュンメル）,result_detail_high_confidence
2026-04-30,2021038791,7,裏,西武,古賀 悠斗,1750472,p1750472,caught_stealing,0720300,-0.4,ストレート、ヒットエンドラン、ピッチアウト、盗塁失敗（古賀悠）,result_detail_high_confidence
2026-04-30,2021038791,10,表,日本ハム,田宮 裕涼,1800095,p1800095,caught_stealing,1010300,-0.4,ストレート、ピッチアウト、スクイズ失敗、バント空振り、盗塁失敗（田宮）,result_detail_high_confidence
2026-05-01,2021038792,,,ヤクルト,岩田 幸宏,2103917,p2103917,stolen_base,1,0.2,,official_boxscore
2026-05-01,2021038792,,,ヤクルト,岩田 幸宏,2103917,p2103917,stolen_base,2,0.2,,official_boxscore
2026-05-01,2021038793,,,阪神,佐藤 輝明,2000051,p2000051,stolen_base,1,0.2,,official_boxscore
2026-05-01,2021038793,,,阪神,髙寺 望夢,2000057,p2000057,stolen_base,1,0.2,,official_boxscore
2026-05-01,2021038794,,,中日,福永 裕基,2103780,p2103780,stolen_base,1,0.2,,official_boxscore
2026-05-01,2021038794,,,広島,小園 海斗,1800072,p1800072,stolen_base,1,0.2,,official_boxscore
2026-05-01,2021038794,,,広島,佐々木 泰,2050203,p2050203,stolen_base,1,0.2,,official_boxscore
2026-05-01,2021038794,2,裏,広島,佐々木 泰,2050203,p2050203,baserunning_out,0220300,-0.4,133km/h カットボール、３・本塁間タッチアウト（佐々木）、内野前進、挟まれる（佐々木）、ランナー2塁,result_detail_high_confidence
2026-05-01,2021038794,3,裏,広島,坂倉 将吾,1600124,p1600124,caught_stealing,0320500,-0.4,141km/h ストレート、盗塁失敗（坂倉）,result_detail_high_confidence
2026-05-01,2021038794,6,表,中日,鵜飼 航丞,2103845,p2103845,caught_stealing,0610500,-0.4,けん制飛び出し（鵜飼）、盗塁失敗（鵜飼）,result_detail_high_confidence
2026-05-01,2021038796,,,ロッテ,佐藤 都志也,1900081,p1900081,stolen_base,1,0.2,,official_boxscore
2026-05-01,2021038797,,,ソフトバンク,牧原 大成,1000175,p1000175,stolen_base,1,0.2,,official_boxscore
2026-05-02,2021038798,,,ヤクルト,並木 秀尊,2000028,p2000028,stolen_base,1,0.2,,official_boxscore
2026-05-02,2021038798,,,ヤクルト,内山 壮真,2000026,p2000026,stolen_base,1,0.2,,official_boxscore
2026-05-02,2021038798,,,ヤクルト,赤羽 由紘,2000031,p2000031,stolen_base,1,0.2,,official_boxscore
2026-05-02,2021038799,5,裏,阪神,佐藤 輝明,2000051,p2000051,caught_stealing,0520300,-0.4,126km/h スライダー、セーフティバント、バント構え、盗塁失敗（佐藤）,result_detail_high_confidence
2026-05-02,2021038802,,,ロッテ,友杉 篤輝,2106798,p2106798,stolen_base,1,0.2,,official_boxscore
2026-05-02,2021038802,8,表,西武,石井 一成,1600134,p1600134,caught_stealing,0810400,-0.4,ストレート、盗塁失敗（石井）,result_detail_high_confidence
2026-05-02,2021038803,,,楽天,中島 大輔,1950278,p1950278,stolen_base,1,0.2,,official_boxscore
2026-05-02,2021038803,,,ソフトバンク,周東 佑京,1700135,p1700135,stolen_base,1,0.2,,official_boxscore
2026-05-03,2021038804,2,表,DeNA,宮﨑 敏郎,1200053,p1200053,baserunning_out,0210400,-0.4,"カットボール、３・本塁間タッチアウト（宮﨑）、挟まれる（宮﨑）、ランナー2,3塁",result_detail_high_confidence
2026-05-03,2021038804,2,裏,ヤクルト,武岡 龍世,1900029,p1900029,caught_stealing,0220400,-0.4,シンカー、ランエンドヒット、盗塁失敗（武岡）,result_detail_high_confidence
2026-05-03,2021038805,,,巨人,キャベッジ,2118420,p2118420,stolen_base,1,0.2,,official_boxscore
2026-05-03,2021038805,,,巨人,浦田 俊輔,1951153,p1951153,stolen_base,1,0.2,,official_boxscore
2026-05-03,2021038807,4,裏,日本ハム,野村 佑希,1800091,p1800091,caught_stealing,0420300,-0.4,チェンジアップ、バスターエンドラン、盗塁失敗（野村）,result_detail_high_confidence
2026-05-03,2021038808,3,表,西武,石井 一成,1600134,p1600134,baserunning_out,0310200,-0.4,135km/h ツーシーム、慌てて戻る（石井）,result_detail_high_confidence
2026-05-03,2021038808,8,表,西武,長谷川 信哉,2000075,p2000075,baserunning_out,0810400,-0.4,スプリット、３塁上タッチアウト（長谷川）、暴走（長谷川）,result_detail_high_confidence
2026-05-04,2021038810,,,ヤクルト,並木 秀尊,2000028,p2000028,stolen_base,1,0.2,,official_boxscore
2026-05-04,2021038810,,,巨人,佐々木 俊輔,2106178,p2106178,stolen_base,1,0.2,,official_boxscore
2026-05-04,2021038810,,,巨人,増田 陸,1800024,p1800024,stolen_base,1,0.2,,official_boxscore
2026-05-04,2021038811,,,DeNA,三森 大貴,1600167,p1600167,stolen_base,1,0.2,,official_boxscore
2026-05-04,2021038811,,,DeNA,三森 大貴,1600167,p1600167,stolen_base,2,0.2,,official_boxscore
2026-05-04,2021038811,,,DeNA,林 琢真,1850208,p1850208,stolen_base,1,0.2,,official_boxscore
2026-05-04,2021038813,,,日本ハム,淺間 大基,1400119,p1400119,stolen_base,1,0.2,,official_boxscore
2026-05-04,2021038813,,,楽天,辰己 涼介,1800117,p1800117,stolen_base,1,0.2,,official_boxscore
2026-05-04,2021038813,,,楽天,小郷 裕哉,1800123,p1800123,stolen_base,1,0.2,,official_boxscore
2026-05-04,2021038814,2,裏,西武,カナリオ,2117028,p2117028,caught_stealing,0220400,-0.4,135km/h チェンジアップ、リプレー検証後判定変わらず、盗塁失敗（カナリオ）、西武・残り1回、ランナー1塁,result_detail_high_confidence
2026-05-04,2021038815,5,表,ロッテ,小川 龍成,2000089,p2000089,caught_stealing,0510400,-0.4,139km/h ツーシーム、盗塁失敗（小川）,result_detail_high_confidence
2026-05-05,2021038817,,,広島,矢野 雅哉,2000065,p2000065,stolen_base,1,0.2,,official_boxscore
2026-05-05,2021038818,,,中日,カリステ,1560639,p1560639,stolen_base,1,0.2,,official_boxscore
2026-05-05,2021038818,,,中日,田中 幹也,1750701,p1750701,stolen_base,1,0.2,,official_boxscore
2026-05-05,2021038819,3,表,日本ハム,細川 凌平,2000082,p2000082,caught_stealing,0310400,-0.4,ツーシーム、盗塁失敗（細川）,result_detail_high_confidence
2026-05-05,2021038820,,,ソフトバンク,周東 佑京,1700135,p1700135,stolen_base,1,0.2,,official_boxscore
2026-05-05,2021038820,2,表,ソフトバンク,笹川 吉康,2000109,p2000109,caught_stealing,0210300,-0.4,135km/h スイーパー、盗塁失敗（笹川）,result_detail_high_confidence
2026-05-05,2021038821,,,オリックス,中川 圭太,1800104,p1800104,stolen_base,1,0.2,,official_boxscore
2026-05-05,2021038821,,,オリックス,宜保 翔,1800102,p1800102,stolen_base,1,0.2,,official_boxscore
2026-05-05,2021038821,6,表,ロッテ,小川 龍成,2000089,p2000089,caught_stealing,0610300,-0.4,133km/h スライダー、ヒットエンドラン、盗塁失敗（小川）,result_detail_high_confidence
2026-05-06,2021038822,,,ヤクルト,並木 秀尊,2000028,p2000028,stolen_base,1,0.2,,official_boxscore
2026-05-06,2021038822,8,裏,巨人,キャベッジ,2118420,p2118420,caught_stealing,0820400,-0.4,140km/h チェンジアップ、ヘッドスライディング（キャベッジ）、盗塁失敗（キャベッジ）,result_detail_high_confidence
2026-05-06,2021038825,,,日本ハム,奈良間 大己,1850932,p1850932,stolen_base,1,0.2,,official_boxscore
2026-05-06,2021038825,,,楽天,小郷 裕哉,1800123,p1800123,stolen_base,1,0.2,,official_boxscore
2026-05-06,2021038826,6,表,ソフトバンク,庄子 雄大,1950149,p1950149,caught_stealing,0610300,-0.4,142km/h フォーク、盗塁失敗（庄子）,result_detail_high_confidence
2026-05-06,2021038827,,,オリックス,渡部 遼人,2103747,p2103747,stolen_base,1,0.2,,official_boxscore
2026-05-06,2021038827,,,オリックス,宜保 翔,1800102,p1800102,stolen_base,1,0.2,,official_boxscore
2026-05-08,2021038830,,,ヤクルト,並木 秀尊,2000028,p2000028,stolen_base,1,0.2,,official_boxscore
2026-05-08,2021038830,6,裏,広島,小園 海斗,1800072,p1800072,caught_stealing,0620200,-0.4,145km/h ストレート、ランエンドヒット、盗塁失敗（小園）,result_detail_high_confidence
2026-05-08,2021038830,7,表,ヤクルト,岩田 幸宏,2103917,p2103917,caught_stealing,0710300,-0.4,ストレート、ピッチアウト、盗塁失敗（岩田）,result_detail_high_confidence
2026-05-08,2021038831,1,表,楽天,辰己 涼介,1800117,p1800117,caught_stealing,0110300,-0.4,けん制飛び出し（辰己）、挟まれる（辰己）、盗塁失敗（辰己）,result_detail_high_confidence
2026-05-08,2021038831,6,表,楽天,太田 光,1800118,p1800118,baserunning_out,0610200,-0.4,147km/h ストレート、２・３塁間タッチアウト（太田）、バント失敗、挟まれる（太田）、ランナー1塁,result_detail_high_confidence
2026-05-08,2021038832,,,日本ハム,五十幡 亮汰,2000080,p2000080,stolen_base,1,0.2,,official_boxscore
2026-05-08,2021038833,,,ソフトバンク,野村 勇,2104035,p2104035,stolen_base,1,0.2,,official_boxscore
2026-05-08,2021038833,6,表,ロッテ,藤原 恭大,1800050,p1800050,caught_stealing,0610800,-0.4,ストレート、盗塁失敗（藤原）,result_detail_high_confidence
2026-05-09,2021038834,,,中日,田中 幹也,1750701,p1750701,stolen_base,1,0.2,,official_boxscore
2026-05-09,2021038834,1,裏,中日,福永 裕基,2103780,p2103780,caught_stealing,0120300,-0.4,138km/h スプリット、盗塁失敗（福永）,result_detail_high_confidence
2026-05-09,2021038834,5,裏,中日,田中 幹也,1750701,p1750701,baserunning_out,0520300,-0.4,143km/h ストレート、走塁妨害（田中将）、挟まれる（田中）、ランナー2塁,result_detail_high_confidence
2026-05-09,2021038835,,,阪神,髙寺 望夢,2000057,p2000057,stolen_base,1,0.2,,official_boxscore
2026-05-09,2021038835,,,阪神,木浪 聖也,1800067,p1800067,stolen_base,1,0.2,,official_boxscore
2026-05-09,2021038835,2,表,DeNA,勝又 温史,1800046,p1800046,caught_stealing,0210400,-0.4,挟まれる（勝又）、盗塁失敗（勝又）,result_detail_high_confidence
2026-05-09,2021038835,5,表,DeNA,松尾 汐恩,2100277,p2100277,caught_stealing,0510300,-0.4,140km/h ストレート、盗塁失敗（松尾）,result_detail_high_confidence
2026-05-09,2021038836,,,ヤクルト,丸山 和郁,1650522,p1650522,stolen_base,1,0.2,,official_boxscore
2026-05-09,2021038836,,,ヤクルト,並木 秀尊,2000028,p2000028,stolen_base,1,0.2,,official_boxscore
2026-05-09,2021038837,,,西武,西川 愛也,1700122,p1700122,stolen_base,1,0.2,,official_boxscore
2026-05-09,2021038838,8,表,日本ハム,五十幡 亮汰,2000080,p2000080,caught_stealing,0810200,-0.4,けん制飛び出し（五十幡）、盗塁失敗（五十幡）,result_detail_high_confidence
2026-05-10,2021038840,,,巨人,平山 功太,2112330,p2112330,stolen_base,1,0.2,,official_boxscore
2026-05-10,2021038841,,,DeNA,三森 大貴,1600167,p1600167,stolen_base,1,0.2,,official_boxscore
2026-05-10,2021038842,,,広島,小園 海斗,1800072,p1800072,stolen_base,1,0.2,,official_boxscore
2026-05-10,2021038842,,,広島,辰見 鴻之介,2107887,p2107887,stolen_base,1,0.2,,official_boxscore
2026-05-10,2021038842,,,広島,辰見 鴻之介,2107887,p2107887,stolen_base,2,0.2,,official_boxscore
2026-05-10,2021038843,,,楽天,平良 竜哉,2105283,p2105283,stolen_base,1,0.2,,official_boxscore
2026-05-10,2021038844,,,日本ハム,水野 達稀,1851204,p1851204,stolen_base,1,0.2,,official_boxscore
2026-05-10,2021038844,4,表,日本ハム,矢澤 宏太,2106284,p2106284,baserunning_out,0410300,-0.4,ツーシーム、詰り、後ろ向きにキャッチ（紅林）、好プレイ（紅林）、慌てて戻る（矢澤）,result_detail_high_confidence
2026-05-10,2021038845,,,ロッテ,藤原 恭大,1800050,p1800050,stolen_base,1,0.2,,official_boxscore
2026-05-10,2021038845,,,ソフトバンク,周東 佑京,1700135,p1700135,stolen_base,1,0.2,,official_boxscore
2026-05-10,2021038845,,,ソフトバンク,周東 佑京,1700135,p1700135,stolen_base,2,0.2,,official_boxscore
2026-05-12,2021038847,,,阪神,髙寺 望夢,2000057,p2000057,stolen_base,1,0.2,,official_boxscore
2026-05-12,2021038847,1,表,阪神,大山 悠輔,1600113,p1600113,baserunning_out,0110400,-0.4,スライダー、２・３塁間タッチアウト（大山）、フェンス直撃、挟まれる（大山）,result_detail_high_confidence
2026-05-12,2021038848,,,DeNA,度会 隆輝,1850873,p1850873,stolen_base,1,0.2,,official_boxscore
2026-05-12,2021038850,,,日本ハム,水野 達稀,1851204,p1851204,stolen_base,1,0.2,,official_boxscore
2026-05-12,2021038850,,,日本ハム,田宮 裕涼,1800095,p1800095,stolen_base,1,0.2,,official_boxscore
2026-05-12,2021038851,,,西武,西川 愛也,1700122,p1700122,stolen_base,1,0.2,,official_boxscore
2026-05-13,2021038852,,,広島,大盛 穂,1800079,p1800079,stolen_base,1,0.2,,official_boxscore
2026-05-13,2021038852,,,広島,辰見 鴻之介,2107887,p2107887,stolen_base,1,0.2,,official_boxscore
2026-05-13,2021038852,,,巨人,松本 剛,1100095,p1100095,stolen_base,1,0.2,,official_boxscore
2026-05-13,2021038852,1,裏,巨人,浦田 俊輔,1951153,p1951153,caught_stealing,0120200,-0.4,133km/h スライダー、盗塁失敗（浦田）,result_detail_high_confidence
2026-05-13,2021038852,6,表,広島,菊池 涼介,1100082,p1100082,caught_stealing,0610200,-0.4,140km/h ストレート、ランエンドヒット、盗塁失敗（菊池）,result_detail_high_confidence
2026-05-13,2021038853,,,ヤクルト,並木 秀尊,2000028,p2000028,stolen_base,1,0.2,,official_boxscore
2026-05-13,2021038853,3,表,阪神,中野 拓夢,2000056,p2000056,caught_stealing,0310600,-0.4,けん制飛び出し（中野）、挟まれる（中野）、盗塁失敗（中野）,result_detail_high_confidence
2026-05-13,2021038854,,,DeNA,林 琢真,1850208,p1850208,stolen_base,1,0.2,,official_boxscore
2026-05-13,2021038856,,,西武,カナリオ,2117028,p2117028,stolen_base,1,0.2,,official_boxscore
2026-05-13,2021038856,,,ソフトバンク,牧原 大成,1000175,p1000175,stolen_base,1,0.2,,official_boxscore
2026-05-14,2021038857,,,DeNA,三森 大貴,1600167,p1600167,stolen_base,1,0.2,,official_boxscore
2026-05-14,2021038857,8,表,中日,田中 幹也,1750701,p1750701,caught_stealing,0810200,-0.4,134km/h フォーク、ランエンドヒット、盗塁失敗（田中）,result_detail_high_confidence
2026-05-14,2021038858,1,表,オリックス,渡部 遼人,2103747,p2103747,caught_stealing,0110300,-0.4,ストレート、ランエンドヒット、ヘッドスライディング（渡部）、盗塁失敗（渡部）,result_detail_high_confidence
2026-05-14,2021038858,2,裏,楽天,村林 一輝,1600007,p1600007,baserunning_out,0220400,-0.4,"147km/h ツーシーム、３・本塁間タッチアウト（村林）、挟まれる（村林）、ランナー2,3塁",result_detail_high_confidence
2026-05-14,2021038859,,,ロッテ,髙部 瑛斗,1900082,p1900082,stolen_base,1,0.2,,official_boxscore
2026-05-14,2021038859,5,裏,ロッテ,小川 龍成,2000089,p2000089,caught_stealing,0520400,-0.4,けん制飛び出し（小川）、盗塁失敗（小川）,result_detail_high_confidence
2026-05-15,2021038860,4,表,DeNA,度会 隆輝,1850873,p1850873,caught_stealing,0410300,-0.4,137km/h カットボール、ランエンドヒット、盗塁失敗（度会）,result_detail_high_confidence
2026-05-15,2021038861,,,ヤクルト,並木 秀尊,2000028,p2000028,stolen_base,1,0.2,,official_boxscore
2026-05-15,2021038861,8,表,ヤクルト,内山 壮真,2000026,p2000026,baserunning_out,0810200,-0.4,149km/h ストレート、野手の正面をつく、慌てて戻る（内山）,result_detail_high_confidence
2026-05-15,2021038862,,,阪神,髙寺 望夢,2000057,p2000057,stolen_base,1,0.2,,official_boxscore
2026-05-15,2021038862,1,表,広島,辰見 鴻之介,2107887,p2107887,caught_stealing,0110300,-0.4,けん制飛び出し（辰見）、挟まれる（辰見）、盗塁失敗（辰見）,result_detail_high_confidence
2026-05-15,2021038864,,,楽天,小深田 大翔,1900112,p1900112,stolen_base,1,0.2,,official_boxscore
2026-05-16,2021038866,,,巨人,平山 功太,2112330,p2112330,stolen_base,1,0.2,,official_boxscore
2026-05-16,2021038866,,,巨人,佐々木 俊輔,2106178,p2106178,stolen_base,1,0.2,,official_boxscore
2026-05-16,2021038866,3,表,DeNA,宮﨑 敏郎,1200053,p1200053,baserunning_out,0310500,-0.4,151km/h ストレート、１・２塁間タッチアウト（宮﨑）、挟まれる（宮﨑）,result_detail_high_confidence
2026-05-16,2021038867,,,ヤクルト,並木 秀尊,2000028,p2000028,stolen_base,1,0.2,,official_boxscore
2026-05-16,2021038868,,,広島,辰見 鴻之介,2107887,p2107887,stolen_base,1,0.2,,official_boxscore
2026-05-16,2021038868,,,阪神,髙寺 望夢,2000057,p2000057,stolen_base,1,0.2,,official_boxscore
2026-05-16,2021038868,,,阪神,髙寺 望夢,2000057,p2000057,stolen_base,2,0.2,,official_boxscore
2026-05-16,2021038868,,,阪神,福島 圭音,2110225,p2110225,stolen_base,1,0.2,,official_boxscore
2026-05-16,2021038869,,,日本ハム,カストロ,2108090,p2108090,stolen_base,1,0.2,,official_boxscore
2026-05-16,2021038870,,,ソフトバンク,牧原 大成,1000175,p1000175,stolen_base,1,0.2,,official_boxscore
2026-05-16,2021038870,,,楽天,平良 竜哉,2105283,p2105283,stolen_base,1,0.2,,official_boxscore
2026-05-16,2021038871,,,ロッテ,和田 康士朗,1700098,p1700098,stolen_base,1,0.2,,official_boxscore
2026-05-16,2021038871,,,ロッテ,池田 来翔,2103693,p2103693,stolen_base,1,0.2,,official_boxscore
2026-05-17,2021038872,,,巨人,平山 功太,2112330,p2112330,stolen_base,1,0.2,,official_boxscore
2026-05-17,2021038872,,,巨人,松本 剛,1100095,p1100095,stolen_base,1,0.2,,official_boxscore
2026-05-17,2021038872,,,巨人,浦田 俊輔,1951153,p1951153,stolen_base,1,0.2,,official_boxscore
2026-05-17,2021038872,,,巨人,浦田 俊輔,1951153,p1951153,stolen_base,2,0.2,,official_boxscore
2026-05-17,2021038872,,,巨人,浦田 俊輔,1951153,p1951153,stolen_base,3,0.2,,official_boxscore
2026-05-17,2021038872,8,裏,巨人,松本 剛,1100095,p1100095,baserunning_out,0820300,-0.4,149km/h ストレート、内野一塁寄り、慌てて戻る（松本）、間一髪（松本）,result_detail_high_confidence
2026-05-17,2021038874,9,表,広島,辰見 鴻之介,2107887,p2107887,caught_stealing,0910400,-0.4,けん制飛び出し（辰見）、挟まれる（辰見）、盗塁失敗（辰見）,result_detail_high_confidence
2026-05-17,2021038875,3,表,西武,滝澤 夏央,2103618,p2103618,caught_stealing,0310400,-0.4,141km/h フォーク、ヘッドスライディング（滝澤）、盗塁失敗（滝澤）,result_detail_high_confidence
2026-05-17,2021038875,5,裏,日本ハム,五十幡 亮汰,2000080,p2000080,caught_stealing,0520200,-0.4,141km/h ストレート、バント構え、盗塁失敗（五十幡）,result_detail_high_confidence
2026-05-19,2021038878,,,巨人,吉川 尚輝,1600059,p1600059,stolen_base,1,0.2,,official_boxscore
2026-05-19,2021038878,,,巨人,門脇 誠,2107874,p2107874,stolen_base,1,0.2,,official_boxscore
2026-05-19,2021038878,2,表,巨人,佐々木 俊輔,2106178,p2106178,caught_stealing,0210200,-0.4,けん制飛び出し（佐々木）、盗塁失敗（佐々木）,result_detail_high_confidence
2026-05-19,2021038880,3,表,DeNA,蝦名 達夫,1900035,p1900035,caught_stealing,0310400,-0.4,135km/h カットボール、盗塁失敗（蝦名）,result_detail_high_confidence
2026-05-19,2021038881,7,裏,日本ハム,レイエス,1860140,p1860140,baserunning_out,0720200,-0.4,146km/h ストレート、フェンス直撃、慌てて戻る（レイエス）,result_detail_high_confidence
2026-05-19,2021038881,7,裏,日本ハム,上川畑 大悟,1251037,p1251037,caught_stealing,0720400,-0.4,149km/h ストレート、ランエンドヒット、盗塁失敗（上川畑）,result_detail_high_confidence
2026-05-19,2021038882,,,ロッテ,池田 来翔,2103693,p2103693,stolen_base,1,0.2,,official_boxscore
2026-05-19,2021038882,,,西武,滝澤 夏央,2103618,p2103618,stolen_base,1,0.2,,official_boxscore
2026-05-19,2021038882,,,西武,長谷川 信哉,2000075,p2000075,stolen_base,1,0.2,,official_boxscore
2026-05-19,2021038882,3,表,ロッテ,小川 龍成,2000089,p2000089,baserunning_out,0310500,-0.4,けん制飛び出し（小川）、ランナー：小川、ランナー1塁,result_detail_high_confidence
2026-05-19,2021038883,,,ソフトバンク,周東 佑京,1700135,p1700135,stolen_base,1,0.2,,official_boxscore
2026-05-20,2021038885,,,広島,勝田 成,2110422,p2110422,stolen_base,1,0.2,,official_boxscore
2026-05-20,2021038886,,,日本ハム,水野 達稀,1851204,p1851204,stolen_base,1,0.2,,official_boxscore
2026-05-20,2021038886,,,日本ハム,五十幡 亮汰,2000080,p2000080,stolen_base,1,0.2,,official_boxscore
2026-05-20,2021038886,,,日本ハム,田宮 裕涼,1800095,p1800095,stolen_base,1,0.2,,official_boxscore
2026-05-20,2021038887,6,裏,西武,ネビン,2101047,p2101047,caught_stealing,0620300,-0.4,スライダー、ランエンドヒット、盗塁失敗（ネビン）,result_detail_high_confidence
2026-05-20,2021038888,,,オリックス,山中 稜真,1750667,p1750667,stolen_base,1,0.2,,official_boxscore
2026-05-20,2021038888,8,裏,オリックス,森 友哉,1300100,p1300100,baserunning_out,0820400,-0.4,スライダー、ボテボテ、走路をはみ出る（森友）,result_detail_high_confidence
2026-05-21,2021038891,3,表,DeNA,度会 隆輝,1850873,p1850873,caught_stealing,0310400,-0.4,135km/h カットボール、ランエンドヒット、盗塁失敗（度会）,result_detail_high_confidence
2026-05-22,2021038894,,,ロッテ,池田 来翔,2103693,p2103693,stolen_base,1,0.2,,official_boxscore
2026-05-22,2021038894,7,表,ロッテ,池田 来翔,2103693,p2103693,baserunning_out,0710300,-0.4,けん制飛び出し（池田）、送球が逸れる（浅村）、盗塁成功（池田）、ランナー2塁,result_detail_high_confidence
2026-05-22,2021038895,,,西武,滝澤 夏央,2103618,p2103618,stolen_base,1,0.2,,official_boxscore
2026-05-22,2021038895,6,表,オリックス,宗 佑磨,1400196,p1400196,caught_stealing,0610300,-0.4,144km/h ストレート、高めのつり球を要求、盗塁失敗（宗）,result_detail_high_confidence
2026-05-22,2021038896,,,ソフトバンク,庄子 雄大,1950149,p1950149,stolen_base,1,0.2,,official_boxscore
2026-05-23,2021038898,,,ヤクルト,岩田 幸宏,2103917,p2103917,stolen_base,1,0.2,,official_boxscore
2026-05-23,2021038899,,,広島,辰見 鴻之介,2107887,p2107887,stolen_base,1,0.2,,official_boxscore
2026-05-23,2021038901,,,オリックス,渡部 遼人,2103747,p2103747,stolen_base,1,0.2,,official_boxscore
2026-05-23,2021038901,,,西武,カナリオ,2117028,p2117028,stolen_base,1,0.2,,official_boxscore
2026-05-23,2021038902,,,ソフトバンク,周東 佑京,1700135,p1700135,stolen_base,1,0.2,,official_boxscore
2026-05-24,2021038903,,,阪神,佐藤 輝明,2000051,p2000051,stolen_base,1,0.2,,official_boxscore
2026-05-24,2021038904,,,DeNA,蝦名 達夫,1900035,p1900035,stolen_base,1,0.2,,official_boxscore
2026-05-24,2021038904,,,DeNA,度会 隆輝,1850873,p1850873,stolen_base,1,0.2,,official_boxscore
2026-05-24,2021038904,,,DeNA,石上 泰輝,2112189,p2112189,stolen_base,1,0.2,,official_boxscore
2026-05-24,2021038908,,,日本ハム,五十幡 亮汰,2000080,p2000080,stolen_base,1,0.2,,official_boxscore
2026-05-24,2021038908,,,ソフトバンク,周東 佑京,1700135,p1700135,stolen_base,1,0.2,,official_boxscore
2026-05-24,2021038908,,,ソフトバンク,牧原 大成,1000175,p1000175,stolen_base,1,0.2,,official_boxscore
2026-05-24,2021038908,7,裏,ソフトバンク,牧原 大成,1000175,p1000175,baserunning_out,0720300,-0.4,126km/h スライダー、ランエンドヒット、慌てて戻る（牧原大）,result_detail_high_confidence
2026-05-24,2021038908,8,裏,ソフトバンク,周東 佑京,1700135,p1700135,caught_stealing,0820200,-0.4,150km/h ストレート、盗塁失敗（周東）,result_detail_high_confidence
2026-05-26,2021038909,,,ソフトバンク,周東 佑京,1700135,p1700135,stolen_base,1,0.2,,official_boxscore
2026-05-26,2021038909,,,ソフトバンク,庄子 雄大,1950149,p1950149,stolen_base,1,0.2,,official_boxscore
2026-05-26,2021038909,8,裏,巨人,キャベッジ,2118420,p2118420,baserunning_out,0820500,-0.4,141km/h ツーシーム、痛烈な当たり、慌てて戻る（キャベッジ）,result_detail_high_confidence
2026-05-26,2021038910,,,ヤクルト,岩田 幸宏,2103917,p2103917,stolen_base,1,0.2,,official_boxscore
2026-05-26,2021038910,,,ヤクルト,岩田 幸宏,2103917,p2103917,stolen_base,2,0.2,,official_boxscore
2026-05-26,2021038910,1,裏,ヤクルト,長岡 秀樹,1900028,p1900028,caught_stealing,0120300,-0.4,ストレート、高めのつり球を要求、ランエンドヒット、盗塁失敗（長岡）,result_detail_high_confidence
2026-05-26,2021038911,2,表,オリックス,渡部 遼人,2103747,p2103747,baserunning_out,0210300,-0.4,128km/h スライダー、ランエンドヒット、慌てて戻る（渡部）,result_detail_high_confidence
2026-05-26,2021038911,2,表,オリックス,渡部 遼人,2103747,p2103747,caught_stealing,0210400,-0.4,146km/h ストレート、ランエンドヒット、ヘッドスライディング（渡部）、盗塁失敗（渡部）,result_detail_high_confidence
2026-05-26,2021038913,3,表,日本ハム,水野 達稀,1851204,p1851204,caught_stealing,0310300,-0.4,136km/h シュート、セーフティバント、バント構え、盗塁失敗（水野）,result_detail_high_confidence
2026-05-26,2021038914,4,裏,広島,坂倉 将吾,1600124,p1600124,caught_stealing,0420500,-0.4,139km/h カットボール、ダブルスチール、ディレイドスチール、盗塁失敗（坂倉）,result_detail_high_confidence
2026-05-27,2021038916,,,西武,古賀 悠斗,1750472,p1750472,stolen_base,1,0.2,,official_boxscore
2026-05-27,2021038917,2,裏,DeNA,石上 泰輝,2112189,p2112189,caught_stealing,0220300,-0.4,149km/h ストレート、盗塁失敗（石上）,result_detail_high_confidence
2026-05-27,2021038917,5,裏,DeNA,度会 隆輝,1850873,p1850873,baserunning_out,0520300,-0.4,126km/h スライダー、１・２塁間タッチアウト（度会）、挟まれる（度会）,result_detail_high_confidence
2026-05-27,2021038918,3,表,楽天,小深田 大翔,1900112,p1900112,baserunning_out,0310200,-0.4,125km/h チェンジアップ、ランエンドヒット、慌てて戻る（小深田）,result_detail_high_confidence
2026-05-27,2021038918,3,表,楽天,小深田 大翔,1900112,p1900112,caught_stealing,0310400,-0.4,141km/h フォーク、盗塁失敗（小深田）,result_detail_high_confidence
2026-05-27,2021038919,,,日本ハム,水野 達稀,1851204,p1851204,stolen_base,1,0.2,,official_boxscore
2026-05-27,2021038919,6,表,日本ハム,カストロ,2108090,p2108090,caught_stealing,0610200,-0.4,141km/h カットボール、ランエンドヒット、ヘッドスライディング（カストロ）、リプレー検証後判定変わらず、盗塁失敗（カストロ）、日本ハム・残り1回,result_detail_high_confidence
2026-05-27,2021038920,,,ロッテ,和田 康士朗,1700098,p1700098,stolen_base,1,0.2,,official_boxscore
2026-05-27,2021038920,,,ロッテ,池田 来翔,2103693,p2103693,stolen_base,1,0.2,,official_boxscore
2026-05-27,2021038920,,,広島,大盛 穂,1800079,p1800079,stolen_base,1,0.2,,official_boxscore
2026-05-27,2021038920,1,裏,広島,大盛 穂,1800079,p1800079,caught_stealing,0120300,-0.4,132km/h ツーシーム、ヘッドスライディング（大盛）、盗塁失敗（大盛）,result_detail_high_confidence
2026-05-28,2021038921,,,ソフトバンク,庄子 雄大,1950149,p1950149,stolen_base,1,0.2,,official_boxscore
2026-05-28,2021038921,2,裏,巨人,佐々木 俊輔,2106178,p2106178,caught_stealing,0220400,-0.4,151km/h ストレート、送球がバウンド（山本祐）、リプレー検証後判定変わらず、盗塁失敗（佐々木）、巨人・残り1回,result_detail_high_confidence
2026-05-28,2021038922,,,西武,滝澤 夏央,2103618,p2103618,stolen_base,1,0.2,,official_boxscore
2026-05-28,2021038922,,,西武,桑原 将志,1100061,p1100061,stolen_base,1,0.2,,official_boxscore
2026-05-28,2021038922,2,裏,ヤクルト,岩田 幸宏,2103917,p2103917,caught_stealing,0220200,-0.4,けん制飛び出し（岩田）、盗塁失敗（岩田）,result_detail_high_confidence
2026-05-28,2021038922,7,表,西武,長谷川 信哉,2000075,p2000075,baserunning_out,0710100,-0.4,ストレート、１・２塁間タッチアウト（長谷川）、ダイビングキャッチを試みる（サンタナ）、グラブ弾く（サンタナ）、ボーンヘッド（長谷川）,result_detail_high_confidence
2026-05-28,2021038923,3,裏,DeNA,蝦名 達夫,1900035,p1900035,caught_stealing,0320400,-0.4,152km/h ツーシーム、ランエンドヒット、盗塁失敗（蝦名）,result_detail_high_confidence
2026-05-28,2021038925,,,阪神,福島 圭音,2110225,p2110225,stolen_base,1,0.2,,official_boxscore
2026-05-28,2021038925,8,表,日本ハム,五十幡 亮汰,2000080,p2000080,caught_stealing,0810300,-0.4,ストレート、リプレー検証後判定変わらず、盗塁失敗（五十幡）、日本ハム・残り1回,result_detail_high_confidence
2026-05-29,2021038927,,,巨人,吉川 尚輝,1600059,p1600059,stolen_base,1,0.2,,official_boxscore
2026-05-29,2021038928,,,ヤクルト,増田 珠,1700131,p1700131,stolen_base,1,0.2,,official_boxscore
2026-05-29,2021038928,,,ヤクルト,モンテル,2107178,p2107178,stolen_base,1,0.2,,official_boxscore
2026-05-29,2021038928,2,表,ヤクルト,松下 歩叶,2116854,p2116854,baserunning_out,0210400,-0.4,チェンジアップ、３・本塁間タッチアウト（松下）、挟まれる（松下）,result_detail_high_confidence
2026-05-29,2021038928,8,表,ヤクルト,伊藤 琉偉,2112175,p2112175,caught_stealing,0810300,-0.4,ストレート、ランエンドヒット、送球がバウンド（太田）、盗塁失敗（伊藤）,result_detail_high_confidence
2026-05-29,2021038930,,,阪神,福島 圭音,2110225,p2110225,stolen_base,1,0.2,,official_boxscore
2026-05-29,2021038931,,,中日,田中 幹也,1750701,p1750701,stolen_base,1,0.2,,official_boxscore
2026-05-29,2021038931,,,中日,尾田 剛樹,2107645,p2107645,stolen_base,1,0.2,,official_boxscore
2026-05-29,2021038931,3,裏,オリックス,森 友哉,1300100,p1300100,caught_stealing,0320300,-0.4,カットボール、ランエンドヒット、盗塁失敗（森友）,result_detail_high_confidence
2026-05-30,2021038933,,,巨人,浦田 俊輔,1951153,p1951153,stolen_base,1,0.2,,official_boxscore
2026-05-30,2021038933,,,巨人,浦田 俊輔,1951153,p1951153,stolen_base,2,0.2,,official_boxscore
2026-05-30,2021038933,,,巨人,浦田 俊輔,1951153,p1951153,stolen_base,3,0.2,,official_boxscore
2026-05-30,2021038934,,,ヤクルト,岩田 幸宏,2103917,p2103917,stolen_base,1,0.2,,official_boxscore
2026-05-30,2021038935,4,表,DeNA,成瀬 脩人,2115069,p2115069,caught_stealing,0410300,-0.4,123km/h スイーパー、リプレー検証後判定変わらず、盗塁失敗（成瀬）、DeNA・残り1回,result_detail_high_confidence
2026-05-30,2021038938,,,広島,名原 典彦,1850405,p1850405,stolen_base,1,0.2,,official_boxscore
2026-05-30,2021038938,2,表,広島,矢野 雅哉,2000065,p2000065,caught_stealing,0210400,-0.4,ストレート、セーフティバント、バント構え、ヘッドスライディング（矢野）、盗塁失敗（矢野）,result_detail_high_confidence
2026-05-31,2021038939,,,日本ハム,水野 達稀,1851204,p1851204,stolen_base,1,0.2,,official_boxscore
2026-05-31,2021038940,,,楽天,佐藤 直樹,1900100,p1900100,stolen_base,1,0.2,,official_boxscore
2026-05-31,2021038940,9,表,ヤクルト,内山 壮真,2000026,p2000026,caught_stealing,0910300,-0.4,フォーク、ランエンドヒット、盗塁失敗（内山）,result_detail_high_confidence
2026-05-31,2021038941,,,DeNA,三森 大貴,1600167,p1600167,stolen_base,1,0.2,,official_boxscore
2026-05-31,2021038941,,,西武,滝澤 夏央,2103618,p2103618,stolen_base,1,0.2,,official_boxscore
2026-05-31,2021038942,,,阪神,立石 正広,2103242,p2103242,stolen_base,1,0.2,,official_boxscore
2026-05-31,2021038942,,,阪神,梅野 隆太郎,1300073,p1300073,stolen_base,1,0.2,,official_boxscore
2026-05-31,2021038942,,,ロッテ,和田 康士朗,1700098,p1700098,stolen_base,1,0.2,,official_boxscore
2026-05-31,2021038942,7,裏,ロッテ,池田 来翔,2103693,p2103693,baserunning_out,0720200,-0.4,148km/h ストレート、２塁上タッチアウト（池田）、タッチアップ（池田）、暴走（池田）,result_detail_high_confidence
2026-05-31,2021038943,,,オリックス,渡部 遼人,2103747,p2103747,stolen_base,1,0.2,,official_boxscore
2026-05-31,2021038943,1,裏,オリックス,紅林 弘太郎,1900088,p1900088,baserunning_out,0120300,-0.4,ストレート、１・２塁間タッチアウト（紅林）、挟まれる（紅林）、ランナー3塁,result_detail_high_confidence
2026-05-31,2021038943,9,表,中日,石川 昂弥,1900037,p1900037,baserunning_out,0910300,-0.4,ストレート、ジャンピングキャッチ（中川）、好プレイ（中川）、慌てて戻る（石川昂）,result_detail_high_confidence
2026-05-31,2021038944,,,ソフトバンク,周東 佑京,1700135,p1700135,stolen_base,1,0.2,,official_boxscore
2026-05-31,2021038944,,,ソフトバンク,庄子 雄大,1950149,p1950149,stolen_base,1,0.2,,official_boxscore
2026-05-31,2021038944,1,表,広島,名原 典彦,1850405,p1850405,caught_stealing,0110200,-0.4,ストレート、ランエンドヒット、ヘッドスライディング（名原）、盗塁失敗（名原）,result_detail_high_confidence
2026-06-02,2021038945,,,巨人,キャベッジ,2118420,p2118420,stolen_base,1,0.2,,official_boxscore
2026-06-02,2021038946,8,表,ロッテ,和田 康士朗,1700098,p1700098,caught_stealing,0810200,-0.4,けん制飛び出し（和田）、盗塁失敗（和田）,result_detail_high_confidence
2026-06-02,2021038947,,,楽天,佐藤 直樹,1900100,p1900100,stolen_base,1,0.2,,official_boxscore
2026-06-02,2021038947,8,裏,DeNA,度会 隆輝,1850873,p1850873,caught_stealing,0820300,-0.4,144km/h カットボール、盗塁を助ける空振り、盗塁失敗（度会）,result_detail_high_confidence
2026-06-02,2021038948,,,ソフトバンク,庄子 雄大,1950149,p1950149,stolen_base,1,0.2,,official_boxscore
2026-06-03,2021038951,,,巨人,浦田 俊輔,1951153,p1951153,stolen_base,1,0.2,,official_boxscore
2026-06-03,2021038952,,,ヤクルト,赤羽 由紘,2000031,p2000031,stolen_base,1,0.2,,official_boxscore
2026-06-03,2021038953,6,表,楽天,平良 竜哉,2105283,p2105283,baserunning_out,0610400,-0.4,"135km/h シンカー、挟まれる（平良）、ランナー2,3塁",result_detail_high_confidence
2026-06-03,2021038954,,,ソフトバンク,近藤 健介,1100097,p1100097,stolen_base,1,0.2,,official_boxscore
2026-06-03,2021038954,,,ソフトバンク,周東 佑京,1700135,p1700135,stolen_base,1,0.2,,official_boxscore
2026-06-03,2021038954,,,中日,鵜飼 航丞,2103845,p2103845,stolen_base,1,0.2,,official_boxscore
2026-06-03,2021038955,,,西武,渡部 聖弥,1950417,p1950417,stolen_base,1,0.2,,official_boxscore
2026-06-03,2021038956,,,広島,坂倉 将吾,1600124,p1600124,stolen_base,1,0.2,,official_boxscore
2026-06-04,2021038957,,,オリックス,渡部 遼人,2103747,p2103747,stolen_base,1,0.2,,official_boxscore
2026-06-04,2021038957,,,巨人,浦田 俊輔,1951153,p1951153,stolen_base,1,0.2,,official_boxscore
2026-06-04,2021038957,4,裏,巨人,キャベッジ,2118420,p2118420,caught_stealing,0420400,-0.4,148km/h ツーシーム、ヘッドスライディング（キャベッジ）、盗塁失敗（キャベッジ）,result_detail_high_confidence
2026-06-04,2021038958,,,ロッテ,小川 龍成,2000089,p2000089,stolen_base,1,0.2,,official_boxscore
2026-06-04,2021038958,1,表,ロッテ,佐藤 都志也,1900081,p1900081,baserunning_out,0110400,-0.4,"スライダー、３・本塁間タッチアウト（佐藤）、ライン際、ポテンヒット、挟まれる（佐藤）、ランナー2,3塁",result_detail_high_confidence
2026-06-04,2021038959,,,DeNA,三森 大貴,1600167,p1600167,stolen_base,1,0.2,,official_boxscore
2026-06-04,2021038960,2,裏,中日,板山 祐太郎,1500091,p1500091,baserunning_out,0220200,-0.4,123km/h カーブ、３塁上タッチアウト（板山）、打球判断を誤る（板山）、ランナー1塁,result_detail_high_confidence
2026-06-04,2021038961,2,裏,阪神,大山 悠輔,1600113,p1600113,baserunning_out,0220300,-0.4,146km/h カットボール、ランエンドヒット、慌てて戻る（大山）,result_detail_high_confidence
2026-06-04,2021038961,3,表,西武,滝澤 夏央,2103618,p2103618,caught_stealing,0310300,-0.4,137km/h シュート、盗塁失敗（滝澤）,result_detail_high_confidence
2026-06-04,2021038962,,,日本ハム,奈良間 大己,1850932,p1850932,stolen_base,1,0.2,,official_boxscore
2026-06-04,2021038962,,,日本ハム,奈良間 大己,1850932,p1850932,stolen_base,2,0.2,,official_boxscore
2026-06-05,2021038963,,,巨人,泉口 友汰,1750321,p1750321,stolen_base,1,0.2,,official_boxscore
2026-06-05,2021038963,,,巨人,浦田 俊輔,1951153,p1951153,stolen_base,1,0.2,,official_boxscore
2026-06-05,2021038963,1,裏,巨人,佐々木 俊輔,2106178,p2106178,caught_stealing,0120400,-0.4,136km/h スプリット、ランエンドヒット、盗塁失敗（佐々木）,result_detail_high_confidence
2026-06-05,2021038964,,,ヤクルト,モンテル,2107178,p2107178,stolen_base,1,0.2,,official_boxscore
2026-06-05,2021038964,9,裏,ヤクルト,モンテル,2107178,p2107178,baserunning_out,0920200,-0.4,けん制飛び出し（モンテル）、リプレー検証後判定変わらず、ヤクルト・残り1回、３塁上タッチアウト（モンテル）、盗塁成功（モンテル）,result_detail_high_confidence
2026-06-05,2021038966,,,西武,西川 愛也,1700122,p1700122,stolen_base,1,0.2,,official_boxscore
2026-06-05,2021038966,7,裏,中日,板山 祐太郎,1500091,p1500091,caught_stealing,0720400,-0.4,131km/h スイーパー、ランエンドヒット、盗塁失敗（板山）,result_detail_high_confidence
2026-06-05,2021038967,,,阪神,森下 翔太,1850183,p1850183,stolen_base,1,0.2,,official_boxscore
2026-06-05,2021038967,,,阪神,佐藤 輝明,2000051,p2000051,stolen_base,1,0.2,,official_boxscore
2026-06-05,2021038967,,,阪神,熊谷 敬宥,1700079,p1700079,stolen_base,1,0.2,,official_boxscore
2026-06-05,2021038968,,,オリックス,来田 涼斗,2000098,p2000098,stolen_base,1,0.2,,official_boxscore
2026-06-05,2021038968,,,広島,勝田 成,2110422,p2110422,stolen_base,1,0.2,,official_boxscore
2026-06-05,2021038968,,,広島,辰見 鴻之介,2107887,p2107887,stolen_base,1,0.2,,official_boxscore
2026-06-05,2021038968,,,広島,辰見 鴻之介,2107887,p2107887,stolen_base,2,0.2,,official_boxscore
2026-06-06,2021038969,,,巨人,中山 礼都,2000007,p2000007,stolen_base,1,0.2,,official_boxscore
2026-06-06,2021038970,6,裏,ヤクルト,岩田 幸宏,2103917,p2103917,caught_stealing,0620400,-0.4,ストレート、盗塁失敗（岩田）,result_detail_high_confidence
2026-06-06,2021038970,9,表,日本ハム,細川 凌平,2000082,p2000082,baserunning_out,0910300,-0.4,ストレート、３塁上タッチアウト（マルティネス）、３・本塁間タッチアウト（細川）、セーフティスクイズ、バント失敗、挟まれる（細川）、ランナー2塁,result_detail_high_confidence
2026-06-06,2021038971,,,ソフトバンク,牧原 大成,1000175,p1000175,stolen_base,1,0.2,,official_boxscore
2026-06-06,2021038971,2,表,ソフトバンク,牧原 大成,1000175,p1000175,caught_stealing,0210400,-0.4,148km/h ストレート、ランエンドヒット、盗塁失敗（牧原大）,result_detail_high_confidence
2026-06-06,2021038972,,,西武,カナリオ,2117028,p2117028,stolen_base,1,0.2,,official_boxscore
2026-06-06,2021038973,,,阪神,熊谷 敬宥,1700079,p1700079,stolen_base,1,0.2,,official_boxscore
2026-06-06,2021038974,,,広島,辰見 鴻之介,2107887,p2107887,stolen_base,1,0.2,,official_boxscore
2026-06-07,2021038975,1,裏,巨人,丸 佳浩,800043,p800043,caught_stealing,0120400,-0.4,149km/h ストレート、盗塁失敗（丸）,result_detail_high_confidence
2026-06-07,2021038976,,,日本ハム,水野 達稀,1851204,p1851204,stolen_base,1,0.2,,official_boxscore
2026-06-07,2021038976,,,日本ハム,奈良間 大己,1850932,p1850932,stolen_base,1,0.2,,official_boxscore
2026-06-07,2021038977,1,裏,DeNA,佐野 恵太,1600089,p1600089,caught_stealing,0120400,-0.4,ディレイドスチール、挟まれる（佐野）、盗塁失敗（佐野）,result_detail_high_confidence
2026-06-07,2021038977,6,裏,DeNA,佐野 恵太,1600089,p1600089,baserunning_out,0620400,-0.4,"136km/h チェンジアップ、３・本塁間タッチアウト（佐野）、内野前進、挟まれる（佐野）、ランナー1,2塁",result_detail_high_confidence
2026-06-07,2021038980,,,広島,辰見 鴻之介,2107887,p2107887,stolen_base,1,0.2,,official_boxscore
2026-06-07,2021038980,6,表,オリックス,太田 椋,1800098,p1800098,baserunning_out,0610300,-0.4,141km/h ツーシーム、慌てて戻る（太田）,result_detail_high_confidence
2026-06-07,2021038980,8,裏,広島,大盛 穂,1800079,p1800079,caught_stealing,0820400,-0.4,ツーシーム、ピッチアウト、盗塁失敗（大盛）,result_detail_high_confidence
2026-06-09,2021038982,,,巨人,吉川 尚輝,1600059,p1600059,stolen_base,1,0.2,,official_boxscore
2026-06-09,2021038982,6,表,巨人,浦田 俊輔,1951153,p1951153,caught_stealing,0610500,-0.4,ストレート、ランエンドヒット、盗塁失敗（浦田）,result_detail_high_confidence
2026-06-09,2021038985,,,ヤクルト,モンテル,2107178,p2107178,stolen_base,1,0.2,,official_boxscore
2026-06-09,2021038985,,,ヤクルト,増田 珠,1700131,p1700131,stolen_base,1,0.2,,official_boxscore
2026-06-09,2021038986,,,ソフトバンク,周東 佑京,1700135,p1700135,stolen_base,1,0.2,,official_boxscore
2026-06-10,2021038987,6,表,DeNA,牧 秀悟,2000035,p2000035,baserunning_out,0610300,-0.4,130km/h カットボール、ジャンピングキャッチ（水野）、慌てて戻る（牧）,result_detail_high_confidence
2026-06-10,2021038988,,,巨人,浦田 俊輔,1951153,p1951153,stolen_base,1,0.2,,official_boxscore
2026-06-10,2021038988,,,巨人,浦田 俊輔,1951153,p1951153,stolen_base,2,0.2,,official_boxscore
2026-06-10,2021038988,,,巨人,松本 剛,1100095,p1100095,stolen_base,1,0.2,,official_boxscore
2026-06-10,2021038989,,,西武,滝澤 夏央,2103618,p2103618,stolen_base,1,0.2,,official_boxscore
2026-06-10,2021038989,,,西武,長谷川 信哉,2000075,p2000075,stolen_base,1,0.2,,official_boxscore
2026-06-10,2021038989,9,表,広島,名原 典彦,1850405,p1850405,caught_stealing,0910600,-0.4,147km/h ストレート、盗塁失敗（名原）,result_detail_high_confidence
2026-06-10,2021038991,6,表,ヤクルト,モンテル,2107178,p2107178,baserunning_out,0610300,-0.4,126km/h スライダー、詰り、慌てて戻る（モンテル）,result_detail_high_confidence
2026-06-10,2021038992,7,表,阪神,熊谷 敬宥,1700079,p1700079,caught_stealing,0710300,-0.4,カットボール、リプレー検証後判定変わらず、盗塁失敗（熊谷）、阪神・残り0回,result_detail_high_confidence
2026-06-11,2021038993,,,DeNA,蝦名 達夫,1900035,p1900035,stolen_base,1,0.2,,official_boxscore
2026-06-11,2021038994,,,楽天,平良 竜哉,2105283,p2105283,stolen_base,1,0.2,,official_boxscore
2026-06-11,2021038994,,,楽天,辰己 涼介,1800117,p1800117,stolen_base,1,0.2,,official_boxscore
2026-06-11,2021038995,,,広島,勝田 成,2110422,p2110422,stolen_base,1,0.2,,official_boxscore
2026-06-11,2021038996,,,中日,田中 幹也,1750701,p1750701,stolen_base,1,0.2,,official_boxscore
2026-06-11,2021038996,2,表,中日,石川 昂弥,1900037,p1900037,caught_stealing,0210300,-0.4,139km/h カットボール、ランエンドヒット、盗塁失敗（石川昂）,result_detail_high_confidence
2026-06-11,2021038997,4,裏,オリックス,西川 龍馬,1500096,p1500096,caught_stealing,0420200,-0.4,114km/h スライダー、ランエンドヒット、盗塁失敗（西川）,result_detail_high_confidence
2026-06-11,2021038997,5,裏,オリックス,若月 健矢,1300109,p1300109,baserunning_out,0520700,-0.4,"チェンジアップ、３・本塁間タッチアウト（若月）、内野前進、挟まれる（若月）、ランナー2,3塁",result_detail_high_confidence
2026-06-11,2021038998,,,ソフトバンク,近藤 健介,1100097,p1100097,stolen_base,1,0.2,,official_boxscore
2026-06-11,2021038998,6,表,阪神,島田 海吏,1700080,p1700080,caught_stealing,0610500,-0.4,ストレート、盗塁失敗（島田）、ランナー3塁,result_detail_high_confidence
2026-06-12,2021038999,,,日本ハム,田宮 裕涼,1800095,p1800095,stolen_base,1,0.2,,official_boxscore
2026-06-12,2021038999,4,裏,日本ハム,郡司 裕也,1900040,p1900040,caught_stealing,0420300,-0.4,142km/h ストレート、ディレイドスチール、盗塁失敗（郡司）,result_detail_high_confidence
2026-06-12,2021039000,,,広島,名原 典彦,1850405,p1850405,stolen_base,1,0.2,,official_boxscore
2026-06-12,2021039000,7,表,広島,名原 典彦,1850405,p1850405,caught_stealing,0710300,-0.4,ストレート、悔しがる（名原）、盗塁失敗（名原）,result_detail_high_confidence
2026-06-12,2021039001,,,西武,カナリオ,2117028,p2117028,stolen_base,1,0.2,,official_boxscore
2026-06-12,2021039003,7,裏,オリックス,山中 稜真,1750667,p1750667,baserunning_out,0720300,-0.4,ストレート、ランエンドヒット、慌てて戻る（山中）,result_detail_high_confidence
2026-06-12,2021039004,2,裏,ソフトバンク,海野 隆司,1900101,p1900101,baserunning_out,0220300,-0.4,カットボール、守備妨害（海野）、スクイズ、走路をはみ出る（海野）、送球が当たる（海野）,result_detail_high_confidence
2026-06-13,2021039006,,,広島,坂倉 将吾,1600124,p1600124,stolen_base,1,0.2,,official_boxscore
2026-06-13,2021039006,,,広島,辰見 鴻之介,2107887,p2107887,stolen_base,1,0.2,,official_boxscore
2026-06-13,2021039006,,,楽天,平良 竜哉,2105283,p2105283,stolen_base,1,0.2,,official_boxscore
2026-06-13,2021039007,,,巨人,松本 剛,1100095,p1100095,stolen_base,1,0.2,,official_boxscore
2026-06-13,2021039007,6,表,巨人,松本 剛,1100095,p1100095,caught_stealing,0610400,-0.4,けん制飛び出し（松本）、挟まれる（松本）、盗塁失敗（松本）,result_detail_high_confidence
2026-06-13,2021039007,7,裏,西武,長谷川 信哉,2000075,p2000075,baserunning_out,0720300,-0.4,152km/h シュート、３・本塁間タッチアウト（長谷川）、内野前進、挟まれる（長谷川）、送球間に進塁（小島）、ランナー2塁,result_detail_high_confidence
2026-06-13,2021039008,4,表,DeNA,筒香 嘉智,1000002,p1000002,baserunning_out,0410200,-0.4,138km/h カットボール、スライディングキャッチ（山口）、好プレイ（山口）、慌てて戻る（筒香）,result_detail_high_confidence
2026-06-13,2021039009,,,オリックス,山中 稜真,1750667,p1750667,stolen_base,1,0.2,,official_boxscore
2026-06-13,2021039009,,,オリックス,宗 佑磨,1400196,p1400196,stolen_base,1,0.2,,official_boxscore
2026-06-13,2021039009,5,表,阪神,福島 圭音,2110225,p2110225,caught_stealing,0510300,-0.4,130km/h スライダー、ランエンドヒット、盗塁失敗（福島）,result_detail_high_confidence
2026-06-13,2021039010,,,ヤクルト,岩田 幸宏,2103917,p2103917,stolen_base,1,0.2,,official_boxscore
2026-06-13,2021039010,,,ヤクルト,赤羽 由紘,2000031,p2000031,stolen_base,1,0.2,,official_boxscore
2026-06-13,2021039010,,,ソフトバンク,庄子 雄大,1950149,p1950149,stolen_base,1,0.2,,official_boxscore
2026-06-14,2021039012,,,楽天,佐藤 直樹,1900100,p1900100,stolen_base,1,0.2,,official_boxscore
2026-06-14,2021039012,9,表,広島,矢野 雅哉,2000065,p2000065,baserunning_out,0910200,-0.4,139km/h スプリット、フェンスギリギリ、慌てて戻る（矢野）,result_detail_high_confidence
2026-06-14,2021039013,,,西武,カナリオ,2117028,p2117028,stolen_base,1,0.2,,official_boxscore
2026-06-14,2021039014,8,表,DeNA,度会 隆輝,1850873,p1850873,baserunning_out,0810300,-0.4,130km/h スライダー、フェンスギリギリ、慌てて戻る（度会）,result_detail_high_confidence
2026-06-14,2021039015,,,オリックス,杉澤 龍,1650722,p1650722,stolen_base,1,0.2,,official_boxscore
2026-06-14,2021039015,1,裏,オリックス,西川 龍馬,1500096,p1500096,baserunning_out,0120400,-0.4,チェンジアップ、３塁上タッチアウト（西川）、ライン際、ベースコーチャーと接触（西川）,result_detail_high_confidence
2026-06-14,2021039015,8,裏,オリックス,山中 稜真,1750667,p1750667,baserunning_out,0820300,-0.4,フォーク、慌てて戻る（山中）,result_detail_high_confidence
2026-06-14,2021039015,8,裏,オリックス,山中 稜真,1750667,p1750667,caught_stealing,0820400,-0.4,143km/h フォーク、ヘッドスライディング（山中）、盗塁失敗（山中）,result_detail_high_confidence
2026-06-16,2021044685,,,西武,長谷川 信哉,2000075,p2000075,stolen_base,1,0.2,,official_boxscore
2026-06-16,2021044685,,,阪神,中野 拓夢,2000056,p2000056,stolen_base,1,0.2,,official_boxscore
2026-06-16,2021044685,,,阪神,佐藤 輝明,2000051,p2000051,stolen_base,1,0.2,,official_boxscore
2026-06-16,2021044685,,,阪神,髙寺 望夢,2000057,p2000057,stolen_base,1,0.2,,official_boxscore
2026-06-16,2021044686,,,日本ハム,矢澤 宏太,2106284,p2106284,stolen_base,1,0.2,,official_boxscore
2026-06-16,2021044686,,,広島,名原 典彦,1850405,p1850405,stolen_base,1,0.2,,official_boxscore
2026-06-19,2021039017,3,裏,巨人,ダルベック,1561820,p1561820,baserunning_out,0320400,-0.4,138km/h スプリット、痛烈な当たり、野手の正面をつく、慌てて戻る（ダルベック）,result_detail_high_confidence
2026-06-19,2021039018,,,ヤクルト,岩田 幸宏,2103917,p2103917,stolen_base,1,0.2,,official_boxscore
2026-06-19,2021039019,5,表,阪神,佐藤 輝明,2000051,p2000051,caught_stealing,0510600,-0.4,142km/h ストレート、盗塁失敗（佐藤）,result_detail_high_confidence
2026-06-19,2021039021,,,楽天,平良 竜哉,2105283,p2105283,stolen_base,1,0.2,,official_boxscore
2026-06-19,2021039021,,,楽天,辰己 涼介,1800117,p1800117,stolen_base,1,0.2,,official_boxscore
2026-06-19,2021039022,10,裏,オリックス,宜保 翔,1800102,p1800102,caught_stealing,1020200,-0.4,けん制飛び出し（宜保）、盗塁失敗（宜保）,result_detail_high_confidence
2026-06-20,2021039023,,,中日,田中 幹也,1750701,p1750701,stolen_base,1,0.2,,official_boxscore
2026-06-20,2021039024,,,広島,名原 典彦,1850405,p1850405,stolen_base,1,0.2,,official_boxscore
2026-06-20,2021039024,,,広島,辰見 鴻之介,2107887,p2107887,stolen_base,1,0.2,,official_boxscore
2026-06-20,2021039024,1,裏,ヤクルト,岩田 幸宏,2103917,p2103917,caught_stealing,0120200,-0.4,カットボール、盗塁失敗（岩田）,result_detail_high_confidence
2026-06-21,2021039029,,,巨人,松本 剛,1100095,p1100095,stolen_base,1,0.2,,official_boxscore
2026-06-21,2021039029,5,裏,巨人,浦田 俊輔,1951153,p1951153,caught_stealing,0520300,-0.4,142km/h ストレート、盗塁失敗（浦田）,result_detail_high_confidence
2026-06-21,2021039030,,,広島,大盛 穂,1800079,p1800079,stolen_base,1,0.2,,official_boxscore
2026-06-21,2021039030,,,ヤクルト,岩田 幸宏,2103917,p2103917,stolen_base,1,0.2,,official_boxscore
2026-06-21,2021039031,5,表,阪神,中野 拓夢,2000056,p2000056,caught_stealing,0510200,-0.4,151km/h ストレート、送球がバウンド（松尾）、リプレー検証後判定変わらず、盗塁失敗（中野）、阪神・残り1回,result_detail_high_confidence
2026-06-21,2021039032,,,ソフトバンク,牧原 大成,1000175,p1000175,stolen_base,1,0.2,,official_boxscore
2026-06-21,2021039032,,,ソフトバンク,野村 勇,2104035,p2104035,stolen_base,1,0.2,,official_boxscore
2026-06-21,2021039034,,,西武,カナリオ,2117028,p2117028,stolen_base,1,0.2,,official_boxscore
2026-06-21,2021039034,5,表,西武,カナリオ,2117028,p2117028,caught_stealing,0510400,-0.4,挟まれる（カナリオ）、盗塁失敗（カナリオ）,result_detail_high_confidence
2026-06-21,2021039034,9,裏,オリックス,宜保 翔,1800102,p1800102,caught_stealing,0920400,-0.4,139km/h フォーク、ヘッドスライディング（宜保）、リプレー検証後判定変わらず、盗塁失敗（宜保）、オリックス・残り1回、ランナー3塁,result_detail_high_confidence
2026-06-22,2021039035,,,楽天,武藤 敦貴,1900115,p1900115,stolen_base,1,0.2,,official_boxscore
2026-06-22,2021039035,,,楽天,小深田 大翔,1900112,p1900112,stolen_base,1,0.2,,official_boxscore
2026-06-22,2021039035,9,表,西武,渡部 聖弥,1950417,p1950417,baserunning_out,0910200,-0.4,137km/h フォーク、走路をはみ出る（渡部）,result_detail_high_confidence
2026-06-22,2021039035,10,裏,楽天,平良 竜哉,2105283,p2105283,baserunning_out,1020400,-0.4,"フォーク、３・本塁間タッチアウト（平良）、挟まれる（平良）、ランナー1,2塁",result_detail_high_confidence
2026-06-23,2021039036,2,裏,中日,田中 幹也,1750701,p1750701,baserunning_out,0220300,-0.4,147km/h ストレート、バスター、慌てて戻る（田中）,result_detail_high_confidence
2026-06-23,2021039037,1,表,ヤクルト,長岡 秀樹,1900028,p1900028,baserunning_out,0110300,-0.4,133km/h スライダー、２・３塁間タッチアウト（長岡）、挟まれる（長岡）、ランナー1塁,result_detail_high_confidence
2026-06-23,2021039037,3,裏,阪神,中野 拓夢,2000056,p2000056,baserunning_out,0320300,-0.4,148km/h ストレート、慌てて戻る（中野）,result_detail_high_confidence
2026-06-23,2021039038,,,巨人,松本 剛,1100095,p1100095,stolen_base,1,0.2,,official_boxscore
2026-06-24,2021039042,2,表,DeNA,梶原 昂希,2103703,p2103703,baserunning_out,0210400,-0.4,137km/h フォーク、挟まれる（梶原）、ランナー2塁,result_detail_high_confidence
2026-06-24,2021039046,7,裏,ソフトバンク,牧原 大成,1000175,p1000175,baserunning_out,0720400,-0.4,149km/h ツーシーム、２塁戻れずアウト（牧原大）、打球判断を誤る（牧原大）,result_detail_high_confidence
2026-06-25,2021039047,,,中日,村松 開人,1750223,p1750223,stolen_base,1,0.2,,official_boxscore
2026-06-25,2021039047,1,表,DeNA,勝又 温史,1800046,p1800046,baserunning_out,0110400,-0.4,ストレート、慌てて戻る（勝又）,result_detail_high_confidence
2026-06-25,2021039049,,,西武,長谷川 信哉,2000075,p2000075,stolen_base,1,0.2,,official_boxscore
2026-06-25,2021039050,,,ソフトバンク,庄子 雄大,1950149,p1950149,stolen_base,1,0.2,,official_boxscore
2026-06-25,2021039050,,,ソフトバンク,庄子 雄大,1950149,p1950149,stolen_base,2,0.2,,official_boxscore
2026-06-25,2021039050,4,表,オリックス,紅林 弘太郎,1900088,p1900088,baserunning_out,0410200,-0.4,チェンジアップ、慌てて戻る（紅林）,result_detail_high_confidence
2026-06-26,2021039054,7,表,日本ハム,矢澤 宏太,2106284,p2106284,caught_stealing,0710400,-0.4,144km/h ストレート、リプレー検証後判定変わらず、盗塁失敗（矢澤）、日本ハム・残り1回,result_detail_high_confidence
2026-06-27,2021039058,2,表,阪神,木浪 聖也,1800067,p1800067,caught_stealing,0210500,-0.4,135km/h ツーシーム、バント空振り、スクイズ失敗、挟まれる（木浪）、盗塁失敗（木浪）,result_detail_high_confidence
2026-06-27,2021039058,7,裏,広島,石原 貴規,1900056,p1900056,caught_stealing,0720300,-0.4,カットボール、ランエンドヒット、盗塁失敗（石原）,result_detail_high_confidence
2026-06-27,2021039058,9,表,阪神,髙寺 望夢,2000057,p2000057,caught_stealing,0910300,-0.4,132km/h スライダー、ランエンドヒット、盗塁失敗（髙寺）,result_detail_high_confidence
2026-06-27,2021039059,5,裏,西武,石井 一成,1600134,p1600134,caught_stealing,0520400,-0.4,125km/h チェンジアップ、ヘッドスライディング（石井）、盗塁失敗（石井）,result_detail_high_confidence
2026-06-27,2021039061,8,表,楽天,平良 竜哉,2105283,p2105283,baserunning_out,0810500,-0.4,"139km/h フォーク、３・本塁間タッチアウト（平良）、スクイズ失敗、挟まれる（平良）、ランナー1,3塁",result_detail_high_confidence
2026-06-28,2021039062,,,中日,福永 裕基,2103780,p2103780,stolen_base,1,0.2,,official_boxscore
2026-06-28,2021039062,,,ヤクルト,塩見 泰隆,1700087,p1700087,stolen_base,1,0.2,,official_boxscore
2026-06-28,2021039062,,,ヤクルト,岩田 幸宏,2103917,p2103917,stolen_base,1,0.2,,official_boxscore
2026-06-28,2021039063,4,表,巨人,浅野 翔吾,2102410,p2102410,caught_stealing,0410500,-0.4,145km/h ストレート、盗塁失敗（浅野）,result_detail_high_confidence
2026-06-28,2021039065,,,西武,滝澤 夏央,2103618,p2103618,stolen_base,1,0.2,,official_boxscore
2026-06-28,2021039066,,,ソフトバンク,周東 佑京,1700135,p1700135,stolen_base,1,0.2,,official_boxscore
2026-06-28,2021039067,,,オリックス,渡部 遼人,2103747,p2103747,stolen_base,1,0.2,,official_boxscore
2026-06-28,2021039067,6,表,楽天,村林 一輝,1600007,p1600007,baserunning_out,0610600,-0.4,143km/h シュート、１・２塁間タッチアウト（村林）、挟まれる（村林）,result_detail_high_confidence
2026-06-30,2021039068,,,ヤクルト,岩田 幸宏,2103917,p2103917,stolen_base,1,0.2,,official_boxscore
2026-06-30,2021039068,,,ヤクルト,石井 巧,1850772,p1850772,stolen_base,1,0.2,,official_boxscore
2026-06-30,2021039068,,,巨人,松本 剛,1100095,p1100095,stolen_base,1,0.2,,official_boxscore
2026-06-30,2021039068,,,巨人,増田 大輝,1500054,p1500054,stolen_base,1,0.2,,official_boxscore
2026-06-30,2021039069,3,表,広島,大盛 穂,1800079,p1800079,caught_stealing,0310500,-0.4,146km/h ツーシーム、ダブルスチール、ディレイドスチール、挟まれる（大盛）、盗塁失敗（大盛）,result_detail_high_confidence
2026-06-30,2021039070,,,中日,村松 開人,1750223,p1750223,stolen_base,1,0.2,,official_boxscore
2026-06-30,2021039070,,,中日,板山 祐太郎,1500091,p1500091,stolen_base,1,0.2,,official_boxscore
2026-06-30,2021039071,,,日本ハム,水野 達稀,1851204,p1851204,stolen_base,1,0.2,,official_boxscore
2026-06-30,2021039071,,,日本ハム,カストロ,2108090,p2108090,stolen_base,1,0.2,,official_boxscore
2026-06-30,2021039071,1,裏,日本ハム,水谷 瞬,1800110,p1800110,caught_stealing,0120200,-0.4,146km/h ツーシーム、盗塁失敗（水谷）,result_detail_high_confidence
2026-06-30,2021039073,,,西武,滝澤 夏央,2103618,p2103618,stolen_base,1,0.2,,official_boxscore
2026-06-30,2021039073,,,ソフトバンク,庄子 雄大,1950149,p1950149,stolen_base,1,0.2,,official_boxscore
2026-06-30,2021039073,,,ソフトバンク,庄子 雄大,1950149,p1950149,stolen_base,2,0.2,,official_boxscore
2026-06-30,2021039073,3,表,西武,西川 愛也,1700122,p1700122,baserunning_out,0310300,-0.4,カットボール、好プレイ（周東）、慌てて戻る（西川）,result_detail_high_confidence
2026-07-01,2021039074,,,巨人,浦田 俊輔,1951153,p1951153,stolen_base,1,0.2,,official_boxscore
2026-07-01,2021039074,1,裏,巨人,松本 剛,1100095,p1100095,baserunning_out,0120500,-0.4,"130km/h スライダー、３・本塁間タッチアウト（松本）、内野前進、挟まれる（松本）、走路をはみ出る（松本）、ランナー1,3塁",result_detail_high_confidence
2026-07-01,2021039074,3,表,ヤクルト,長岡 秀樹,1900028,p1900028,baserunning_out,0310500,-0.4,"148km/h ストレート、３塁上タッチアウト（サンタナ）、内野前進、挟まれる（長岡）、ランナー2,3塁",result_detail_high_confidence
2026-07-01,2021039074,3,裏,巨人,松本 剛,1100095,p1100095,caught_stealing,0320200,-0.4,ディレイドスチール、挟まれる（松本）、盗塁失敗（松本）,result_detail_high_confidence
2026-07-01,2021039076,4,裏,日本ハム,田宮 裕涼,1800095,p1800095,caught_stealing,0420500,-0.4,けん制飛び出し（田宮）、盗塁失敗（田宮）,result_detail_high_confidence
2026-07-01,2021039473,3,裏,ソフトバンク,柳町 達,1900104,p1900104,baserunning_out,0320500,-0.4,131km/h チェンジアップ、スライディングキャッチ（カナリオ）、好プレイ（カナリオ）、慌てて戻る（柳町）,result_detail_high_confidence
2026-07-02,2021039078,,,広島,矢野 雅哉,2000065,p2000065,stolen_base,1,0.2,,official_boxscore
2026-07-02,2021039078,2,表,広島,佐々木 泰,2050203,p2050203,baserunning_out,0210400,-0.4,"136km/h シンカー、３・本塁間タッチアウト（佐々木）、内野前進、挟まれる（佐々木）、ランナー1,2塁",result_detail_high_confidence
2026-07-02,2021039079,,,阪神,植田 海,1400172,p1400172,stolen_base,1,0.2,,official_boxscore
2026-07-02,2021039079,7,裏,阪神,熊谷 敬宥,1700079,p1700079,baserunning_out,0720400,-0.4,130km/h フォーク、３塁上タッチアウト（小野寺）、３・本塁間タッチアウト（熊谷）、内野前進、挟まれる（熊谷）,result_detail_high_confidence
2026-07-02,2021039080,2,表,オリックス,宗 佑磨,1400196,p1400196,baserunning_out,0210400,-0.4,148km/h ツーシーム、詰り、ボテボテ、挟まれる（宗）、タッチをかいくぐる（宗）、ランナー満塁,result_detail_high_confidence
2026-07-02,2021039081,,,ソフトバンク,周東 佑京,1700135,p1700135,stolen_base,1,0.2,,official_boxscore
2026-07-03,2021039082,,,DeNA,勝又 温史,1800046,p1800046,stolen_base,1,0.2,,official_boxscore
2026-07-03,2021039082,,,ヤクルト,モンテル,2107178,p2107178,stolen_base,1,0.2,,official_boxscore
2026-07-03,2021039083,,,中日,村松 開人,1750223,p1750223,stolen_base,1,0.2,,official_boxscore
2026-07-03,2021039084,2,表,広島,坂倉 将吾,1600124,p1600124,caught_stealing,0210200,-0.4,120km/h チェンジアップ、ランエンドヒット、盗塁失敗（坂倉）,result_detail_high_confidence
2026-07-03,2021039084,3,表,広島,モンテロ,1961927,p1961927,baserunning_out,0310700,-0.4,123km/h チェンジアップ、２・３塁間タッチアウト（モンテロ）、フェンス直撃、挟まれる（モンテロ）,result_detail_high_confidence
2026-07-03,2021039084,6,表,広島,矢野 雅哉,2000065,p2000065,baserunning_out,0610400,-0.4,"131km/h スライダー、３・本塁間タッチアウト（矢野）、挟まれる（矢野）、セーフティスクイズ、バント失敗、ランナー2,3塁",result_detail_high_confidence
2026-07-03,2021039085,4,裏,楽天,マッカスカー,2122300,p2122300,baserunning_out,0420300,-0.4,140km/h ストレート、１・２塁間タッチアウト（マッカスカー）、バント構え、挟まれる（マッカスカー）、捕手けん制（田宮）、ランナー2塁,result_detail_high_confidence
2026-07-03,2021039085,6,裏,楽天,中島 大輔,1950278,p1950278,baserunning_out,0620300,-0.4,"カーブ、３・本塁間タッチアウト（中島）、内野中間守備、挟まれる（中島）、ランナー1,2塁",result_detail_high_confidence
2026-07-03,2021039086,1,裏,オリックス,宗 佑磨,1400196,p1400196,caught_stealing,0120200,-0.4,142km/h フォーク、ランエンドヒット、盗塁失敗（宗）,result_detail_high_confidence
2026-07-03,2021039087,,,ソフトバンク,庄子 雄大,1950149,p1950149,stolen_base,1,0.2,,official_boxscore
2026-07-04,2021039089,5,表,巨人,中山 礼都,2000007,p2000007,caught_stealing,0510200,-0.4,135km/h スライダー、盗塁失敗（中山）,result_detail_high_confidence
2026-07-04,2021039089,5,表,巨人,小濱 佑斗,2110991,p2110991,baserunning_out,0510300,-0.4,131km/h スライダー、慌てて戻る（小濱）、リプレー検証後判定変わらず、捕手けん制（加藤）、中日・残り1回,result_detail_high_confidence
2026-07-04,2021039091,,,楽天,中島 大輔,1950278,p1950278,stolen_base,1,0.2,,official_boxscore
2026-07-05,2021039095,5,表,巨人,キャベッジ,2118420,p2118420,baserunning_out,0510400,-0.4,"ストレート、３・本塁間タッチアウト（キャベッジ）、内野前進、挟まれる（キャベッジ）、ランナー1,3塁",result_detail_high_confidence
2026-07-05,2021039096,,,広島,大盛 穂,1800079,p1800079,stolen_base,1,0.2,,official_boxscore
2026-07-05,2021039096,8,表,広島,辰見 鴻之介,2107887,p2107887,caught_stealing,0810600,-0.4,ストレート、ヘッドスライディング（辰見）、リプレー検証後判定変わらず、盗塁失敗（辰見）、広島・残り1回,result_detail_high_confidence
2026-07-05,2021039096,9,表,広島,大盛 穂,1800079,p1800079,baserunning_out,0910400,-0.4,153km/h ツーシーム、落球（小野寺）、１塁上タッチアウト（大盛）、オーバーラン（大盛）,result_detail_high_confidence
2026-07-05,2021039097,,,日本ハム,細川 凌平,2000082,p2000082,stolen_base,1,0.2,,official_boxscore
2026-07-05,2021039097,,,楽天,宗山 塁,1851157,p1851157,stolen_base,1,0.2,,official_boxscore
2026-07-05,2021039098,,,西武,カナリオ,2117028,p2117028,stolen_base,1,0.2,,official_boxscore
2026-07-05,2021039099,,,ソフトバンク,近藤 健介,1100097,p1100097,stolen_base,1,0.2,,official_boxscore
2026-07-05,2021039099,2,裏,ソフトバンク,廣瀨 隆太,1850172,p1850172,baserunning_out,0220200,-0.4,ストレート、バスターエンドラン、慌てて戻る（廣瀨隆）,result_detail_high_confidence
2026-07-05,2021039099,7,裏,ソフトバンク,周東 佑京,1700135,p1700135,caught_stealing,0720400,-0.4,ストレート、盗塁失敗（周東）,result_detail_high_confidence
2026-07-07,2021039100,,,阪神,髙寺 望夢,2000057,p2000057,stolen_base,1,0.2,,official_boxscore
2026-07-07,2021039100,1,裏,巨人,浦田 俊輔,1951153,p1951153,caught_stealing,0120300,-0.4,148km/h ストレート、ディレイドスチール、盗塁失敗（浦田）,result_detail_high_confidence
2026-07-07,2021039101,,,DeNA,宮下 朝陽,2100014,p2100014,stolen_base,1,0.2,,official_boxscore
2026-07-07,2021039101,6,裏,DeNA,筒香 嘉智,1000002,p1000002,baserunning_out,0620300,-0.4,132km/h スライダー、反応良く捕球、慌てて戻る（筒香）,result_detail_high_confidence
2026-07-07,2021039102,,,ヤクルト,岩田 幸宏,2103917,p2103917,stolen_base,1,0.2,,official_boxscore
2026-07-07,2021039102,,,ヤクルト,古賀 優大,1600078,p1600078,stolen_base,1,0.2,,official_boxscore
2026-07-07,2021039103,,,西武,カナリオ,2117028,p2117028,stolen_base,1,0.2,,official_boxscore
2026-07-07,2021039103,3,裏,西武,蛭間 拓哉,1850820,p1850820,baserunning_out,0320400,-0.4,"149km/h ストレート、３・本塁間タッチアウト（蛭間）、挟まれる（蛭間）、ランナー1,3塁",result_detail_high_confidence
2026-07-07,2021039103,8,表,楽天,村林 一輝,1600007,p1600007,baserunning_out,0810200,-0.4,143km/h チェンジアップ、１塁上タッチアウト（村林）、慌てて戻る（村林）,result_detail_high_confidence
2026-07-07,2021039104,,,日本ハム,細川 凌平,2000082,p2000082,stolen_base,1,0.2,,official_boxscore
2026-07-07,2021039105,2,表,ソフトバンク,牧原 大成,1000175,p1000175,baserunning_out,0210500,-0.4,"ツーシーム、３・本塁間タッチアウト（牧原大）、セーフティスクイズ、バント失敗、挟まれる（牧原大）、ランナー2,3塁",result_detail_high_confidence
2026-07-08,2021039107,,,DeNA,松尾 汐恩,2100277,p2100277,stolen_base,1,0.2,,official_boxscore
2026-07-08,2021039108,,,ヤクルト,岩田 幸宏,2103917,p2103917,stolen_base,1,0.2,,official_boxscore
2026-07-08,2021039108,,,広島,辰見 鴻之介,2107887,p2107887,stolen_base,1,0.2,,official_boxscore
2026-07-08,2021039109,,,西武,滝澤 夏央,2103618,p2103618,stolen_base,1,0.2,,official_boxscore
2026-07-08,2021039109,,,西武,渡部 聖弥,1950417,p1950417,stolen_base,1,0.2,,official_boxscore
2026-07-08,2021039109,,,西武,西川 愛也,1700122,p1700122,stolen_base,1,0.2,,official_boxscore
2026-07-08,2021039110,4,裏,ロッテ,友杉 篤輝,2106798,p2106798,caught_stealing,0420400,-0.4,132km/h カットボール、ランエンドヒット、送球がバウンド（田宮）、リプレー検証後判定変わらず、盗塁失敗（友杉）、ロッテ・残り1回,result_detail_high_confidence
2026-07-08,2021039111,,,ソフトバンク,庄子 雄大,1950149,p1950149,stolen_base,1,0.2,,official_boxscore
2026-07-09,2021039114,,,広島,久保 修,2107875,p2107875,stolen_base,1,0.2,,official_boxscore
2026-07-09,2021039114,,,広島,大盛 穂,1800079,p1800079,stolen_base,1,0.2,,official_boxscore
2026-07-10,2021039115,,,巨人,浦田 俊輔,1951153,p1951153,stolen_base,1,0.2,,official_boxscore
2026-07-10,2021039115,,,巨人,浦田 俊輔,1951153,p1951153,stolen_base,2,0.2,,official_boxscore
2026-07-10,2021039115,3,裏,DeNA,宮﨑 敏郎,1200053,p1200053,caught_stealing,0320400,-0.4,152km/h ストレート、ランエンドヒット、盗塁失敗（宮﨑）,result_detail_high_confidence
2026-07-10,2021039115,4,裏,DeNA,蝦名 達夫,1900035,p1900035,caught_stealing,0420300,-0.4,151km/h ストレート、ヒットエンドラン、盗塁失敗（蝦名）,result_detail_high_confidence
2026-07-10,2021039115,7,表,巨人,リチャード,1700136,p1700136,baserunning_out,0710500,-0.4,フォーク、慌てて戻る（リチャード）,result_detail_high_confidence
2026-07-10,2021039116,3,表,広島,佐々木 泰,2050203,p2050203,caught_stealing,0310200,-0.4,ストレート、バスターエンドラン、盗塁失敗（佐々木）,result_detail_high_confidence
2026-07-10,2021039117,,,阪神,熊谷 敬宥,1700079,p1700079,stolen_base,1,0.2,,official_boxscore
2026-07-10,2021039118,,,西武,渡部 聖弥,1950417,p1950417,stolen_base,1,0.2,,official_boxscore
2026-07-10,2021039118,4,裏,日本ハム,万波 中正,1800093,p1800093,caught_stealing,0420300,-0.4,142km/h ツーシーム、ヒットエンドラン、挟まれる（万波）、盗塁失敗（万波）,result_detail_high_confidence
2026-07-10,2021039119,,,オリックス,紅林 弘太郎,1900088,p1900088,stolen_base,1,0.2,,official_boxscore
2026-07-10,2021039120,,,ソフトバンク,周東 佑京,1700135,p1700135,stolen_base,1,0.2,,official_boxscore
2026-07-11,2021039121,,,巨人,浦田 俊輔,1951153,p1951153,stolen_base,1,0.2,,official_boxscore
2026-07-11,2021039123,9,裏,阪神,髙寺 望夢,2000057,p2000057,caught_stealing,0920200,-0.4,151km/h ストレート、ヘッドスライディング（髙寺）、リプレー検証後判定変わらず、盗塁失敗（髙寺）、阪神・残り1回,result_detail_high_confidence
2026-07-11,2021039124,,,日本ハム,細川 凌平,2000082,p2000082,stolen_base,1,0.2,,official_boxscore
2026-07-11,2021039124,5,裏,日本ハム,万波 中正,1800093,p1800093,baserunning_out,0520500,-0.4,"シンカー、好返球（西川）、慌てて戻る（万波）、ランナー1,3塁",result_detail_high_confidence
2026-07-11,2021039125,4,表,オリックス,野口 智哉,1751068,p1751068,caught_stealing,0410500,-0.4,129km/h チェンジアップ、ランエンドヒット、盗塁失敗（野口）,result_detail_high_confidence
2026-07-11,2021039126,9,表,楽天,中島 大輔,1950278,p1950278,baserunning_out,0910400,-0.4,ストレート、３塁上タッチアウト（中島）、オーバーラン（中島）,result_detail_high_confidence
2026-07-12,2021039127,,,巨人,浦田 俊輔,1951153,p1951153,stolen_base,1,0.2,,official_boxscore
2026-07-12,2021039127,3,表,巨人,キャベッジ,2118420,p2118420,caught_stealing,0310300,-0.4,112km/h カーブ、ランエンドヒット、ヘッドスライディング（キャベッジ）、盗塁失敗（キャベッジ）,result_detail_high_confidence
2026-07-12,2021039129,,,ヤクルト,岩田 幸宏,2103917,p2103917,stolen_base,1,0.2,,official_boxscore
2026-07-12,2021039129,4,表,ヤクルト,長岡 秀樹,1900028,p1900028,caught_stealing,0410200,-0.4,144km/h ストレート、バスター、ハーフスイング、盗塁失敗（長岡）,result_detail_high_confidence
2026-07-12,2021039130,6,表,西武,カナリオ,2117028,p2117028,caught_stealing,0610300,-0.4,136km/h カットボール、盗塁失敗（カナリオ）,result_detail_high_confidence
2026-07-12,2021039132,,,ソフトバンク,周東 佑京,1700135,p1700135,stolen_base,1,0.2,,official_boxscore
2026-07-14,2021039136,3,裏,日本ハム,水野 達稀,1851204,p1851204,caught_stealing,0320300,-0.4,ストレート、ランエンドヒット、ピッチアウト、盗塁失敗（水野）,result_detail_high_confidence
2026-07-14,2021039137,5,表,オリックス,来田 涼斗,2000098,p2000098,caught_stealing,0510300,-0.4,ストレート、ランエンドヒット、盗塁失敗（来田）,result_detail_high_confidence
2026-07-14,2021039138,,,ロッテ,小川 龍成,2000089,p2000089,stolen_base,1,0.2,,official_boxscore
2026-07-14,2021039138,1,表,ロッテ,藤原 恭大,1800050,p1800050,baserunning_out,0110300,-0.4,132km/h スイーパー、慌てて戻る（藤原）,result_detail_high_confidence
2026-07-14,2021039138,3,裏,西武,西川 愛也,1700122,p1700122,caught_stealing,0320400,-0.4,140km/h チェンジアップ、セーフティバント、バント構え、盗塁失敗（西川）,result_detail_high_confidence
2026-07-15,2021039139,,,巨人,松本 剛,1100095,p1100095,stolen_base,1,0.2,,official_boxscore
2026-07-15,2021039139,,,巨人,門脇 誠,2107874,p2107874,stolen_base,1,0.2,,official_boxscore
2026-07-15,2021039139,5,表,巨人,浦田 俊輔,1951153,p1951153,caught_stealing,0510500,-0.4,ストレート、ピッチアウト、リプレー検証後判定変わらず、盗塁失敗（浦田）、巨人・残り1回,result_detail_high_confidence
2026-07-15,2021039140,,,中日,福永 裕基,2103780,p2103780,stolen_base,1,0.2,,official_boxscore
2026-07-15,2021039140,5,裏,中日,細川 成也,1600085,p1600085,caught_stealing,0520200,-0.4,148km/h ストレート、ランエンドヒット、盗塁失敗（細川）,result_detail_high_confidence
2026-07-15,2021039142,,,ソフトバンク,周東 佑京,1700135,p1700135,stolen_base,1,0.2,,official_boxscore
2026-07-15,2021039142,,,ソフトバンク,牧原 大成,1000175,p1000175,stolen_base,1,0.2,,official_boxscore
2026-07-15,2021039143,,,オリックス,宗 佑磨,1400196,p1400196,stolen_base,1,0.2,,official_boxscore
2026-07-15,2021039143,5,裏,楽天,中島 大輔,1950278,p1950278,caught_stealing,0520400,-0.4,ストレート、盗塁を助ける空振り、盗塁失敗（中島）,result_detail_high_confidence
2026-07-15,2021039144,,,ロッテ,藤原 恭大,1800050,p1800050,stolen_base,1,0.2,,official_boxscore
2026-07-15,2021039144,,,西武,滝澤 夏央,2103618,p2103618,stolen_base,1,0.2,,official_boxscore
2026-07-15,2021039144,,,西武,岸 潤一郎,1900068,p1900068,stolen_base,1,0.2,,official_boxscore
2026-07-16,2021039145,,,巨人,松本 剛,1100095,p1100095,stolen_base,1,0.2,,official_boxscore
2026-07-16,2021039145,,,ヤクルト,岩田 幸宏,2103917,p2103917,stolen_base,1,0.2,,official_boxscore
2026-07-16,2021039145,,,ヤクルト,岩田 幸宏,2103917,p2103917,stolen_base,2,0.2,,official_boxscore
2026-07-16,2021039145,1,表,巨人,松本 剛,1100095,p1100095,caught_stealing,0110300,-0.4,スライダー、ランエンドヒット、盗塁失敗（松本）,result_detail_high_confidence
2026-07-16,2021039145,1,裏,ヤクルト,長岡 秀樹,1900028,p1900028,caught_stealing,0120200,-0.4,チェンジアップ、ランエンドヒット、盗塁失敗（長岡）,result_detail_high_confidence
2026-07-16,2021039146,4,表,阪神,森下 翔太,1850183,p1850183,baserunning_out,0410300,-0.4,138km/h カットボール、慌てて戻る（森下）,result_detail_high_confidence
2026-07-16,2021039147,5,裏,日本ハム,水谷 瞬,1800110,p1800110,caught_stealing,0520400,-0.4,128km/h スライダー、ランエンドヒット、盗塁失敗（水谷）,result_detail_high_confidence
2026-07-16,2021039148,1,表,オリックス,山中 稜真,1750667,p1750667,caught_stealing,0110400,-0.4,ストレート、ランエンドヒット、送球がバウンド（堀内）、盗塁失敗（山中）,result_detail_high_confidence
2026-07-16,2021039148,6,表,オリックス,中川 圭太,1800104,p1800104,baserunning_out,0610800,-0.4,ストレート、３・本塁間タッチアウト（中川）、挟まれる（中川）,result_detail_high_confidence
2026-07-17,2021039150,,,巨人,浦田 俊輔,1951153,p1951153,stolen_base,1,0.2,,official_boxscore
2026-07-17,2021039151,,,DeNA,梶原 昂希,2103703,p2103703,stolen_base,1,0.2,,official_boxscore
2026-07-17,2021039151,3,裏,DeNA,宮﨑 敏郎,1200053,p1200053,baserunning_out,0320500,-0.4,136km/h スライダー、２・３塁間タッチアウト（宮﨑）、挟まれる（宮﨑）、ランナー2塁,result_detail_high_confidence
2026-07-18,2021039153,,,巨人,浦田 俊輔,1951153,p1951153,stolen_base,1,0.2,,official_boxscore
2026-07-18,2021039154,,,ヤクルト,丸山 和郁,1650522,p1650522,stolen_base,1,0.2,,official_boxscore
2026-07-18,2021039154,1,表,ヤクルト,長岡 秀樹,1900028,p1900028,caught_stealing,0110300,-0.4,133km/h カットボール、ランエンドヒット、ヘッドスライディング（長岡）、盗塁失敗（長岡）,result_detail_high_confidence
2026-07-18,2021039155,3,表,阪神,近本 光司,1800065,p1800065,caught_stealing,0310200,-0.4,144km/h ストレート、盗塁失敗（近本）,result_detail_high_confidence
2026-07-18,2021039156,,,楽天,平良 竜哉,2105283,p2105283,stolen_base,1,0.2,,official_boxscore
2026-07-18,2021039158,,,日本ハム,五十幡 亮汰,2000080,p2000080,stolen_base,1,0.2,,official_boxscore
2026-07-18,2021039158,,,日本ハム,水野 達稀,1851204,p1851204,stolen_base,1,0.2,,official_boxscore
2026-07-18,2021039158,,,日本ハム,水野 達稀,1851204,p1851204,stolen_base,2,0.2,,official_boxscore
2026-07-18,2021039158,,,日本ハム,野村 佑希,1800091,p1800091,stolen_base,1,0.2,,official_boxscore
2026-07-18,2021039158,5,裏,オリックス,太田 椋,1800098,p1800098,baserunning_out,0520200,-0.4,スイーパー、慌てて戻る（太田）,result_detail_high_confidence
2026-07-19,2021039159,,,中日,田中 幹也,1750701,p1750701,stolen_base,1,0.2,,official_boxscore
2026-07-19,2021039159,,,巨人,吉川 尚輝,1600059,p1600059,stolen_base,1,0.2,,official_boxscore
2026-07-19,2021039162,,,楽天,村林 一輝,1600007,p1600007,stolen_base,1,0.2,,official_boxscore
2026-07-19,2021039162,,,楽天,武藤 敦貴,1900115,p1900115,stolen_base,1,0.2,,official_boxscore
2026-07-19,2021039162,6,表,西武,林 安可,1660299,p1660299,baserunning_out,0610200,-0.4,スライダー、挟まれる（林安可）,result_detail_high_confidence
2026-07-19,2021039163,6,表,ソフトバンク,近藤 健介,1100097,p1100097,baserunning_out,0610300,-0.4,148km/h ストレート、痛烈な当たり、慌てて戻る（近藤）、悔しがる（栗原）,result_detail_high_confidence
2026-07-19,2021039164,9,表,日本ハム,矢澤 宏太,2106284,p2106284,caught_stealing,0910300,-0.4,133km/h カットボール、盗塁失敗（矢澤）,result_detail_high_confidence
2026-07-20,2021039165,7,裏,巨人,泉口 友汰,1750321,p1750321,caught_stealing,0720300,-0.4,128km/h チェンジアップ、ランエンドヒット、ワンバウンド、盗塁失敗（泉口）,result_detail_high_confidence
2026-07-20,2021039167,,,DeNA,三森 大貴,1600167,p1600167,stolen_base,1,0.2,,official_boxscore
2026-07-20,2021039167,,,阪神,福島 圭音,2110225,p2110225,stolen_base,1,0.2,,official_boxscore
2026-07-20,2021039168,,,西武,外崎 修汰,1400184,p1400184,stolen_base,1,0.2,,official_boxscore
2026-07-20,2021039168,,,楽天,平良 竜哉,2105283,p2105283,stolen_base,1,0.2,,official_boxscore
2026-07-20,2021039169,,,ソフトバンク,川村 友斗,1650813,p1650813,stolen_base,1,0.2,,official_boxscore
2026-07-20,2021039169,,,ソフトバンク,周東 佑京,1700135,p1700135,stolen_base,1,0.2,,official_boxscore
2026-07-20,2021039169,,,ソフトバンク,庄子 雄大,1950149,p1950149,stolen_base,1,0.2,,official_boxscore
2026-07-20,2021039169,4,表,ソフトバンク,山本 恵大,2103876,p2103876,baserunning_out,0410400,-0.4,157km/h ストレート、痛烈な当たり、野手の正面をつく、慌てて戻る（山本恵）,result_detail_high_confidence
2026-07-20,2021039170,,,オリックス,渡部 遼人,2103747,p2103747,stolen_base,1,0.2,,official_boxscore
2026-07-21,2021039171,,,巨人,門脇 誠,2107874,p2107874,stolen_base,1,0.2,,official_boxscore
2026-07-21,2021039171,3,裏,巨人,笹原 操希,2100225,p2100225,caught_stealing,0320200,-0.4,ディレイドスチール、盗塁失敗（笹原）,result_detail_high_confidence
2026-07-21,2021039172,7,表,中日,木下 拓哉,1500076,p1500076,baserunning_out,0710400,-0.4,"ストレート、３・本塁間タッチアウト（木下）、内野前進、挟まれる（木下）、ランナー1,2塁",result_detail_high_confidence
2026-07-21,2021039173,,,DeNA,牧 秀悟,2000035,p2000035,stolen_base,1,0.2,,official_boxscore
2026-07-21,2021039173,,,DeNA,三森 大貴,1600167,p1600167,stolen_base,1,0.2,,official_boxscore
2026-07-21,2021039174,,,オリックス,渡部 遼人,2103747,p2103747,stolen_base,1,0.2,,official_boxscore
2026-07-21,2021039174,,,ソフトバンク,周東 佑京,1700135,p1700135,stolen_base,1,0.2,,official_boxscore
2026-07-21,2021039174,,,ソフトバンク,野村 勇,2104035,p2104035,stolen_base,1,0.2,,official_boxscore
2026-07-22,2021039175,,,広島,名原 典彦,1850405,p1850405,stolen_base,1,0.2,,official_boxscore
2026-07-22,2021039175,,,巨人,浦田 俊輔,1951153,p1951153,stolen_base,1,0.2,,official_boxscore
2026-07-22,2021039175,1,表,広島,大盛 穂,1800079,p1800079,caught_stealing,0110400,-0.4,149km/h ストレート、ヘッドスライディング（大盛）、送球がバウンド（大城）、盗塁失敗（大盛）,result_detail_high_confidence
2026-07-22,2021039175,5,表,広島,秋山 翔吾,1000150,p1000150,caught_stealing,0510400,-0.4,ディレイドスチール、挟まれる（秋山）、盗塁失敗（秋山）,result_detail_high_confidence
2026-07-22,2021039177,,,DeNA,勝又 温史,1800046,p1800046,stolen_base,1,0.2,,official_boxscore
2026-07-22,2021039177,3,表,DeNA,勝又 温史,1800046,p1800046,caught_stealing,0310400,-0.4,131km/h スライダー、ディレイドスチール、盗塁失敗（勝又）,result_detail_high_confidence
2026-07-22,2021039178,,,日本ハム,田宮 裕涼,1800095,p1800095,stolen_base,1,0.2,,official_boxscore
2026-07-23,2021039181,,,日本ハム,吉田 賢吾,2107900,p2107900,stolen_base,1,0.2,,official_boxscore
2026-07-23,2021039181,,,日本ハム,有薗 直輝,2103603,p2103603,stolen_base,1,0.2,,official_boxscore
2026-07-23,2021039182,,,楽天,平良 竜哉,2105283,p2105283,stolen_base,1,0.2,,official_boxscore
2026-07-23,2021039182,,,楽天,辰己 涼介,1800117,p1800117,stolen_base,1,0.2,,official_boxscore
2026-07-23,2021039182,6,表,楽天,村林 一輝,1600007,p1600007,caught_stealing,0610200,-0.4,ストレート、ファウルチップ、盗塁失敗（村林）,result_detail_high_confidence
2026-07-23,2021039183,,,ソフトバンク,ダウンズ,2101257,p2101257,stolen_base,1,0.2,,official_boxscore
2026-07-24,2021039184,,,広島,辰見 鴻之介,2107887,p2107887,stolen_base,1,0.2,,official_boxscore
2026-07-24,2021039184,6,裏,ヤクルト,武岡 龍世,1900029,p1900029,baserunning_out,0620200,-0.4,ストレート、痛烈な当たり、慌てて戻る（武岡）,result_detail_high_confidence
2026-07-24,2021039185,,,DeNA,三森 大貴,1600167,p1600167,stolen_base,1,0.2,,official_boxscore
2026-07-24,2021039186,6,裏,阪神,大山 悠輔,1600113,p1600113,baserunning_out,0620400,-0.4,150km/h ストレート、慌てて戻る（大山）,result_detail_high_confidence
2026-07-24,2021039187,,,ソフトバンク,川村 友斗,1650813,p1650813,stolen_base,1,0.2,,official_boxscore
2026-07-25,2021039189,,,広島,大盛 穂,1800079,p1800079,stolen_base,1,0.2,,official_boxscore
2026-07-25,2021039190,,,中日,福永 裕基,2103780,p2103780,stolen_base,1,0.2,,official_boxscore
2026-07-25,2021039191,,,巨人,笹原 操希,2100225,p2100225,stolen_base,1,0.2,,official_boxscore
2026-07-25,2021039192,,,日本ハム,五十幡 亮汰,2000080,p2000080,stolen_base,1,0.2,,official_boxscore
2026-07-25,2021039192,2,表,楽天,村林 一輝,1600007,p1600007,baserunning_out,0210400,-0.4,134km/h カットボール、１塁戻れずアウト（村林）、ランエンドヒット、ボーンヘッド（村林）,result_detail_high_confidence
2026-07-25,2021039193,,,ソフトバンク,近藤 健介,1100097,p1100097,stolen_base,1,0.2,,official_boxscore
2026-07-25,2021039194,,,ロッテ,小川 龍成,2000089,p2000089,stolen_base,1,0.2,,official_boxscore
2026-07-25,2021039194,,,オリックス,渡部 遼人,2103747,p2103747,stolen_base,1,0.2,,official_boxscore
2026-07-26,2021039195,9,裏,ヤクルト,山野辺 翔,1800082,p1800082,caught_stealing,0920300,-0.4,チェンジアップ、盗塁失敗（山野辺）,result_detail_high_confidence
2026-07-26,2021039196,,,中日,樋口 正修,2103947,p2103947,stolen_base,1,0.2,,official_boxscore
2026-07-26,2021039197,8,裏,阪神,熊谷 敬宥,1700079,p1700079,caught_stealing,0820300,-0.4,135km/h チェンジアップ、ランエンドヒット、盗塁失敗（熊谷）,result_detail_high_confidence
2026-07-26,2021039198,,,日本ハム,細川 凌平,2000082,p2000082,stolen_base,1,0.2,,official_boxscore
2026-07-26,2021039198,6,表,楽天,浅村 栄斗,900056,p900056,baserunning_out,0610500,-0.4,136km/h カットボール、２・３塁間タッチアウト（浅村）、挟まれる（浅村）、ボーンヘッド（浅村）,result_detail_high_confidence
2026-07-26,2021039199,,,ソフトバンク,周東 佑京,1700135,p1700135,stolen_base,1,0.2,,official_boxscore
2026-07-26,2021039200,2,表,ロッテ,小川 龍成,2000089,p2000089,caught_stealing,0210500,-0.4,143km/h シュート、盗塁失敗（小川）,result_detail_high_confidence
2026-07-31,2021039201,,,巨人,浦田 俊輔,1951153,p1951153,stolen_base,1,0.2,,official_boxscore
2026-07-31,2021039201,,,巨人,松本 剛,1100095,p1100095,stolen_base,1,0.2,,official_boxscore
2026-07-31,2021039201,,,巨人,泉口 友汰,1750321,p1750321,stolen_base,1,0.2,,official_boxscore
2026-07-31,2021039202,,,阪神,元山 飛優,2000027,p2000027,stolen_base,1,0.2,,official_boxscore
2026-07-31,2021039202,,,ヤクルト,モンテル,2107178,p2107178,stolen_base,1,0.2,,official_boxscore
2026-07-31,2021039202,,,ヤクルト,岩田 幸宏,2103917,p2103917,stolen_base,1,0.2,,official_boxscore
2026-07-31,2021039202,,,ヤクルト,岩田 幸宏,2103917,p2103917,stolen_base,2,0.2,,official_boxscore
2026-07-31,2021039202,1,表,阪神,近本 光司,1800065,p1800065,caught_stealing,0110300,-0.4,ストレート、盗塁失敗（近本）,result_detail_high_confidence
2026-07-31,2021039204,,,日本ハム,有薗 直輝,2103603,p2103603,stolen_base,1,0.2,,official_boxscore
2026-07-31,2021039206,,,西武,滝澤 夏央,2103618,p2103618,stolen_base,1,0.2,,official_boxscore
2026-07-31,2021039206,5,表,オリックス,来田 涼斗,2000098,p2000098,caught_stealing,0510300,-0.4,146km/h ストレート、盗塁を助ける空振り、ヘッドスライディング（来田）、盗塁失敗（来田）,result_detail_high_confidence
2026-07-31,2021039206,6,裏,西武,滝澤 夏央,2103618,p2103618,baserunning_out,0620300,-0.4,142km/h カットボール、痛烈な当たり、慌てて戻る（滝澤）,result_detail_high_confidence
2026-07-31,2021039206,9,裏,西武,髙松 渡,1700103,p1700103,caught_stealing,0920200,-0.4,144km/h チェンジアップ、ランエンドヒット、ヘッドスライディング（髙松）、リプレー検証後判定変わらず、盗塁失敗（髙松）、西武・残り1回,result_detail_high_confidence
2026-08-01,2021039207,1,表,DeNA,牧 秀悟,2000035,p2000035,caught_stealing,0110300,-0.4,149km/h ストレート、ランエンドヒット、盗塁失敗（牧）,result_detail_high_confidence
2026-08-01,2021039208,2,表,阪神,坂本 誠志郎,1500087,p1500087,caught_stealing,0210200,-0.4,148km/h ストレート、ヒットエンドラン、盗塁失敗（坂本）,result_detail_high_confidence
2026-08-01,2021039209,,,中日,福永 裕基,2103780,p2103780,stolen_base,1,0.2,,official_boxscore
2026-08-01,2021039211,,,楽天,中島 大輔,1950278,p1950278,stolen_base,1,0.2,,official_boxscore
2026-08-02,2021039213,,,巨人,浦田 俊輔,1951153,p1951153,stolen_base,1,0.2,,official_boxscore
2026-08-02,2021039214,,,阪神,植田 海,1400172,p1400172,stolen_base,1,0.2,,official_boxscore
2026-08-02,2021039214,,,ヤクルト,岩田 幸宏,2103917,p2103917,stolen_base,1,0.2,,official_boxscore
2026-08-02,2021039216,4,裏,日本ハム,有薗 直輝,2103603,p2103603,caught_stealing,0420400,-0.4,ストレート、ランエンドヒット、盗塁失敗（有薗）,result_detail_high_confidence
2026-08-04,2021039220,,,阪神,髙寺 望夢,2000057,p2000057,stolen_base,1,0.2,,official_boxscore
2026-08-04,2021039220,,,阪神,熊谷 敬宥,1700079,p1700079,stolen_base,1,0.2,,official_boxscore
2026-08-04,2021039221,,,ヤクルト,岩田 幸宏,2103917,p2103917,stolen_base,1,0.2,,official_boxscore
2026-08-04,2021039221,,,中日,樋口 正修,2103947,p2103947,stolen_base,1,0.2,,official_boxscore
2026-08-04,2021039222,,,巨人,浦田 俊輔,1951153,p1951153,stolen_base,1,0.2,,official_boxscore
2026-08-04,2021039223,,,ロッテ,愛斗,1500102,p1500102,stolen_base,1,0.2,,official_boxscore
2026-08-04,2021039223,3,表,西武,滝澤 夏央,2103618,p2103618,caught_stealing,0310300,-0.4,フォーク、ランエンドヒット、ヘッドスライディング（滝澤）、盗塁失敗（滝澤）,result_detail_high_confidence
2026-08-04,2021039224,,,日本ハム,細川 凌平,2000082,p2000082,stolen_base,1,0.2,,official_boxscore
2026-08-04,2021039224,9,表,日本ハム,五十幡 亮汰,2000080,p2000080,caught_stealing,0910300,-0.4,151km/h ストレート、ランエンドヒット、リプレー検証後判定変わらず、盗塁失敗（五十幡）,result_detail_high_confidence
2026-08-05,2021039226,,,中日,細川 成也,1600085,p1600085,stolen_base,1,0.2,,official_boxscore
2026-08-05,2021039227,,,巨人,浦田 俊輔,1951153,p1951153,stolen_base,1,0.2,,official_boxscore
2026-08-05,2021039227,3,裏,広島,菊池 涼介,1100082,p1100082,caught_stealing,0320400,-0.4,けん制飛び出し（菊池）、挟まれる（菊池）、盗塁失敗（菊池）,result_detail_high_confidence
2026-08-05,2021039228,,,ロッテ,藤原 恭大,1800050,p1800050,stolen_base,1,0.2,,official_boxscore
2026-08-05,2021039228,4,表,西武,ネビン,2101047,p2101047,caught_stealing,0410400,-0.4,144km/h ストレート、高めのつり球を要求、ランエンドヒット、盗塁失敗（ネビン）,result_detail_high_confidence
2026-08-05,2021039228,5,裏,ロッテ,藤原 恭大,1800050,p1800050,baserunning_out,0520300,-0.4,けん制飛び出し（藤原）、ベースカバーが遅れる（滝澤）、盗塁成功（藤原）、ランナー2塁,result_detail_high_confidence
2026-08-05,2021039229,,,楽天,中島 大輔,1950278,p1950278,stolen_base,1,0.2,,official_boxscore
2026-08-05,2021039229,3,裏,オリックス,若月 健矢,1300109,p1300109,baserunning_out,0320200,-0.4,ストレート、慌てて戻る（若月）,result_detail_high_confidence
2026-08-05,2021039229,3,裏,オリックス,若月 健矢,1300109,p1300109,baserunning_out,0320300,-0.4,フォーク、ランエンドヒット、慌てて戻る（若月）,result_detail_high_confidence
2026-08-05,2021039229,7,表,楽天,宗山 塁,1851157,p1851157,caught_stealing,0710200,-0.4,150km/h ツーシーム、盗塁を助ける空振り、盗塁失敗（宗山）,result_detail_high_confidence
2026-08-06,2021039231,,,阪神,近本 光司,1800065,p1800065,stolen_base,1,0.2,,official_boxscore
2026-08-06,2021039231,,,阪神,中野 拓夢,2000056,p2000056,stolen_base,1,0.2,,official_boxscore
2026-08-06,2021039231,,,阪神,中野 拓夢,2000056,p2000056,stolen_base,2,0.2,,official_boxscore
2026-08-06,2021039231,7,裏,DeNA,松尾 汐恩,2100277,p2100277,baserunning_out,0720200,-0.4,"144km/h フォーク、挟まれる（松尾）、ランナー1,2塁",result_detail_high_confidence
2026-08-06,2021039232,,,中日,福永 裕基,2103780,p2103780,stolen_base,1,0.2,,official_boxscore
2026-08-06,2021039233,,,広島,小園 海斗,1800072,p1800072,stolen_base,1,0.2,,official_boxscore
2026-08-06,2021039233,,,広島,野間 峻祥,1400173,p1400173,stolen_base,1,0.2,,official_boxscore
2026-08-06,2021039233,2,裏,広島,名原 典彦,1850405,p1850405,caught_stealing,0220400,-0.4,132km/h チェンジアップ、ヘッドスライディング（名原）、オーバーラン（名原）、盗塁失敗（名原）,result_detail_high_confidence
2026-08-06,2021039233,3,表,巨人,松本 剛,1100095,p1100095,caught_stealing,0310400,-0.4,けん制飛び出し（松本）、挟まれる（松本）、盗塁失敗（松本）,result_detail_high_confidence
2026-08-06,2021039235,,,日本ハム,五十幡 亮汰,2000080,p2000080,stolen_base,1,0.2,,official_boxscore
2026-08-06,2021039235,,,ソフトバンク,牧原 大成,1000175,p1000175,stolen_base,1,0.2,,official_boxscore
2026-08-07,2021039236,2,裏,巨人,佐々木 俊輔,2106178,p2106178,caught_stealing,0220400,-0.4,148km/h ストレート、盗塁失敗（佐々木）,result_detail_high_confidence
2026-08-07,2021039236,6,裏,巨人,浦田 俊輔,1951153,p1951153,caught_stealing,0620400,-0.4,ストレート、ピッチアウト、リプレー検証後判定変わらず、盗塁失敗（浦田）、巨人・残り1回,result_detail_high_confidence
2026-08-07,2021039237,,,広島,辰見 鴻之介,2107887,p2107887,stolen_base,1,0.2,,official_boxscore
2026-08-07,2021039237,4,表,広島,モンテロ,1961927,p1961927,baserunning_out,0410500,-0.4,139km/h シンカー、２・３塁間タッチアウト（モンテロ）、挟まれる（モンテロ）,result_detail_high_confidence
2026-08-07,2021039237,7,裏,DeNA,エンカーナシオン,2108195,p2108195,baserunning_out,0720400,-0.4,"カーブ、３・本塁間タッチアウト（エンカーナシオン）、挟まれる（エンカーナシオン）、ランナー1,3塁",result_detail_high_confidence
2026-08-07,2021039238,,,中日,樋口 正修,2103947,p2103947,stolen_base,1,0.2,,official_boxscore
2026-08-07,2021039238,6,裏,阪神,近本 光司,1800065,p1800065,caught_stealing,0620200,-0.4,154km/h ツーシーム、ランエンドヒット、盗塁失敗（近本）,result_detail_high_confidence
2026-08-07,2021039239,5,表,楽天,宗山 塁,1851157,p1851157,baserunning_out,0510400,-0.4,"136km/h フォーク、３・本塁間タッチアウト（宗山）、バットの先、ボテボテ、挟まれる（宗山）、ランナー1,2塁",result_detail_high_confidence
2026-08-07,2021039239,6,裏,日本ハム,吉田 賢吾,2107900,p2107900,baserunning_out,0620300,-0.4,フォーク、慌てて戻る（吉田）,result_detail_high_confidence
2026-08-07,2021039241,,,ロッテ,藤原 恭大,1800050,p1800050,stolen_base,1,0.2,,official_boxscore
2026-08-08,2021039242,,,ヤクルト,古賀 優大,1600078,p1600078,stolen_base,1,0.2,,official_boxscore
2026-08-08,2021039243,,,広島,野間 峻祥,1400173,p1400173,stolen_base,1,0.2,,official_boxscore
2026-08-08,2021039245,2,表,楽天,宗山 塁,1851157,p1851157,baserunning_out,0210400,-0.4,"カットボール、ライン際、オーバーラン（宗山）、慌てて戻る（宗山）、ランナー2,3塁",result_detail_high_confidence
2026-08-08,2021039246,,,ソフトバンク,庄子 雄大,1950149,p1950149,stolen_base,1,0.2,,official_boxscore
2026-08-08,2021039246,,,西武,髙松 渡,1700103,p1700103,stolen_base,1,0.2,,official_boxscore
2026-08-08,2021039247,1,裏,ロッテ,山口 航輝,1800053,p1800053,caught_stealing,0120500,-0.4,129km/h スライダー、ランエンドヒット、盗塁失敗（山口）、ランナー3塁,result_detail_high_confidence
2026-08-09,2021039248,,,ヤクルト,長岡 秀樹,1900028,p1900028,stolen_base,1,0.2,,official_boxscore
2026-08-09,2021039248,5,裏,巨人,松本 剛,1100095,p1100095,caught_stealing,0520400,-0.4,ストレート、ピッチアウト、盗塁失敗（松本）,result_detail_high_confidence
2026-08-09,2021039248,6,裏,巨人,ダルベック,1561820,p1561820,baserunning_out,0620500,-0.4,"149km/h ストレート、３・本塁間タッチアウト（ダルベック）、内野前進、挟まれる（ダルベック）、ランナー1,3塁",result_detail_high_confidence
2026-08-09,2021039249,,,広島,小園 海斗,1800072,p1800072,stolen_base,1,0.2,,official_boxscore
2026-08-09,2021039249,8,表,広島,辰見 鴻之介,2107887,p2107887,caught_stealing,0810400,-0.4,フォーク、リプレー検証後判定変わらず、盗塁失敗（辰見）、広島・残り1回、ランナー1塁,result_detail_high_confidence
2026-08-09,2021039249,8,裏,DeNA,度会 隆輝,1850873,p1850873,baserunning_out,0820400,-0.4,"145km/h ストレート、３塁上タッチアウト（牧）、内野前進、挟まれる（度会）、ランナー2,3塁",result_detail_high_confidence
2026-08-09,2021039250,3,表,中日,福永 裕基,2103780,p2103780,caught_stealing,0310400,-0.4,チェンジアップ、ダブルスチール、盗塁失敗（福永）、ランナー2塁,result_detail_high_confidence
2026-08-09,2021039251,,,楽天,宗山 塁,1851157,p1851157,stolen_base,1,0.2,,official_boxscore
2026-08-09,2021039251,5,表,楽天,金子 京介,2102018,p2102018,caught_stealing,0510300,-0.4,145km/h カットボール、ランエンドヒット、盗塁失敗（金子）,result_detail_high_confidence
2026-08-09,2021039253,3,表,オリックス,宗 佑磨,1400196,p1400196,caught_stealing,0310400,-0.4,120km/h カーブ、盗塁失敗（宗）,result_detail_high_confidence
2026-08-11,2021039256,,,中日,福永 裕基,2103780,p2103780,stolen_base,1,0.2,,official_boxscore
2026-08-11,2021039257,,,西武,髙松 渡,1700103,p1700103,stolen_base,1,0.2,,official_boxscore
2026-08-11,2021039258,,,オリックス,渡部 遼人,2103747,p2103747,stolen_base,1,0.2,,official_boxscore
2026-08-11,2021039258,,,オリックス,野口 智哉,1751068,p1751068,stolen_base,1,0.2,,official_boxscore
2026-08-11,2021039258,4,表,オリックス,西川 龍馬,1500096,p1500096,baserunning_out,0410400,-0.4,"ストレート、３・本塁間タッチアウト（西川）、挟まれる（西川）、ランナー2,3塁",result_detail_high_confidence
2026-08-11,2021039258,5,裏,楽天,宗山 塁,1851157,p1851157,caught_stealing,0520400,-0.4,シンカー、盗塁失敗（宗山）,result_detail_high_confidence
2026-08-11,2021039259,6,裏,ソフトバンク,川村 友斗,1650813,p1650813,baserunning_out,0620600,-0.4,125km/h パワーカーブ、１・２塁間タッチアウト（川村）、挟まれる（川村）,result_detail_high_confidence
2026-08-12,2021039260,1,表,阪神,佐藤 輝明,2000051,p2000051,baserunning_out,0110400,-0.4,"ツーシーム、挟まれる（佐藤）、ランナー1,3塁",result_detail_high_confidence
2026-08-12,2021039261,,,ヤクルト,鈴木 叶,2109495,p2109495,stolen_base,1,0.2,,official_boxscore
2026-08-12,2021039263,,,西武,カナリオ,2117028,p2117028,stolen_base,1,0.2,,official_boxscore
2026-08-12,2021039263,3,表,西武,滝澤 夏央,2103618,p2103618,caught_stealing,0310400,-0.4,140km/h カットボール、盗塁失敗（滝澤）,result_detail_high_confidence
2026-08-12,2021039264,,,オリックス,麦谷 祐介,2110153,p2110153,stolen_base,1,0.2,,official_boxscore
2026-08-12,2021039265,,,ソフトバンク,周東 佑京,1700135,p1700135,stolen_base,1,0.2,,official_boxscore
2026-08-12,2021039265,,,ソフトバンク,周東 佑京,1700135,p1700135,stolen_base,2,0.2,,official_boxscore
2026-08-13,2021039266,,,巨人,浦田 俊輔,1951153,p1951153,stolen_base,1,0.2,,official_boxscore
2026-08-13,2021039268,,,DeNA,度会 隆輝,1850873,p1850873,stolen_base,1,0.2,,official_boxscore
2026-08-13,2021039269,,,日本ハム,水野 達稀,1851204,p1851204,stolen_base,1,0.2,,official_boxscore
2026-08-13,2021039269,,,日本ハム,カストロ,2108090,p2108090,stolen_base,1,0.2,,official_boxscore
2026-08-13,2021039269,5,表,西武,滝澤 夏央,2103618,p2103618,caught_stealing,0510400,-0.4,129km/h カットボール、盗塁失敗（滝澤）,result_detail_high_confidence
2026-08-13,2021039270,,,楽天,村林 一輝,1600007,p1600007,stolen_base,1,0.2,,official_boxscore
2026-08-13,2021039271,,,ロッテ,山﨑 剛,1700034,p1700034,stolen_base,1,0.2,,official_boxscore
2026-08-14,2021039272,,,ヤクルト,赤羽 由紘,2000031,p2000031,stolen_base,1,0.2,,official_boxscore
2026-08-14,2021039272,,,ヤクルト,増田 珠,1700131,p1700131,stolen_base,1,0.2,,official_boxscore
2026-08-14,2021039274,,,広島,辰見 鴻之介,2107887,p2107887,stolen_base,1,0.2,,official_boxscore
2026-08-14,2021039275,3,裏,西武,源田 壮亮,1600129,p1600129,caught_stealing,0320200,-0.4,ストレート、ヒットエンドラン、挟まれる（源田）、盗塁失敗（源田）,result_detail_high_confidence
2026-08-14,2021039275,5,裏,西武,カナリオ,2117028,p2117028,caught_stealing,0520500,-0.4,145km/h ストレート、盗塁失敗（カナリオ）,result_detail_high_confidence
2026-08-14,2021039276,5,裏,オリックス,太田 椋,1800098,p1800098,baserunning_out,0520200,-0.4,フォーク、２・３塁間タッチアウト（太田）、バットの先、当てただけ、挟まれる（太田）、ランナー1塁,result_detail_high_confidence
2026-08-14,2021039277,,,楽天,宗山 塁,1851157,p1851157,stolen_base,1,0.2,,official_boxscore
2026-08-15,2021039278,,,DeNA,三森 大貴,1600167,p1600167,stolen_base,1,0.2,,official_boxscore
2026-08-15,2021039278,,,DeNA,エンカーナシオン,2108195,p2108195,stolen_base,1,0.2,,official_boxscore
2026-08-15,2021039278,,,ヤクルト,岩田 幸宏,2103917,p2103917,stolen_base,1,0.2,,official_boxscore
2026-08-15,2021039278,,,ヤクルト,内山 壮真,2000026,p2000026,stolen_base,1,0.2,,official_boxscore
2026-08-15,2021039278,,,ヤクルト,モンテル,2107178,p2107178,stolen_base,1,0.2,,official_boxscore
2026-08-15,2021039279,3,表,巨人,浦田 俊輔,1951153,p1951153,caught_stealing,0310400,-0.4,けん制飛び出し（浦田）、挟まれる（浦田）、盗塁失敗（浦田）,result_detail_high_confidence
2026-08-15,2021039280,6,裏,広島,大盛 穂,1800079,p1800079,caught_stealing,0620600,-0.4,134km/h カットボール、リプレー検証後判定変わらず、盗塁失敗（大盛）、広島・残り1回,result_detail_high_confidence
2026-08-15,2021039281,,,ロッテ,小川 龍成,2000089,p2000089,stolen_base,1,0.2,,official_boxscore
2026-08-15,2021039281,,,西武,髙松 渡,1700103,p1700103,stolen_base,1,0.2,,official_boxscore
2026-08-15,2021039282,8,表,日本ハム,奈良間 大己,1850932,p1850932,baserunning_out,0810600,-0.4,"スライダー、３・本塁間タッチアウト（奈良間）、挟まれる（奈良間）、ランナー1,2塁",result_detail_high_confidence
2026-08-15,2021039283,,,楽天,平良 竜哉,2105283,p2105283,stolen_base,1,0.2,,official_boxscore
2026-08-15,2021039283,7,裏,ソフトバンク,石塚 綜一郎,1900105,p1900105,baserunning_out,0720300,-0.4,カットボール、反応良く捕球、慌てて戻る（石塚）,result_detail_high_confidence
2026-08-16,2021039284,,,ヤクルト,鈴木 叶,2109495,p2109495,stolen_base,1,0.2,,official_boxscore
2026-08-16,2021039284,3,表,DeNA,度会 隆輝,1850873,p1850873,caught_stealing,0310300,-0.4,フォーク、ワンバウンド、捕手が投球を弾く、挟まれる（度会）、盗塁失敗（度会）,result_detail_high_confidence
2026-08-16,2021039285,,,巨人,浦田 俊輔,1951153,p1951153,stolen_base,1,0.2,,official_boxscore
2026-08-16,2021039286,,,阪神,髙寺 望夢,2000057,p2000057,stolen_base,1,0.2,,official_boxscore
2026-08-16,2021039288,,,日本ハム,水野 達稀,1851204,p1851204,stolen_base,1,0.2,,official_boxscore
2026-08-16,2021039288,,,オリックス,渡部 遼人,2103747,p2103747,stolen_base,1,0.2,,official_boxscore
2026-08-16,2021039289,,,楽天,中島 大輔,1950278,p1950278,stolen_base,1,0.2,,official_boxscore
2026-08-16,2021039289,,,ソフトバンク,牧原 大成,1000175,p1000175,stolen_base,1,0.2,,official_boxscore
2026-08-16,2021039289,5,裏,ソフトバンク,廣瀨 隆太,1850172,p1850172,baserunning_out,0520300,-0.4,"139km/h ツーシーム、３・本塁間タッチアウト（廣瀨隆）、挟まれる（廣瀨隆）、ランナー1,2塁",result_detail_high_confidence
2026-08-16,2021039289,7,裏,ソフトバンク,牧原 大成,1000175,p1000175,baserunning_out,0720400,-0.4,118km/h カーブ、２・３塁間タッチアウト（牧原大）、ワンバウンド、捕手が投球を弾く、挟まれる（牧原大）、進塁を狙うもアウト（牧原大）,result_detail_high_confidence
2026-08-18,2021039290,,,巨人,増田 大輝,1500054,p1500054,stolen_base,1,0.2,,official_boxscore
2026-08-18,2021039290,,,巨人,松本 剛,1100095,p1100095,stolen_base,1,0.2,,official_boxscore
2026-08-18,2021039291,6,裏,阪神,森下 翔太,1850183,p1850183,baserunning_out,0620300,-0.4,134km/h フォーク、フェンスギリギリ、慌てて戻る（森下）,result_detail_high_confidence
2026-08-18,2021039292,,,広島,辰見 鴻之介,2107887,p2107887,stolen_base,1,0.2,,official_boxscore
2026-08-18,2021039292,,,広島,大盛 穂,1800079,p1800079,stolen_base,1,0.2,,official_boxscore
2026-08-18,2021039292,5,表,中日,福永 裕基,2103780,p2103780,caught_stealing,0510200,-0.4,ストレート、ランエンドヒット、盗塁失敗（福永）,result_detail_high_confidence
2026-08-18,2021039293,1,表,ソフトバンク,周東 佑京,1700135,p1700135,caught_stealing,0110300,-0.4,130km/h スイーパー、リプレー検証後判定変わらず、盗塁失敗（周東）、ソフトバンク・残り1回,result_detail_high_confidence
2026-08-18,2021039294,,,ロッテ,藤原 恭大,1800050,p1800050,stolen_base,1,0.2,,official_boxscore
2026-08-18,2021039294,,,楽天,中島 大輔,1950278,p1950278,stolen_base,1,0.2,,official_boxscore
2026-08-18,2021039294,1,裏,楽天,宗山 塁,1851157,p1851157,caught_stealing,0120400,-0.4,チェンジアップ、ランエンドヒット、盗塁失敗（宗山）,result_detail_high_confidence
2026-08-19,2021039296,9,表,巨人,小濱 佑斗,2110991,p2110991,baserunning_out,0910300,-0.4,145km/h カットボール、慌てて戻る（小濱）,result_detail_high_confidence
2026-08-19,2021039297,,,阪神,近本 光司,1800065,p1800065,stolen_base,1,0.2,,official_boxscore
2026-08-19,2021039297,,,阪神,植田 海,1400172,p1400172,stolen_base,1,0.2,,official_boxscore
2026-08-19,2021039297,,,阪神,佐藤 輝明,2000051,p2000051,stolen_base,1,0.2,,official_boxscore
2026-08-19,2021039298,,,広島,名原 典彦,1850405,p1850405,stolen_base,1,0.2,,official_boxscore
2026-08-19,2021039298,8,裏,広島,辰見 鴻之介,2107887,p2107887,caught_stealing,0820200,-0.4,141km/h スプリット、ワンバウンド、ヘッドスライディング（辰見）、盗塁失敗（辰見）,result_detail_high_confidence
2026-08-19,2021039299,,,ソフトバンク,牧原 大成,1000175,p1000175,stolen_base,1,0.2,,official_boxscore
2026-08-19,2021039299,3,表,ソフトバンク,庄子 雄大,1950149,p1950149,caught_stealing,0310200,-0.4,けん制飛び出し（庄子）、送球が当たる（庄子）、送球ミス（清宮幸）、盗塁失敗（庄子）、ランナー2塁,result_detail_high_confidence
2026-08-19,2021039299,3,裏,日本ハム,進藤 勇也,1950486,p1950486,caught_stealing,0320300,-0.4,150km/h ストレート、ヒットエンドラン、盗塁失敗（進藤）,result_detail_high_confidence
2026-08-19,2021039301,,,西武,カナリオ,2117028,p2117028,stolen_base,1,0.2,,official_boxscore
2026-08-19,2021039301,3,表,オリックス,中川 圭太,1800104,p1800104,caught_stealing,0310200,-0.4,スイーパー、ヒットエンドラン、ワンバウンド、盗塁失敗（中川）,result_detail_high_confidence
2026-08-20,2021039302,,,巨人,佐々木 俊輔,2106178,p2106178,stolen_base,1,0.2,,official_boxscore
2026-08-20,2021039302,,,巨人,佐々木 俊輔,2106178,p2106178,stolen_base,2,0.2,,official_boxscore
2026-08-20,2021039302,,,巨人,泉口 友汰,1750321,p1750321,stolen_base,1,0.2,,official_boxscore
2026-08-20,2021039302,6,表,巨人,浦田 俊輔,1951153,p1951153,caught_stealing,0610400,-0.4,147km/h ストレート、ヘッドスライディング（浦田）、盗塁失敗（浦田）,result_detail_high_confidence
2026-08-20,2021039302,9,表,巨人,増田 大輝,1500054,p1500054,caught_stealing,0910400,-0.4,133km/h スライダー、ヘッドスライディング（増田大）、リプレー検証後判定変わらず、盗塁失敗（増田大）、巨人・残り0回,result_detail_high_confidence
2026-08-20,2021039303,,,ヤクルト,増田 珠,1700131,p1700131,stolen_base,1,0.2,,official_boxscore
2026-08-20,2021039305,,,ソフトバンク,周東 佑京,1700135,p1700135,stolen_base,1,0.2,,official_boxscore
2026-08-20,2021039305,9,表,ソフトバンク,川瀬 晃,1500143,p1500143,caught_stealing,0910300,-0.4,154km/h ストレート、ランエンドヒット、盗塁失敗（川瀬）,result_detail_high_confidence
2026-08-20,2021039306,,,ロッテ,藤原 恭大,1800050,p1800050,stolen_base,1,0.2,,official_boxscore
2026-08-20,2021039306,,,ロッテ,小川 龍成,2000089,p2000089,stolen_base,1,0.2,,official_boxscore
2026-08-20,2021039306,,,ロッテ,山﨑 剛,1700034,p1700034,stolen_base,1,0.2,,official_boxscore
2026-08-20,2021039306,2,裏,楽天,YG安田,2103740,p2103740,baserunning_out,0220400,-0.4,"132km/h スライダー、３塁上タッチアウト（YG安田）、内野中間守備、慌てて戻る（YG安田）、ランナー1,2塁",result_detail_high_confidence
2026-08-21,2021039308,,,広島,勝田 成,2110422,p2110422,stolen_base,1,0.2,,official_boxscore
2026-08-21,2021039308,,,巨人,浦田 俊輔,1951153,p1951153,stolen_base,1,0.2,,official_boxscore
2026-08-21,2021039308,,,巨人,泉口 友汰,1750321,p1750321,stolen_base,1,0.2,,official_boxscore
2026-08-21,2021039309,8,裏,DeNA,度会 隆輝,1850873,p1850873,baserunning_out,0820300,-0.4,154km/h ツーシーム、反応良く捕球、慌てて戻る（度会）,result_detail_high_confidence
2026-08-21,2021039310,,,ヤクルト,宮本 丈,1700089,p1700089,stolen_base,1,0.2,,official_boxscore
2026-08-21,2021039311,,,西武,カナリオ,2117028,p2117028,stolen_base,1,0.2,,official_boxscore
2026-08-21,2021039311,,,楽天,小森 航大郎,2103614,p2103614,stolen_base,1,0.2,,official_boxscore
2026-08-21,2021039311,1,表,西武,西川 愛也,1700122,p1700122,caught_stealing,0110200,-0.4,ストレート、盗塁失敗（西川）,result_detail_high_confidence
2026-08-21,2021039312,,,ロッテ,藤原 恭大,1800050,p1800050,stolen_base,1,0.2,,official_boxscore
2026-08-22,2021039313,,,巨人,中山 礼都,2000007,p2000007,stolen_base,1,0.2,,official_boxscore
2026-08-22,2021039316,3,裏,楽天,小深田 大翔,1900112,p1900112,caught_stealing,0320300,-0.4,けん制飛び出し（小深田）、盗塁失敗（小深田）,result_detail_high_confidence
2026-08-22,2021039318,,,ソフトバンク,庄子 雄大,1950149,p1950149,stolen_base,1,0.2,,official_boxscore
2026-08-22,2021039318,9,表,オリックス,紅林 弘太郎,1900088,p1900088,baserunning_out,0910200,-0.4,フォーク、慌てて戻る（紅林）,result_detail_high_confidence
2026-08-23,2021039319,,,巨人,佐々木 俊輔,2106178,p2106178,stolen_base,1,0.2,,official_boxscore
2026-08-23,2021039319,,,巨人,佐々木 俊輔,2106178,p2106178,stolen_base,2,0.2,,official_boxscore
2026-08-23,2021039320,,,阪神,中野 拓夢,2000056,p2000056,stolen_base,1,0.2,,official_boxscore
2026-08-23,2021039320,8,裏,DeNA,宮下 朝陽,2100014,p2100014,baserunning_out,0820400,-0.4,"135km/h フォーク、３・本塁間タッチアウト（宮下）、内野前進、挟まれる（宮下）、天を仰ぐ（松尾）、ランナー1,3塁",result_detail_high_confidence
2026-08-23,2021039321,4,裏,中日,石川 昂弥,1900037,p1900037,baserunning_out,0420600,-0.4,"145km/h ストレート、挟まれる（石川昂）、タッチ空振り（松本健）、リプレー検証後判定変わらず、ヤクルト・残り1回、ランナー2,3塁",result_detail_high_confidence
2026-08-23,2021039321,7,裏,中日,福永 裕基,2103780,p2103780,caught_stealing,0720400,-0.4,148km/h ストレート、盗塁失敗（福永）,result_detail_high_confidence
2026-08-23,2021039321,8,表,ヤクルト,並木 秀尊,2000028,p2000028,caught_stealing,0810200,-0.4,スライダー、盗塁失敗（並木）,result_detail_high_confidence
2026-08-23,2021039322,,,西武,髙松 渡,1700103,p1700103,stolen_base,1,0.2,,official_boxscore
2026-08-23,2021039323,2,裏,ロッテ,寺地 隆成,2102926,p2102926,baserunning_out,0220200,-0.4,カットボール、挟まれる（寺地）,result_detail_high_confidence
2026-08-23,2021039323,7,裏,ロッテ,藤原 恭大,1800050,p1800050,caught_stealing,0720400,-0.4,けん制飛び出し（藤原）、挟まれる（藤原）、盗塁失敗（藤原）,result_detail_high_confidence
