season,player_key,player_id,player,team,league,number,hand,position,qualified,games,pa,ab,runs,hits,singles,doubles,triples,hr,rbi,bb,ibb,hbp,so,sb,caught_stealing,baserunning_outs,baserunning_runs,errors,sf,sh,gidp,gidp_opportunities,tb,avg,obp,slg,ops,iso,babip,bb_pct,k_pct,bb_k,woba_est,wraa_est,wrc_est,wrc_plus_est,rc,rc27,xr,xr27,gpa,seca,ta,wsb,ubr_est,bsr_est
2026,p2108195,2108195,エンカーナシオン,DeNA,セ,69,右打,右,False,62,244,232,21,66,41,14,0,11,38,11,0,0,48,1,0,1,-0.2,3,1,0,4,32,113,0.284,0.316,0.487,0.803,0.203,0.316,0.045,0.197,0.23,0.348,12.22,34.75,154.0,35.81,5.65,33.91,5.35,0.264,0.254,0.735,0.2,-0.4,-0.2
2026,name:コックス,,コックス,DeNA,セ,,,投,False,2,4,4,0,0,0,0,0,0,0,0,0,0,3,0,0,0,0.0,0,0,0,0,0,0,0.0,0.0,0.0,0,0.0,0.0,0.0,0.75,0.0,0.0,-1.01,-0.64,-174.0,0.0,0.0,-0.38,-2.59,0.0,0.0,0.0,0.0,-0.0,0.0
2026,name:デュプランティエ,,デュプランティエ,DeNA,セ,,,投,False,2,3,3,0,0,0,0,0,0,0,0,0,0,0,0,0,0,0.0,0,0,0,0,0,0,0.0,0.0,0.0,0,0.0,0.0,0.0,0.0,,0.0,-0.76,-0.48,-174.0,0.0,0.0,-0.27,-2.43,0.0,0.0,0.0,0.0,-0.0,0.0
2026,p2101034,2101034,ヒュンメル,DeNA,セ,99,左打,打,False,59,148,129,14,27,17,5,0,5,18,15,0,3,49,0,0,1,-0.4,3,1,0,4,18,47,0.209,0.304,0.364,0.668,0.155,0.289,0.101,0.331,0.31,0.301,1.29,14.95,109.0,14.39,3.63,14.74,3.72,0.228,0.295,0.613,0.0,-0.4,-0.4
2026,name:ビシエド,,ビシエド,DeNA,セ,,,打,False,21,30,28,1,7,6,0,0,1,6,2,0,0,5,0,0,0,0.0,1,0,0,0,0,10,0.25,0.3,0.357,0.657,0.107,0.273,0.067,0.167,0.4,0.294,0.09,2.86,103.0,3.0,3.86,3.19,4.1,0.224,0.179,0.571,0.0,-0.0,0.0
2026,p1600021,1600021,ビシエド,DeNA,セ,66,右打,,False,0,1,0,0,0,0,0,0,0,0,0,1,0,0,0,0,0,0.0,0,1,0,0,6,0,,0.0,,,,0.0,0.0,0.0,,0.0,-0.25,-0.16,-174.0,,,0.28,7.56,,,,0.0,-0.0,0.0
2026,p2101360,2101360,ビド,DeNA,セ,42,右投,投,False,2,2,2,0,0,0,0,0,0,0,0,0,0,2,0,0,0,0.0,0,0,0,0,0,0,0.0,0.0,0.0,0,0.0,,0.0,1.0,0.0,0.0,-0.51,-0.32,-174.0,0.0,0.0,-0.2,-2.65,0.0,0.0,0.0,0.0,-0.0,0.0
2026,p1600167,1600167,三森 大貴,DeNA,セ,26,左打,二,False,69,137,129,19,31,27,4,0,0,9,7,0,0,32,16,4,1,1.2,1,1,0,1,11,35,0.24,0.277,0.271,0.548,0.031,0.316,0.051,0.234,0.22,0.248,-5.11,7.54,60.0,9.78,2.54,11.28,2.93,0.192,0.178,0.563,1.6,-0.4,1.2
2026,p2000099,2000099,中川 颯,DeNA,セ,53,右投,投,False,6,3,3,1,1,1,0,0,0,0,0,0,0,1,0,0,0,0.0,0,0,0,0,1,1,0.333,0.333,0.333,0.666,0.0,0.5,0.0,0.333,0.0,0.297,0.02,0.29,106.0,0.33,4.5,0.31,4.21,0.233,0.0,0.5,0.0,-0.0,0.0
2026,p1600166,1600166,九鬼 隆平,DeNA,セ,95,右打,打,False,9,9,9,0,2,1,1,0,0,0,0,0,0,4,0,0,0,0.0,0,0,0,0,1,3,0.222,0.222,0.333,0.555,0.111,0.4,0.0,0.444,0.0,0.24,-0.4,0.44,52.0,0.67,2.57,0.56,2.15,0.183,0.111,0.429,0.0,-0.0,0.0
2026,p2000108,2000108,井上 朋也,DeNA,セ,40,右打,打,False,21,44,41,5,8,5,1,0,2,6,3,0,0,17,0,1,0,-0.4,1,0,0,0,3,15,0.195,0.25,0.366,0.616,0.171,0.273,0.068,0.386,0.18,0.272,-0.69,3.37,83.0,3.75,2.98,3.69,2.93,0.204,0.22,0.529,-0.4,-0.0,-0.4
2026,p2103696,2103696,井上 絢登,DeNA,セ,55,左打,打,False,3,3,3,0,0,0,0,0,0,0,0,0,0,3,0,0,0,0.0,0,0,0,0,0,0,0.0,0.0,0.0,0,0.0,,0.0,1.0,0.0,0.0,-0.76,-0.48,-174.0,0.0,0.0,-0.29,-2.65,0.0,0.0,0.0,0.0,-0.0,0.0
2026,p1600107,1600107,京田 陽太,DeNA,セ,9,左打,遊,False,51,127,118,12,26,21,4,0,1,11,4,0,3,26,1,0,0,0.2,2,0,2,2,17,33,0.22,0.264,0.28,0.544,0.06,0.275,0.031,0.205,0.15,0.246,-4.89,6.84,58.0,8.71,2.45,8.23,2.32,0.189,0.127,0.436,0.2,-0.0,0.2
2026,p1600089,1600089,佐野 恵太,DeNA,セ,7,左打,一,True,127,512,459,49,121,82,31,0,8,53,52,0,1,74,0,1,3,-1.6,4,0,0,12,46,176,0.264,0.34,0.383,0.723,0.119,0.3,0.102,0.145,0.7,0.324,14.75,62.03,131.0,59.81,4.6,57.09,4.39,0.249,0.233,0.652,-0.4,-1.2,-1.6
2026,p2000034,2000034,入江 大生,DeNA,セ,22,右投,投,False,6,9,6,0,1,0,1,0,0,2,0,0,0,2,0,0,0,0.0,1,0,3,0,0,2,0.167,0.167,0.333,0.5,0.166,0.25,0.0,0.222,0.0,0.212,-0.62,0.21,26.0,0.33,1.12,0.37,1.26,0.158,0.167,0.4,0.0,-0.0,0.0
2026,p1950827,1950827,加藤 響,DeNA,セ,37,右打,打,False,1,1,1,0,0,0,0,0,0,0,0,0,0,1,0,0,0,0.0,0,0,0,0,0,0,0.0,0.0,0.0,0,0.0,,0.0,1.0,0.0,0.0,-0.25,-0.16,-174.0,0.0,0.0,-0.1,-2.65,0.0,0.0,0.0,0.0,-0.0,0.0
2026,p1800046,1800046,勝又 温史,DeNA,セ,28,左打,左,False,105,356,335,38,95,80,11,0,4,33,13,1,5,59,3,2,1,-0.6,0,1,2,2,39,118,0.284,0.319,0.352,0.671,0.068,0.333,0.037,0.166,0.22,0.299,2.51,35.39,108.0,37.77,4.13,37.25,4.07,0.232,0.125,0.57,-0.2,-0.4,-0.6
2026,p2103949,2103949,古市 尊,DeNA,セ,60,右打,捕,False,25,69,62,9,23,18,4,0,1,5,5,0,1,9,0,1,0,-0.4,0,0,1,0,4,30,0.371,0.426,0.484,0.91,0.113,0.423,0.072,0.13,0.56,0.402,6.71,13.09,205.0,12.79,8.43,11.5,7.57,0.313,0.194,0.9,-0.4,-0.0,-0.4
2026,p2100014,2100014,宮下 朝陽,DeNA,セ,34,右打,遊,False,70,222,208,22,54,38,8,0,8,26,13,5,0,54,3,0,2,-0.2,4,0,1,5,27,86,0.26,0.303,0.413,0.716,0.153,0.315,0.059,0.243,0.24,0.307,3.15,23.65,115.0,26.07,4.4,24.69,4.17,0.24,0.231,0.642,0.6,-0.8,-0.2
2026,p1200053,1200053,宮﨑 敏郎,DeNA,セ,51,右打,三,False,109,379,334,25,85,61,13,0,11,44,35,0,6,46,0,1,3,-1.6,2,4,0,13,31,131,0.254,0.332,0.392,0.724,0.138,0.263,0.092,0.121,0.76,0.323,10.63,45.63,130.0,44.02,4.45,43.21,4.37,0.247,0.257,0.654,-0.4,-1.2,-1.6
2026,p1950913,1950913,小田 康一郎,DeNA,セ,3,左打,打,False,6,11,10,1,0,0,0,0,0,0,1,0,0,5,0,0,0,0.0,0,0,0,0,1,0,0.0,0.091,0.0,0.091,0.0,0.0,0.091,0.455,0.2,0.063,-2.18,-1.16,-115.0,0.0,0.0,-0.6,-1.62,0.041,0.1,0.1,0.0,-0.0,0.0
2026,p1700066,1700066,山本 祐大,DeNA,セ,50,右打,捕,False,82,310,275,37,70,49,13,2,6,46,23,0,6,51,0,0,0,0.0,3,4,2,8,35,105,0.255,0.321,0.382,0.703,0.127,0.288,0.074,0.165,0.45,0.312,5.81,34.44,120.0,34.19,4.22,34.18,4.21,0.24,0.233,0.629,0.0,-0.0,0.0
2026,p2101494,2101494,島田 舜也,DeNA,セ,15,右投,投,False,4,7,4,1,0,0,0,0,0,0,1,0,0,2,0,0,0,0.0,0,0,2,0,0,0,0.0,0.2,0.0,0.2,0.0,0.0,0.143,0.286,0.5,0.138,-0.93,-0.28,-44.0,0.0,0.0,0.04,0.2,0.09,0.25,0.25,0.0,-0.0,0.0
2026,p1300031,1300031,平良 拳太郎,DeNA,セ,59,右投,投,False,18,27,18,1,0,0,0,0,0,0,2,0,0,12,0,0,0,0.0,1,0,7,0,0,0,0.0,0.1,0.0,0.1,0.0,0.0,0.074,0.444,0.17,0.069,-5.2,-2.71,-109.0,0.0,0.0,-0.76,-0.82,0.045,0.111,0.111,0.0,-0.0,0.0
2026,p2112149,2112149,庄司 陽斗,DeNA,セ,93,左投,投,False,1,1,1,0,0,0,0,0,0,0,0,0,0,1,0,0,0,0.0,0,0,0,0,0,0,0.0,0.0,0.0,0,0.0,,0.0,1.0,0.0,0.0,-0.25,-0.16,-174.0,0.0,0.0,-0.1,-2.65,0.0,0.0,0.0,0.0,-0.0,0.0
2026,p1850873,1850873,度会 隆輝,DeNA,セ,4,左打,左,True,132,504,463,64,128,97,21,1,9,51,30,1,9,73,5,6,5,-3.4,0,1,1,8,53,178,0.276,0.332,0.384,0.716,0.108,0.312,0.06,0.145,0.41,0.319,12.33,58.87,126.0,59.22,4.56,56.49,4.35,0.245,0.19,0.636,-1.4,-2.0,-3.4
2026,p2115069,2115069,成瀬 脩人,DeNA,セ,48,右打,二,False,27,68,65,6,17,14,3,0,0,8,2,0,0,20,0,1,0,-0.4,2,1,0,3,5,20,0.262,0.279,0.308,0.587,0.046,0.37,0.029,0.294,0.1,0.26,-1.84,4.44,71.0,5.67,2.89,4.3,2.19,0.203,0.062,0.423,-0.4,-0.0,-0.4
2026,p1500064,1500064,戸柱 恭孝,DeNA,セ,10,左打,捕,False,41,105,98,4,19,12,6,0,1,8,7,2,0,20,1,1,0,-0.2,2,0,0,1,11,28,0.194,0.248,0.286,0.534,0.092,0.234,0.067,0.19,0.35,0.232,-5.39,4.3,44.0,6.93,2.31,6.18,2.06,0.183,0.163,0.444,-0.2,-0.0,-0.2
2026,p1700058,1700058,東 克樹,DeNA,セ,11,左投,投,False,24,60,53,2,2,2,0,0,0,1,0,0,0,23,0,0,0,0.0,0,1,6,0,1,2,0.038,0.037,0.038,0.075,0.0,0.065,0.0,0.383,0.0,0.033,-13.44,-7.9,-143.0,0.08,0.04,-3.16,-1.47,0.026,0.0,0.039,0.0,-0.0,0.0
2026,p2100277,2100277,松尾 汐恩,DeNA,セ,5,右打,捕,False,87,293,269,30,66,48,13,1,4,19,19,4,2,34,1,1,2,-1.0,2,1,2,7,22,93,0.245,0.299,0.346,0.645,0.101,0.267,0.065,0.116,0.56,0.282,-2.1,24.96,92.0,27.9,3.52,26.12,3.3,0.221,0.178,0.545,-0.2,-0.8,-1.0
2026,p1850208,1850208,林 琢真,DeNA,セ,00,左打,遊,False,74,189,168,16,36,23,11,1,1,20,14,1,0,39,6,0,0,1.2,4,1,6,3,21,52,0.214,0.273,0.31,0.583,0.096,0.271,0.074,0.206,0.36,0.259,-5.2,12.25,70.0,14.29,2.72,14.96,2.84,0.2,0.214,0.533,1.2,-0.0,1.2
2026,p1500063,1500063,柴田 竜拓,DeNA,セ,31,左打,三,False,47,15,11,2,1,1,0,0,0,1,0,0,0,2,0,0,0,0.0,0,1,3,2,2,1,0.091,0.083,0.091,0.174,0.0,0.1,0.0,0.133,0.0,0.074,-2.82,-1.44,-104.0,0.09,0.15,-0.67,-1.12,0.06,0.0,0.083,0.0,-0.0,0.0
2026,p2103703,2103703,梶原 昂希,DeNA,セ,58,左打,中,False,28,73,64,7,13,8,3,1,1,5,6,0,2,18,2,0,1,0.0,0,0,1,1,4,21,0.203,0.292,0.328,0.62,0.125,0.267,0.082,0.247,0.33,0.281,-0.61,6.13,91.0,6.12,3.12,6.66,3.39,0.213,0.281,0.596,0.4,-0.4,0.0
2026,p1900030,1900030,森 敬斗,DeNA,セ,6,左打,中,False,3,12,12,2,3,2,1,0,0,2,0,0,0,3,0,0,0,0.0,1,0,0,0,0,4,0.25,0.25,0.333,0.583,0.083,0.333,0.0,0.25,0.0,0.254,-0.38,0.73,66.0,1.0,3.0,0.89,2.66,0.196,0.083,0.444,0.0,-0.0,0.0
2026,p2100109,2100109,深沢 鳳介,DeNA,セ,43,右投,投,False,10,22,18,0,1,1,0,0,0,0,1,0,0,11,0,0,0,0.0,1,0,3,0,0,1,0.056,0.105,0.056,0.161,0.0,0.143,0.045,0.5,0.09,0.083,-3.97,-1.94,-95.0,0.11,0.14,-0.66,-0.89,0.061,0.056,0.118,0.0,-0.0,0.0
2026,p2105232,2105232,片山 皓心,DeNA,セ,47,左投,投,False,8,13,11,0,0,0,0,0,0,0,0,0,0,9,0,0,0,0.0,0,0,2,0,1,0,0.0,0.0,0.0,0,0.0,0.0,0.0,0.692,0.0,0.0,-3.29,-2.08,-174.0,0.0,0.0,-0.98,-2.04,0.0,0.0,0.0,0.0,-0.0,0.0
2026,p2000035,2000035,牧 秀悟,DeNA,セ,2,右打,二,True,106,462,409,73,114,58,27,0,29,74,40,3,12,83,2,2,3,-1.6,11,1,0,12,62,228,0.279,0.359,0.557,0.916,0.278,0.285,0.087,0.18,0.48,0.394,41.65,84.32,198.0,82.1,7.15,76.05,6.62,0.301,0.406,0.913,-0.4,-1.2,-1.6
2026,p2112189,2112189,石上 泰輝,DeNA,セ,44,左打,遊,False,33,92,82,5,16,10,6,0,0,4,5,2,0,20,1,1,0,-0.2,3,1,4,0,6,22,0.195,0.239,0.268,0.507,0.073,0.254,0.054,0.217,0.25,0.216,-5.96,2.54,30.0,5.31,1.99,5.13,1.92,0.175,0.134,0.418,-0.2,-0.0,-0.2
2026,p2112182,2112182,石田 裕太郎,DeNA,セ,54,右投,投,False,19,38,33,1,3,3,0,0,0,2,0,0,0,13,0,0,0,0.0,0,0,5,2,1,3,0.091,0.091,0.091,0.182,0.0,0.15,0.0,0.342,0.0,0.081,-6.93,-3.42,-97.0,0.27,0.2,-1.84,-1.35,0.064,0.0,0.094,0.0,-0.0,0.0
2026,p1700059,1700059,神里 和毅,DeNA,セ,8,左打,中,False,65,23,19,10,2,1,0,1,0,1,3,0,0,9,1,1,0,-0.2,0,0,1,0,1,4,0.105,0.227,0.211,0.438,0.106,0.2,0.13,0.391,0.33,0.208,-1.65,0.48,22.0,0.91,1.29,0.86,1.22,0.155,0.263,0.444,-0.2,-0.0,-0.2
2026,p1650915,1650915,竹田 祐,DeNA,セ,12,右投,投,False,8,16,15,0,2,2,0,0,0,1,1,0,0,6,0,0,0,0.0,1,0,0,1,1,2,0.133,0.188,0.133,0.321,0.0,0.222,0.062,0.375,0.17,0.154,-1.9,-0.42,-28.0,0.38,0.72,-0.25,-0.48,0.118,0.067,0.214,0.0,-0.0,0.0
2026,p1000002,1000002,筒香 嘉智,DeNA,セ,25,左打,三,False,97,386,330,49,84,49,15,0,20,49,52,2,2,102,0,0,4,-1.6,8,2,0,3,37,159,0.255,0.358,0.482,0.84,0.227,0.305,0.135,0.264,0.51,0.366,25.35,61.0,171.0,57.14,6.15,58.95,6.34,0.282,0.391,0.855,0.0,-1.6,-1.6
2026,p1850838,1850838,篠木 健太郎,DeNA,セ,30,右投,投,False,12,26,23,2,4,4,0,0,0,0,1,0,0,13,0,0,0,0.0,2,0,2,0,1,4,0.174,0.208,0.174,0.382,0.0,0.4,0.038,0.5,0.08,0.177,-2.57,-0.17,-7.0,0.83,1.07,0.61,0.78,0.137,0.043,0.263,0.0,-0.0,0.0
2026,p2107753,2107753,若松 尚輝,DeNA,セ,39,右投,投,False,23,3,2,0,0,0,0,0,0,0,0,0,0,1,0,0,0,0.0,0,0,1,0,0,0,0.0,0.0,0.0,0,0.0,0.0,0.0,0.333,0.0,0.0,-0.76,-0.48,-174.0,0.0,0.0,-0.15,-1.33,0.0,0.0,0.0,0.0,-0.0,0.0
2026,p1200062,1200062,藤浪 晋太郎,DeNA,セ,27,右投,投,False,3,3,2,0,1,1,0,0,0,0,0,0,0,1,0,0,0,0.0,0,0,1,0,0,1,0.5,0.5,0.5,1.0,0.0,1.0,0.0,0.333,0.0,0.445,0.4,0.68,245.0,0.5,6.75,0.44,5.97,0.35,0.0,1.0,0.0,-0.0,0.0
2026,p1900035,1900035,蝦名 達夫,DeNA,セ,61,右打,中,False,102,375,336,44,81,60,13,3,5,27,20,0,16,88,6,4,1,-0.8,1,1,2,6,36,115,0.241,0.314,0.342,0.656,0.101,0.311,0.053,0.235,0.23,0.296,1.92,36.55,106.0,36.17,3.64,36.3,3.66,0.227,0.214,0.592,-0.4,-0.4,-0.8
2026,p1300038,1300038,関根 大気,DeNA,セ,63,左打,中,False,7,21,21,2,4,3,1,0,0,2,0,0,0,1,0,0,0,0.0,1,0,0,0,0,5,0.19,0.19,0.238,0.428,0.048,0.2,0.0,0.048,0.0,0.188,-1.88,0.06,3.0,0.95,1.51,0.68,1.08,0.145,0.048,0.294,0.0,-0.0,0.0
2026,p2104256,2104256,高見澤 郁魅,DeNA,セ,66,左打,打,False,1,1,1,0,0,0,0,0,0,0,0,0,0,0,0,0,0,0.0,0,0,0,0,0,0,0.0,0.0,0.0,0,0.0,0.0,0.0,0.0,,0.0,-0.25,-0.16,-174.0,0.0,0.0,-0.09,-2.43,0.0,0.0,0.0,0.0,-0.0,0.0
2026,p2108177,2108177,エスピノーザ,オリックス,パ,00,右投,投,False,2,5,5,0,0,0,0,0,0,0,0,0,0,5,0,0,0,0.0,0,0,0,0,0,0,0.0,0.0,0.0,0,0.0,,0.0,1.0,0.0,0.0,-1.32,-0.81,-159.0,0.0,0.0,-0.49,-2.65,0.0,0.0,0.0,0.0,-0.0,0.0
2026,p2117200,2117200,シーモア,オリックス,パ,45,左打,一,False,42,144,139,7,22,16,3,0,3,15,3,0,1,45,0,0,0,0.0,0,1,0,1,17,34,0.158,0.181,0.245,0.426,0.087,0.207,0.021,0.312,0.07,0.188,-14.4,0.25,2.0,6.18,1.4,4.95,1.12,0.143,0.115,0.322,0.0,-0.0,0.0
2026,p2108148,2108148,ジェリー,オリックス,パ,69,右投,投,False,1,1,1,0,0,0,0,0,0,0,0,0,0,1,0,0,0,0.0,0,0,0,0,0,0,0.0,0.0,0.0,0,0.0,,0.0,1.0,0.0,0.0,-0.26,-0.16,-159.0,0.0,0.0,-0.1,-2.65,0.0,0.0,0.0,0.0,-0.0,0.0
2026,p1800104,1800104,中川 圭太,オリックス,パ,67,右打,中,False,113,438,393,44,99,78,14,1,6,33,33,1,5,46,3,3,2,-1.4,1,5,2,3,35,133,0.252,0.314,0.338,0.652,0.086,0.269,0.075,0.105,0.72,0.292,-4.29,40.26,90.0,42.28,3.72,45.16,3.97,0.226,0.183,0.58,-0.6,-0.8,-1.4
2026,p1300058,1300058,九里 亜蓮,オリックス,パ,22,右投,投,False,2,6,5,0,0,0,0,0,0,0,0,0,0,4,0,0,0,0.0,0,0,1,0,0,0,0.0,0.0,0.0,0,0.0,0.0,0.0,0.667,0.0,0.0,-1.58,-0.97,-159.0,0.0,0.0,-0.44,-1.99,0.0,0.0,0.0,0.0,-0.0,0.0
2026,p2107850,2107850,内藤 鵬,オリックス,パ,25,右打,一,False,6,22,22,0,4,3,1,0,0,1,0,0,0,6,0,0,0,0.0,0,0,0,2,1,5,0.182,0.182,0.227,0.409,0.045,0.25,0.0,0.273,0.0,0.179,-2.38,-0.14,-6.0,0.91,1.23,-0.19,-0.25,0.139,0.045,0.25,0.0,-0.0,0.0
2026,p2109674,2109674,堀 柊那,オリックス,パ,62,右打,捕,False,12,25,25,1,4,4,0,0,0,1,0,0,0,9,0,0,0,0.0,1,0,0,1,2,4,0.16,0.16,0.16,0.32,0.0,0.25,0.0,0.36,0.0,0.142,-3.5,-0.96,-38.0,0.64,0.79,-0.33,-0.41,0.112,0.0,0.182,0.0,-0.0,0.0
2026,p1500128,1500128,大城 滉二,オリックス,パ,10,右打,二,False,22,51,48,2,11,9,2,0,0,4,2,0,0,9,0,0,0,0.0,0,0,1,2,9,13,0.229,0.26,0.271,0.531,0.042,0.282,0.039,0.176,0.22,0.239,-2.88,2.31,45.0,3.38,2.28,2.52,1.7,0.185,0.083,0.385,0.0,-0.0,0.0
2026,p1800098,1800098,太田 椋,オリックス,パ,1,右打,二,True,125,515,464,49,130,93,27,1,9,50,47,1,3,101,0,2,4,-2.4,10,1,0,17,55,186,0.28,0.35,0.401,0.751,0.121,0.341,0.091,0.196,0.47,0.334,13.51,65.89,126.0,65.14,4.97,59.42,4.53,0.258,0.224,0.669,-0.8,-1.6,-2.4
2026,p1400196,1400196,宗 佑磨,オリックス,パ,6,左打,三,True,134,541,465,59,114,80,16,4,14,65,56,0,11,91,6,6,1,-1.6,7,5,4,6,35,180,0.245,0.337,0.387,0.724,0.142,0.274,0.104,0.168,0.62,0.324,9.64,64.67,118.0,61.24,4.44,65.25,4.74,0.248,0.286,0.697,-1.2,-0.4,-1.6
2026,p1800102,1800102,宜保 翔,オリックス,パ,53,左打,二,False,28,47,43,5,7,6,1,0,0,0,2,0,0,10,2,2,0,-0.4,1,0,2,1,3,8,0.163,0.2,0.186,0.386,0.023,0.212,0.043,0.213,0.2,0.178,-5.15,-0.37,-8.0,1.6,1.05,0.51,0.34,0.137,0.07,0.308,-0.4,-0.0,-0.4
2026,p1750667,1750667,山中 稜真,オリックス,パ,50,左打,一,False,92,353,316,36,82,62,16,2,2,26,30,0,3,51,2,2,2,-1.2,3,3,1,8,32,108,0.259,0.327,0.342,0.669,0.083,0.301,0.085,0.144,0.59,0.301,-0.88,35.02,98.0,35.59,3.87,35.14,3.83,0.233,0.187,0.586,-0.4,-0.8,-1.2
2026,p1500112,1500112,平沼 翔太,オリックス,パ,61,左打,打,False,27,39,37,3,8,6,2,0,0,2,2,1,0,9,0,0,0,0.0,2,0,0,1,3,10,0.216,0.256,0.27,0.526,0.054,0.286,0.051,0.231,0.22,0.226,-2.64,1.32,33.0,2.56,2.31,1.98,1.78,0.183,0.108,0.4,0.0,-0.0,0.0
2026,p1500041,1500041,廣岡 大志,オリックス,パ,30,右打,右,False,16,62,58,6,11,10,0,0,1,4,3,0,0,20,0,1,0,-0.4,0,1,0,4,6,14,0.19,0.226,0.241,0.467,0.051,0.263,0.048,0.323,0.15,0.211,-4.99,1.31,21.0,3.21,1.64,1.64,0.84,0.162,0.086,0.327,-0.4,-0.0,-0.4
2026,p1750595,1750595,曽谷 龍平,オリックス,パ,17,左投,投,False,2,5,4,0,0,0,0,0,0,0,0,0,0,3,0,0,0,0.0,0,0,1,0,0,0,0.0,0.0,0.0,0,0.0,0.0,0.0,0.6,0.0,0.0,-1.32,-0.81,-159.0,0.0,0.0,-0.34,-1.86,0.0,0.0,0.0,0.0,-0.0,0.0
2026,p1500135,1500135,杉本 裕太郎,オリックス,パ,99,右打,指,False,24,80,73,4,12,7,5,0,0,5,4,0,1,25,0,0,0,0.0,0,2,0,1,10,17,0.164,0.212,0.233,0.445,0.069,0.24,0.05,0.312,0.16,0.201,-7.14,0.99,12.0,3.71,1.56,3.48,1.47,0.154,0.137,0.355,0.0,-0.0,0.0
2026,p1650722,1650722,杉澤 龍,オリックス,パ,33,左打,中,False,30,74,66,11,20,13,4,1,2,7,4,0,2,19,1,0,0,0.2,0,1,1,1,7,32,0.303,0.356,0.485,0.841,0.182,0.391,0.054,0.257,0.21,0.365,3.98,11.51,153.0,11.56,6.37,11.27,6.21,0.281,0.288,0.83,0.2,-0.0,0.2
2026,p2000098,2000098,来田 涼斗,オリックス,パ,38,左打,右,False,103,356,331,32,86,56,18,3,9,43,15,0,3,68,4,2,0,0.0,3,2,5,7,34,137,0.26,0.296,0.414,0.71,0.154,0.301,0.042,0.191,0.22,0.31,2.17,38.38,106.0,40.83,4.22,39.0,4.03,0.237,0.215,0.626,0.0,-0.0,0.0
2026,p1300100,1300100,森 友哉,オリックス,パ,4,左打,指,False,66,252,226,25,55,39,9,0,7,24,24,0,2,45,0,2,3,-2.0,0,0,0,2,28,85,0.243,0.321,0.376,0.697,0.133,0.276,0.095,0.179,0.53,0.313,2.06,27.69,108.0,27.32,4.22,27.77,4.28,0.238,0.239,0.634,-0.8,-1.2,-2.0
2026,p2111290,2111290,横山 聖哉,オリックス,パ,34,左打,遊,False,9,23,21,0,2,2,0,0,0,0,1,0,0,12,0,0,0,0.0,1,0,1,0,1,2,0.095,0.136,0.095,0.231,0.0,0.222,0.043,0.522,0.08,0.112,-3.82,-1.48,-63.0,0.27,0.37,-0.43,-0.58,0.085,0.048,0.158,0.0,-0.0,0.0
2026,p2050254,2050254,池田 陵真,オリックス,パ,39,右打,左,False,10,27,25,1,3,1,1,0,1,2,2,0,0,8,0,0,0,0.0,0,0,0,0,2,7,0.12,0.185,0.28,0.465,0.16,0.125,0.074,0.296,0.25,0.209,-2.22,0.53,19.0,1.3,1.59,1.3,1.59,0.153,0.24,0.409,0.0,-0.0,0.0
2026,p2103747,2103747,渡部 遼人,オリックス,パ,0,左打,中,False,97,252,217,31,49,42,2,2,3,13,23,0,3,44,18,2,2,2.0,1,0,9,2,19,64,0.226,0.309,0.295,0.604,0.069,0.271,0.091,0.175,0.52,0.278,-5.63,20.0,78.0,19.75,2.95,24.43,3.64,0.213,0.263,0.628,2.8,-0.8,2.0
2026,p2050019,2050019,片山 楽生,オリックス,パ,49,右投,投,False,1,1,1,0,0,0,0,0,0,0,0,0,0,1,0,0,0,0.0,0,0,0,0,0,0,0.0,0.0,0.0,0,0.0,,0.0,1.0,0.0,0.0,-0.26,-0.16,-159.0,0.0,0.0,-0.1,-2.65,0.0,0.0,0.0,0.0,-0.0,0.0
2026,p1700109,1700109,田嶋 大樹,オリックス,パ,29,左投,投,False,1,1,1,0,1,1,0,0,0,0,0,0,0,0,0,0,0,0.0,0,0,0,0,0,1,1.0,1.0,1.0,2.0,0.0,1.0,0.0,0.0,,0.89,0.51,0.61,602.0,1.0,,0.5,,0.7,0.0,,0.0,-0.0,0.0
2026,p1300049,1300049,石川 亮,オリックス,パ,37,右打,捕,False,10,8,8,1,0,0,0,0,0,0,0,0,0,3,0,0,0,0.0,0,0,0,0,1,0,0.0,0.0,0.0,0,0.0,0.0,0.0,0.375,0.0,0.0,-2.11,-1.3,-159.0,0.0,0.0,-0.74,-2.51,0.0,0.0,0.0,0.0,-0.0,0.0
2026,p1650056,1650056,福永 奨,オリックス,パ,32,右打,捕,False,28,36,32,1,4,2,1,0,1,2,1,0,0,11,0,0,0,0.0,0,0,3,2,3,8,0.125,0.152,0.25,0.402,0.125,0.15,0.028,0.306,0.09,0.177,-3.96,-0.3,-8.0,1.21,0.99,0.27,0.22,0.131,0.156,0.3,0.0,-0.0,0.0
2026,p2115915,2115915,窪田 洋祐,オリックス,パ,58,右打,打,False,2,1,1,0,0,0,0,0,0,0,0,0,0,1,0,0,0,0.0,0,0,0,0,0,0,0.0,0.0,0.0,0,0.0,,0.0,1.0,0.0,0.0,-0.26,-0.16,-159.0,0.0,0.0,-0.1,-2.65,0.0,0.0,0.0,0.0,-0.0,0.0
2026,p1900088,1900088,紅林 弘太郎,オリックス,パ,24,右打,遊,True,136,532,470,50,122,79,24,1,18,60,48,2,6,87,1,0,3,-1.0,5,3,5,12,52,202,0.26,0.334,0.43,0.764,0.17,0.283,0.09,0.164,0.55,0.336,14.95,69.05,128.0,67.85,4.98,66.95,4.91,0.258,0.287,0.714,0.2,-1.2,-1.0
2026,p1300109,1300109,若月 健矢,オリックス,パ,2,右打,捕,False,114,342,298,21,66,48,15,1,2,19,23,2,1,64,0,0,3,-1.2,4,1,19,8,23,89,0.221,0.279,0.299,0.578,0.078,0.275,0.067,0.187,0.36,0.258,-13.53,21.25,61.0,24.88,2.58,23.48,2.44,0.2,0.158,0.471,0.0,-1.2,-1.2
2026,p1500096,1500096,西川 龍馬,オリックス,パ,7,左打,左,True,143,612,573,63,155,112,30,0,13,54,33,2,1,91,1,2,3,-1.8,3,4,1,21,64,224,0.271,0.309,0.391,0.7,0.12,0.3,0.054,0.149,0.36,0.307,2.09,64.33,103.0,69.75,4.22,62.64,3.79,0.237,0.178,0.587,-0.6,-1.2,-1.8
2026,p1400201,1400201,西野 真弘,オリックス,パ,5,左打,二,False,43,122,110,6,24,20,4,0,0,2,8,0,1,13,0,0,0,0.0,0,0,3,2,6,28,0.218,0.277,0.255,0.532,0.037,0.247,0.066,0.107,0.62,0.245,-6.23,6.18,50.0,7.76,2.3,7.48,2.22,0.188,0.118,0.42,0.0,-0.0,0.0
2026,p1751068,1751068,野口 智哉,オリックス,パ,9,左打,二,False,83,166,148,14,33,23,6,0,4,21,11,0,1,50,2,1,0,0.0,3,1,5,2,15,51,0.223,0.28,0.345,0.625,0.122,0.305,0.066,0.301,0.22,0.278,-3.64,13.25,78.0,14.34,3.12,14.78,3.22,0.212,0.209,0.551,0.0,-0.0,0.0
2026,p2110153,2110153,麦谷 祐介,オリックス,パ,8,左打,中,False,59,94,89,11,13,10,1,1,1,5,4,0,0,35,2,1,0,0.0,0,0,1,1,10,19,0.146,0.183,0.213,0.396,0.067,0.226,0.043,0.372,0.11,0.179,-10.17,-0.61,-6.0,3.47,1.19,2.15,0.73,0.136,0.124,0.321,0.0,-0.0,0.0
2026,p2105885,2105885,アルメンタ,ソフトバンク,パ,34,左投,投,False,1,1,1,0,0,0,0,0,0,0,0,0,0,1,0,0,0,0.0,0,0,0,0,0,0,0.0,0.0,0.0,0,0.0,,0.0,1.0,0.0,0.0,-0.26,-0.16,-159.0,0.0,0.0,-0.1,-2.65,0.0,0.0,0.0,0.0,-0.0,0.0
2026,p2107851,2107851,イヒネ イツア,ソフトバンク,パ,36,左打,走左,False,8,2,2,1,0,0,0,0,0,0,0,0,0,1,0,0,0,0.0,0,0,0,0,1,0,0.0,0.0,0.0,0,0.0,0.0,0.0,0.5,0.0,0.0,-0.53,-0.32,-159.0,0.0,0.0,-0.19,-2.54,0.0,0.0,0.0,0.0,-0.0,0.0
2026,p1900010,1900010,スチュワート・ジュニア,ソフトバンク,パ,2,右投,投,False,2,4,4,1,1,1,0,0,0,0,0,0,0,1,0,0,0,0.0,0,0,0,0,1,1,0.25,0.25,0.25,0.5,0.0,0.333,0.0,0.25,0.0,0.223,-0.28,0.13,31.0,0.25,2.25,0.22,2.0,0.175,0.0,0.333,0.0,-0.0,0.0
2026,p2101257,2101257,ダウンズ,ソフトバンク,パ,4,右打,走指,False,8,12,12,1,1,1,0,0,0,0,0,0,0,5,1,0,0,0.2,1,0,0,0,2,1,0.083,0.083,0.083,0.166,0.0,0.143,0.0,0.417,0.0,0.074,-2.39,-1.17,-96.0,0.08,0.2,-0.35,-0.86,0.058,0.083,0.182,0.2,-0.0,0.2
2026,p800081,800081,中村 晃,ソフトバンク,パ,7,左打,打,False,31,46,44,0,6,4,2,0,0,3,2,0,0,6,0,0,0,0.0,0,0,0,1,1,8,0.136,0.174,0.182,0.356,0.046,0.158,0.043,0.13,0.33,0.163,-5.63,-0.96,-20.0,1.39,0.96,0.28,0.2,0.124,0.091,0.256,0.0,-0.0,0.0
2026,p1000035,1000035,今宮 健太,ソフトバンク,パ,6,右打,遊,False,62,174,157,13,36,28,6,0,2,16,11,0,1,37,0,0,0,0.0,3,2,3,2,15,48,0.229,0.281,0.306,0.587,0.077,0.283,0.063,0.213,0.3,0.263,-6.05,11.64,66.0,13.63,2.88,14.21,3.0,0.203,0.153,0.488,0.0,-0.0,0.0
2026,p2104078,2104078,前田 悠伍,ソフトバンク,パ,41,左投,投,False,1,2,1,0,0,0,0,0,0,0,0,0,0,1,0,0,0,0.0,0,0,1,0,0,0,0.0,0.0,0.0,0,0.0,,0.0,0.5,0.0,0.0,-0.53,-0.32,-159.0,0.0,0.0,-0.06,-0.78,0.0,0.0,0.0,0.0,-0.0,0.0
2026,p1700135,1700135,周東 佑京,ソフトバンク,パ,23,左打,中,True,125,543,477,75,131,103,19,5,4,38,42,0,6,80,29,3,1,4.2,0,5,13,6,55,172,0.275,0.338,0.361,0.699,0.086,0.319,0.077,0.147,0.53,0.312,4.25,59.48,108.0,58.64,4.24,65.09,4.71,0.242,0.241,0.701,4.6,-0.4,4.2
2026,p1550517,1550517,大津 亮介,ソフトバンク,パ,19,右投,投,False,2,7,6,0,0,0,0,0,0,0,0,0,0,5,0,0,0,0.0,0,0,1,0,0,0,0.0,0.0,0.0,0,0.0,0.0,0.0,0.714,0.0,0.0,-1.85,-1.14,-159.0,0.0,0.0,-0.54,-2.08,0.0,0.0,0.0,0.0,-0.0,0.0
2026,p1900106,1900106,大関 友久,ソフトバンク,パ,47,左投,投,False,1,2,2,0,0,0,0,0,0,0,0,0,0,0,0,0,0,0.0,0,0,0,0,0,0,0.0,0.0,0.0,0,0.0,0.0,0.0,0.0,,0.0,-0.53,-0.32,-159.0,0.0,0.0,-0.18,-2.43,0.0,0.0,0.0,0.0,-0.0,0.0
2026,p1700134,1700134,尾形 崇斗,ソフトバンク,パ,39,右投,投,False,15,25,22,1,2,2,0,0,0,0,0,0,0,11,0,0,0,0.0,1,0,2,1,3,2,0.091,0.091,0.091,0.182,0.0,0.182,0.0,0.44,0.0,0.081,-4.84,-2.3,-90.0,0.18,0.21,-1.18,-1.38,0.064,0.0,0.095,0.0,-0.0,0.0
2026,p1300101,1300101,山川 穂高,ソフトバンク,パ,5,右打,一,False,57,208,176,18,32,18,3,0,11,28,28,0,3,58,0,0,0,0.0,5,1,0,4,11,68,0.182,0.303,0.386,0.689,0.204,0.194,0.135,0.279,0.48,0.31,1.12,22.28,105.0,20.7,3.75,23.01,4.17,0.233,0.381,0.669,0.0,-0.0,0.0
2026,p2103876,2103876,山本 恵大,ソフトバンク,パ,77,左打,右,False,18,62,56,7,15,10,2,0,3,7,3,0,3,14,0,0,1,-0.4,1,0,0,1,2,26,0.268,0.339,0.464,0.803,0.196,0.308,0.048,0.226,0.21,0.354,2.74,9.05,144.0,8.81,5.66,8.63,5.55,0.269,0.304,0.762,0.0,-0.4,-0.4
2026,p1650813,1650813,川村 友斗,ソフトバンク,パ,61,左打,左,False,103,45,42,14,4,3,1,0,0,1,2,0,0,11,2,2,2,-1.2,0,0,1,0,4,5,0.095,0.136,0.119,0.255,0.024,0.129,0.044,0.244,0.18,0.121,-7.14,-2.57,-56.0,0.68,0.45,-0.85,-0.56,0.091,0.071,0.225,-0.4,-0.8,-1.2
2026,p1500143,1500143,川瀬 晃,ソフトバンク,パ,0,左打,遊,False,71,180,154,18,32,23,7,2,0,20,15,0,0,30,0,1,1,-0.8,0,3,7,5,11,43,0.208,0.273,0.279,0.552,0.071,0.252,0.083,0.167,0.5,0.25,-8.41,9.9,54.0,11.96,2.34,11.72,2.29,0.193,0.162,0.453,-0.4,-0.4,-0.8
2026,p1950149,1950149,庄子 雄大,ソフトバンク,パ,25,左打,遊,False,106,296,258,42,63,54,5,3,1,26,24,0,1,72,20,3,0,2.8,5,2,11,2,19,77,0.244,0.309,0.298,0.607,0.054,0.332,0.081,0.243,0.33,0.276,-7.07,23.03,77.0,23.94,3.04,28.61,3.63,0.214,0.217,0.61,2.8,-0.0,2.8
2026,p1850172,1850172,廣瀨 隆太,ソフトバンク,パ,33,右打,一,False,31,98,82,10,19,12,6,0,1,11,12,1,0,29,0,0,2,-0.8,0,2,2,1,9,28,0.232,0.323,0.341,0.664,0.109,0.333,0.122,0.296,0.41,0.295,-0.75,9.22,92.0,9.23,3.67,10.3,4.09,0.231,0.256,0.625,0.0,-0.8,-0.8
2026,p2100596,2100596,徐 若熙,ソフトバンク,パ,18,右投,投,False,1,2,2,0,0,0,0,0,0,0,0,0,0,2,0,0,0,0.0,0,0,0,0,0,0,0.0,0.0,0.0,0,0.0,,0.0,1.0,0.0,0.0,-0.53,-0.32,-159.0,0.0,0.0,-0.2,-2.65,0.0,0.0,0.0,0.0,-0.0,0.0
2026,p2107909,2107909,松本 晴,ソフトバンク,パ,49,左投,投,False,1,2,1,0,0,0,0,0,0,0,0,0,0,1,0,0,0,0.0,0,0,1,0,0,0,0.0,0.0,0.0,0,0.0,,0.0,0.5,0.0,0.0,-0.53,-0.32,-159.0,0.0,0.0,-0.06,-0.78,0.0,0.0,0.0,0.0,-0.0,0.0
2026,p1000128,1000128,柳田 悠岐,ソフトバンク,パ,9,左打,指,True,127,491,457,57,139,96,24,0,19,70,25,2,7,88,0,0,1,-0.4,0,2,0,10,54,220,0.304,0.348,0.481,0.829,0.177,0.341,0.051,0.179,0.28,0.361,24.75,74.68,150.0,76.93,6.29,71.06,5.81,0.277,0.247,0.768,0.0,-0.4,-0.4
2026,p1900104,1900104,柳町 達,ソフトバンク,パ,32,左打,右,False,85,310,270,34,72,49,18,3,2,43,34,1,1,68,0,0,1,-0.4,2,4,1,5,34,102,0.267,0.346,0.378,0.724,0.111,0.343,0.11,0.219,0.5,0.321,4.86,36.39,115.0,35.78,4.64,36.58,4.75,0.25,0.241,0.675,0.0,-0.4,-0.4
2026,p1400127,1400127,栗原 陵矢,ソフトバンク,パ,24,左打,三,True,140,621,532,88,143,73,27,3,40,118,75,1,8,114,0,0,2,-0.8,13,5,1,11,74,296,0.269,0.365,0.556,0.921,0.287,0.269,0.121,0.184,0.66,0.396,49.82,112.98,179.0,108.77,7.23,106.69,7.1,0.303,0.444,0.948,0.0,-0.8,-0.8
2026,p2103735,2103735,正木 智也,ソフトバンク,パ,31,右打,一,True,99,470,402,76,112,70,13,1,28,59,59,3,6,87,0,0,2,-0.8,3,3,0,6,39,211,0.279,0.377,0.525,0.902,0.246,0.29,0.126,0.185,0.68,0.39,35.43,83.23,174.0,79.97,7.22,79.64,7.19,0.301,0.408,0.932,0.0,-0.8,-0.8
2026,p1900101,1900101,海野 隆司,ソフトバンク,パ,62,右打,捕,False,87,268,225,23,44,33,9,1,1,15,20,0,1,67,0,0,1,-0.4,0,2,20,7,17,58,0.196,0.262,0.258,0.52,0.062,0.27,0.075,0.25,0.3,0.238,-15.24,12.02,44.0,15.33,1.97,14.72,1.89,0.182,0.156,0.42,0.0,-0.4,-0.4
2026,p1800113,1800113,渡邉 陸,ソフトバンク,パ,00,左打,捕,False,17,41,36,5,8,4,2,1,1,2,5,0,0,12,0,0,0,0.0,1,0,0,0,2,15,0.222,0.317,0.417,0.734,0.195,0.304,0.122,0.293,0.42,0.324,0.72,4.89,117.0,4.76,4.59,5.0,4.83,0.247,0.333,0.714,0.0,-0.0,0.0
2026,p1000175,1000175,牧原 大成,ソフトバンク,パ,8,左打,二,True,134,506,464,55,140,112,22,1,5,48,23,3,8,88,11,3,5,-1.0,3,3,8,6,59,179,0.302,0.343,0.386,0.729,0.084,0.361,0.045,0.174,0.26,0.322,8.08,59.55,116.0,61.84,4.85,60.72,4.77,0.251,0.168,0.664,1.0,-2.0,-1.0
2026,p1900105,1900105,石塚 綜一郎,ソフトバンク,パ,55,右打,一,False,7,23,20,2,5,2,3,0,0,3,2,0,1,7,0,0,1,-0.4,0,0,0,0,3,8,0.25,0.348,0.4,0.748,0.15,0.385,0.087,0.304,0.29,0.334,0.62,2.96,126.0,2.78,5.01,2.77,4.99,0.257,0.3,0.733,0.0,-0.4,-0.4
2026,p2000109,2000109,笹川 吉康,ソフトバンク,パ,44,左打,中,False,15,36,33,3,5,1,4,0,0,4,2,0,0,8,0,1,0,-0.4,0,1,0,1,3,9,0.152,0.194,0.273,0.467,0.121,0.192,0.056,0.222,0.25,0.204,-3.11,0.55,15.0,1.8,1.57,1.16,1.01,0.156,0.152,0.367,-0.4,-0.0,-0.4
2026,p2000117,2000117,緒方 理貢,ソフトバンク,パ,57,左打,左,False,13,6,6,6,2,2,0,0,0,0,0,0,0,1,1,0,0,0.2,0,0,0,0,0,2,0.333,0.333,0.333,0.666,0.0,0.4,0.0,0.167,0.0,0.297,-0.04,0.57,94.0,0.67,4.5,0.81,5.48,0.233,0.167,0.75,0.2,-0.0,0.2
2026,p1500140,1500140,谷川原 健太,ソフトバンク,パ,45,左打,右,False,86,65,62,8,14,10,4,0,0,3,3,0,0,22,1,1,0,-0.2,1,0,0,1,7,18,0.226,0.262,0.29,0.552,0.064,0.35,0.046,0.338,0.14,0.247,-3.19,3.42,52.0,4.71,2.54,3.89,2.1,0.19,0.113,0.44,-0.2,-0.0,-0.2
2026,p1100097,1100097,近藤 健介,ソフトバンク,パ,3,左打,左,True,137,595,484,94,149,89,29,0,31,107,100,8,7,97,6,1,1,0.4,3,4,0,9,75,271,0.308,0.43,0.56,0.99,0.252,0.328,0.168,0.163,1.03,0.425,63.05,123.57,204.0,117.39,9.08,113.66,8.79,0.334,0.483,1.113,0.8,-0.4,0.4
2026,p2104035,2104035,野村 勇,ソフトバンク,パ,99,右打,三,False,66,134,124,25,29,19,4,1,5,10,10,1,0,45,3,0,0,0.6,5,0,0,5,17,50,0.234,0.291,0.403,0.694,0.169,0.324,0.075,0.336,0.22,0.303,-0.03,13.59,100.0,14.55,3.93,13.71,3.7,0.232,0.274,0.63,0.6,-0.0,0.6
2026,p2112183,2112183,髙橋 隆慶,ソフトバンク,パ,56,右打,打,False,3,5,5,1,2,1,0,0,1,1,0,0,0,3,0,0,0,0.0,0,0,0,0,0,5,0.4,0.4,1.0,1.4,0.6,1.0,0.0,0.6,0.0,0.598,1.28,1.79,352.0,2.0,18.0,1.65,14.81,0.43,0.6,1.667,0.0,-0.0,0.0
2026,p2108291,2108291,ウォルターズ,ヤクルト,セ,58,右投,投,False,22,8,7,0,0,0,0,0,0,0,0,0,0,4,0,0,0,0.0,0,0,1,0,1,0,0.0,0.0,0.0,0,0.0,0.0,0.0,0.5,0.0,0.0,-2.02,-1.28,-174.0,0.0,0.0,-0.62,-2.1,0.0,0.0,0.0,0.0,-0.0,0.0
2026,p2000133,2000133,オスナ,ヤクルト,セ,13,右打,一,False,77,279,255,17,57,38,11,0,8,29,22,0,0,50,0,2,0,-0.8,2,2,0,8,19,92,0.224,0.283,0.361,0.644,0.137,0.246,0.079,0.179,0.44,0.286,-1.14,24.62,96.0,26.24,3.37,24.84,3.19,0.218,0.216,0.548,-0.8,-0.0,-0.8
2026,p2000135,2000135,サンタナ,ヤクルト,セ,25,右打,左,True,125,443,374,43,93,51,25,0,17,45,63,5,3,118,0,0,0,0.0,2,3,0,9,59,169,0.249,0.359,0.452,0.811,0.203,0.314,0.142,0.266,0.53,0.354,24.39,65.3,160.0,61.07,5.63,61.52,5.67,0.275,0.38,0.81,0.0,-0.0,0.0
2026,p2108913,2108913,セデーニョ,ヤクルト,セ,98,右打,一,False,10,28,27,1,5,3,2,0,0,2,1,0,0,4,0,0,0,0.0,0,0,0,0,0,7,0.185,0.214,0.259,0.473,0.074,0.217,0.036,0.143,0.25,0.211,-1.95,0.64,25.0,1.5,1.84,1.27,1.56,0.161,0.111,0.364,0.0,-0.0,0.0
2026,p2112585,2112585,モイセエフ ニキータ,ヤクルト,セ,31,左打,打,False,4,6,4,0,0,0,0,0,0,0,2,0,0,1,0,0,0,0.0,0,0,0,0,0,0,0.0,0.333,0.0,0.333,0.0,0.0,0.333,0.167,2.0,0.23,-0.32,0.24,43.0,0.0,0.0,0.31,2.11,0.15,0.5,0.5,0.0,-0.0,0.0
2026,p2107178,2107178,モンテル,ヤクルト,セ,90,右打,中,False,53,102,97,10,27,18,6,0,3,9,5,1,0,19,7,0,2,0.6,2,0,0,2,7,42,0.278,0.314,0.433,0.747,0.155,0.32,0.049,0.186,0.26,0.324,2.94,12.36,131.0,13.18,4.94,13.32,4.99,0.25,0.278,0.75,1.4,-0.8,0.6
2026,p2000028,2000028,並木 秀尊,ヤクルト,セ,0,右打,中,False,36,78,74,13,17,15,1,0,1,3,1,0,0,11,12,1,0,2.0,1,0,3,1,6,21,0.23,0.24,0.284,0.524,0.054,0.258,0.013,0.141,0.09,0.232,-3.97,3.24,45.0,5.04,2.19,6.37,2.77,0.179,0.216,0.576,2.0,-0.0,2.0
2026,p900044,900044,中村 悠平,ヤクルト,セ,27,右打,捕,False,32,65,58,2,11,6,5,0,0,1,4,1,1,5,0,0,0,0.0,0,0,2,3,5,16,0.19,0.254,0.276,0.53,0.086,0.208,0.062,0.077,0.8,0.234,-3.23,2.78,46.0,4.06,2.11,2.91,1.51,0.183,0.172,0.42,0.0,-0.0,0.0
2026,p1650522,1650522,丸山 和郁,ヤクルト,セ,4,左打,右,False,51,133,122,14,41,29,7,1,4,14,10,1,0,21,6,1,0,0.8,0,1,0,0,14,62,0.336,0.383,0.508,0.891,0.172,0.378,0.075,0.158,0.48,0.386,11.01,23.29,190.0,23.95,7.79,23.32,7.59,0.299,0.295,0.951,0.8,-0.0,0.8
2026,p2000033,2000033,丸山 翔大,ヤクルト,セ,68,右投,投,False,37,1,1,0,0,0,0,0,0,0,0,0,0,1,0,0,0,0.0,0,0,0,0,0,0,0.0,0.0,0.0,0,0.0,,0.0,1.0,0.0,0.0,-0.25,-0.16,-174.0,0.0,0.0,-0.1,-2.65,0.0,0.0,0.0,0.0,-0.0,0.0
2026,p2112175,2112175,伊藤 琉偉,ヤクルト,セ,67,右打,二,False,76,140,123,12,20,16,1,1,2,8,14,5,1,43,2,2,0,-0.4,4,0,2,5,11,29,0.163,0.254,0.236,0.49,0.073,0.231,0.1,0.307,0.33,0.212,-9.51,3.42,26.0,7.36,1.77,5.63,1.36,0.173,0.195,0.418,-0.4,-0.0,-0.4
2026,p2000026,2000026,内山 壮真,ヤクルト,セ,3,右打,二,False,92,345,304,33,71,50,16,0,5,26,38,5,2,64,3,1,2,-0.6,9,1,0,10,42,102,0.234,0.322,0.336,0.658,0.102,0.28,0.11,0.186,0.59,0.293,0.64,32.5,102.0,32.91,3.63,32.28,3.56,0.229,0.24,0.594,0.2,-0.8,-0.6
2026,p1650165,1650165,北村 恵吾,ヤクルト,セ,50,右打,打,False,8,13,13,0,1,1,0,0,0,1,0,0,0,5,0,0,0,0.0,0,0,0,1,1,1,0.077,0.077,0.077,0.154,0.0,0.125,0.0,0.385,0.0,0.068,-2.51,-1.31,-109.0,0.08,0.16,-0.99,-2.06,0.054,0.0,0.077,0.0,-0.0,0.0
2026,p1600078,1600078,古賀 優大,ヤクルト,セ,2,右打,捕,False,90,335,311,17,81,70,8,2,1,33,9,1,7,28,2,0,0,0.4,1,3,5,12,30,96,0.26,0.294,0.309,0.603,0.049,0.281,0.027,0.084,0.32,0.269,-6.42,24.51,79.0,28.48,3.08,25.94,2.8,0.21,0.106,0.471,0.4,-0.0,0.4
2026,p2103794,2103794,吉村 貢司郎,ヤクルト,セ,21,右投,投,False,19,37,34,2,3,3,0,0,0,0,1,0,0,17,0,0,0,0.0,0,0,2,0,3,3,0.088,0.114,0.088,0.202,0.0,0.176,0.027,0.459,0.06,0.096,-6.26,-2.84,-83.0,0.34,0.28,-1.01,-0.82,0.073,0.029,0.129,0.0,-0.0,0.0
2026,p1700087,1700087,塩見 泰隆,ヤクルト,セ,9,右打,右,False,37,83,77,5,13,8,3,0,2,5,5,2,0,28,1,0,0,0.2,0,1,0,1,5,22,0.169,0.217,0.286,0.503,0.117,0.229,0.06,0.337,0.18,0.212,-5.65,2.02,26.0,4.83,1.98,4.76,1.95,0.169,0.195,0.431,0.2,-0.0,0.2
2026,p1750894,1750894,増居 翔太,ヤクルト,セ,43,左投,投,False,7,10,7,0,1,0,1,0,0,0,1,0,0,3,0,0,0,0.0,0,0,2,0,1,2,0.143,0.25,0.286,0.536,0.143,0.25,0.1,0.3,0.33,0.245,-0.4,0.53,57.0,0.5,1.69,0.58,1.94,0.184,0.286,0.5,0.0,-0.0,0.0
2026,p1700131,1700131,増田 珠,ヤクルト,セ,63,右打,右,True,120,436,395,37,115,93,13,0,9,38,33,0,4,73,4,1,0,0.4,4,4,0,12,42,155,0.291,0.349,0.392,0.741,0.101,0.334,0.076,0.167,0.45,0.33,14.89,55.15,137.0,54.54,4.96,53.06,4.82,0.255,0.203,0.669,0.4,-0.0,0.4
2026,p1900024,1900024,奥川 恭伸,ヤクルト,セ,18,右投,投,False,21,50,45,1,2,2,0,0,0,2,2,0,0,33,0,0,0,0.0,0,0,3,1,1,2,0.044,0.085,0.044,0.129,0.0,0.167,0.04,0.66,0.06,0.067,-9.71,-5.09,-110.0,0.17,0.1,-2.7,-1.55,0.049,0.044,0.091,0.0,-0.0,0.0
2026,p1700089,1700089,宮本 丈,ヤクルト,セ,10,左打,打,False,48,78,71,5,21,15,5,0,1,8,4,0,2,16,1,0,0,0.2,0,0,1,1,9,29,0.296,0.351,0.408,0.759,0.112,0.37,0.051,0.205,0.25,0.338,3.19,10.39,144.0,10.17,5.28,9.8,5.09,0.26,0.211,0.706,0.2,-0.0,0.2
2026,p1200076,1200076,小川 泰弘,ヤクルト,セ,29,右投,投,False,8,14,14,0,3,3,0,0,0,1,0,0,0,6,0,0,0,0.0,0,0,0,0,0,3,0.214,0.214,0.214,0.428,0.0,0.375,0.0,0.429,0.0,0.191,-1.22,0.08,6.0,0.64,1.58,0.46,1.13,0.15,0.0,0.273,0.0,-0.0,0.0
2026,p1500139,1500139,小澤 怜史,ヤクルト,セ,45,右投,投,False,9,1,1,0,0,0,0,0,0,0,0,0,0,0,0,0,0,0.0,0,0,0,0,0,0,0.0,0.0,0.0,0,0.0,0.0,0.0,0.0,,0.0,-0.25,-0.16,-174.0,0.0,0.0,-0.09,-2.43,0.0,0.0,0.0,0.0,-0.0,0.0
2026,p1000132,1000132,山田 哲人,ヤクルト,セ,1,右打,打,False,26,50,47,4,13,11,0,0,2,4,3,0,0,6,0,0,2,-0.8,1,0,0,1,3,19,0.277,0.32,0.404,0.724,0.127,0.282,0.06,0.12,0.5,0.321,1.33,5.95,129.0,6.08,4.69,5.92,4.57,0.245,0.191,0.629,0.0,-0.8,-0.8
2026,p2000025,2000025,山野 太一,ヤクルト,セ,26,左投,投,False,22,53,47,1,7,7,0,0,0,3,2,0,0,23,0,0,0,0.0,1,1,3,0,3,7,0.149,0.18,0.149,0.329,0.0,0.28,0.038,0.434,0.09,0.152,-6.38,-1.48,-30.0,1.29,0.79,0.89,0.54,0.118,0.043,0.225,0.0,-0.0,0.0
2026,p1800082,1800082,山野辺 翔,ヤクルト,セ,37,右打,走,False,21,28,26,2,6,5,0,1,0,3,1,0,0,3,0,1,0,-0.4,1,0,1,0,4,8,0.231,0.259,0.308,0.567,0.077,0.261,0.036,0.107,0.33,0.25,-0.98,1.61,62.0,2.07,2.55,1.78,2.18,0.194,0.077,0.429,-0.4,-0.0,-0.4
2026,p2103917,2103917,岩田 幸宏,ヤクルト,セ,64,左打,中,True,124,444,412,48,107,95,10,1,1,24,22,0,4,79,38,6,0,5.2,3,1,5,3,53,122,0.26,0.303,0.296,0.599,0.036,0.318,0.05,0.178,0.28,0.271,-7.52,33.48,82.0,37.05,3.13,42.32,3.57,0.21,0.177,0.592,5.2,-0.0,5.2
2026,p2116854,2116854,松下 歩叶,ヤクルト,セ,6,右打,三,False,35,104,98,9,23,19,3,0,1,8,4,0,2,29,1,0,1,-0.2,2,0,0,0,10,29,0.235,0.279,0.296,0.575,0.061,0.324,0.038,0.279,0.14,0.26,-2.79,6.82,71.0,8.09,2.91,8.34,3.0,0.2,0.133,0.48,0.2,-0.4,-0.2
2026,p1750696,1750696,松本 健吾,ヤクルト,セ,28,右投,投,False,21,30,30,0,3,3,0,0,0,2,0,0,0,21,0,0,0,0.0,0,0,0,0,1,3,0.1,0.1,0.1,0.2,0.0,0.333,0.0,0.7,0.0,0.089,-5.26,-2.49,-90.0,0.3,0.3,-1.1,-1.1,0.07,0.0,0.111,0.0,-0.0,0.0
2026,p1700090,1700090,松本 直樹,ヤクルト,セ,32,右打,捕,False,15,37,33,4,8,6,2,0,0,4,3,0,0,7,0,0,1,-0.4,1,0,1,1,4,10,0.242,0.306,0.303,0.609,0.061,0.308,0.081,0.189,0.43,0.276,-0.46,2.96,87.0,3.06,3.06,2.82,2.82,0.213,0.152,0.5,0.0,-0.4,-0.4
2026,p2105063,2105063,橋本 星哉,ヤクルト,セ,52,左打,打,False,13,16,14,3,2,1,1,0,0,1,1,0,0,3,0,0,0,0.0,0,1,0,0,2,3,0.143,0.188,0.214,0.402,0.071,0.167,0.062,0.188,0.33,0.178,-1.57,-0.09,-6.0,0.6,1.25,0.83,1.72,0.138,0.143,0.333,0.0,-0.0,0.0
2026,p1900029,1900029,武岡 龍世,ヤクルト,セ,60,左打,三,False,98,291,265,25,59,40,14,1,4,27,23,4,1,74,1,1,1,-0.6,6,1,1,4,27,87,0.223,0.286,0.328,0.614,0.105,0.293,0.079,0.254,0.31,0.27,-5.21,21.67,81.0,24.99,3.17,24.34,3.09,0.211,0.196,0.531,-0.2,-0.4,-0.6
2026,p1750800,1750800,澤井 廉,ヤクルト,セ,42,左打,一,False,19,46,43,2,7,4,2,0,1,2,1,0,2,16,0,0,0,0.0,0,0,0,1,5,12,0.163,0.217,0.279,0.496,0.116,0.231,0.022,0.348,0.06,0.225,-2.64,1.61,38.0,2.61,1.9,2.16,1.58,0.167,0.186,0.405,0.0,-0.0,0.0
2026,p2113365,2113365,田中 陽翔,ヤクルト,セ,54,左打,三,False,34,90,83,6,17,14,1,0,2,8,6,0,0,28,1,0,0,0.2,2,1,0,2,11,24,0.205,0.256,0.289,0.545,0.084,0.278,0.067,0.311,0.21,0.245,-3.55,4.76,57.0,6.2,2.43,6.29,2.46,0.187,0.169,0.456,0.2,-0.0,0.2
2026,p2107172,2107172,矢野 泰二郎,ヤクルト,セ,57,右打,捕,False,7,5,4,1,1,1,0,0,0,0,1,0,0,0,0,0,0,0.0,1,0,0,0,0,1,0.25,0.4,0.25,0.65,0.0,0.25,0.2,0.0,,0.316,0.11,0.57,124.0,0.4,3.6,0.57,5.13,0.243,0.25,0.667,0.0,-0.0,0.0
2026,p1850772,1850772,石井 巧,ヤクルト,セ,38,右打,三,False,26,62,54,7,8,6,1,0,1,2,7,0,0,19,1,0,0,0.2,5,0,1,0,7,12,0.148,0.246,0.222,0.468,0.074,0.206,0.113,0.306,0.37,0.222,-3.7,2.02,35.0,2.95,1.7,3.47,1.99,0.166,0.222,0.435,0.2,-0.0,0.2
2026,p1851155,1851155,石原 勇輝,ヤクルト,セ,35,左投,投,False,21,1,1,0,0,0,0,0,0,0,0,0,0,1,0,0,0,0.0,0,0,0,0,0,0,0.0,0.0,0.0,0,0.0,,0.0,1.0,0.0,0.0,-0.25,-0.16,-174.0,0.0,0.0,-0.1,-2.65,0.0,0.0,0.0,0.0,-0.0,0.0
2026,p12113,12113,石川 雅規,ヤクルト,セ,19,左投,打投,False,2,1,1,0,0,0,0,0,0,0,0,0,0,0,0,0,0,0.0,0,0,0,0,0,0,0.0,0.0,0.0,0,0.0,0.0,0.0,0.0,,0.0,-0.25,-0.16,-174.0,0.0,0.0,-0.09,-2.43,0.0,0.0,0.0,0.0,-0.0,0.0
2026,p1600003,1600003,茂木 栄五郎,ヤクルト,セ,8,左打,一,False,23,39,30,5,7,6,1,0,0,2,7,0,1,9,0,0,0,0.0,2,0,1,0,3,8,0.233,0.395,0.267,0.662,0.034,0.333,0.179,0.231,0.78,0.32,1.0,4.6,128.0,3.16,3.55,4.34,4.88,0.245,0.3,0.696,0.0,-0.0,0.0
2026,p2102997,2102997,西村 瑠伊斗,ヤクルト,セ,36,左打,左,False,37,100,92,10,26,18,7,0,1,14,7,0,0,25,0,2,0,-0.8,1,1,0,1,15,36,0.283,0.33,0.391,0.721,0.108,0.373,0.07,0.25,0.28,0.318,2.42,11.65,126.0,12.0,4.63,11.08,4.27,0.246,0.163,0.623,-0.8,-0.0,-0.8
2026,p1950494,1950494,西舘 昂汰,ヤクルト,セ,14,右投,投,False,1,1,0,0,0,0,0,0,0,0,0,0,0,0,0,0,0,0.0,0,0,1,0,0,0,,,,,,,0.0,0.0,,,,,,,,0.04,1.08,,,,0.0,-0.0,0.0
2026,p2000031,2000031,赤羽 由紘,ヤクルト,セ,00,右打,一,False,106,322,286,33,69,49,14,0,6,30,31,1,0,94,9,1,0,1.4,7,1,4,3,37,101,0.241,0.314,0.353,0.667,0.112,0.337,0.096,0.292,0.33,0.299,2.27,32.0,108.0,31.86,3.81,34.11,4.07,0.23,0.248,0.638,1.4,-0.0,1.4
2026,p2109495,2109495,鈴木 叶,ヤクルト,セ,65,右打,捕,False,44,141,137,8,26,18,4,2,2,14,4,0,0,36,2,0,0,0.4,4,0,0,2,15,40,0.19,0.213,0.292,0.505,0.102,0.242,0.028,0.255,0.11,0.222,-8.41,4.61,35.0,8.51,2.03,7.54,1.8,0.169,0.146,0.407,0.4,-0.0,0.4
2026,p1900028,1900028,長岡 秀樹,ヤクルト,セ,7,左打,遊,True,122,519,467,53,117,86,22,1,8,39,43,1,5,70,5,5,2,-1.8,9,1,3,6,35,165,0.251,0.32,0.353,0.673,0.102,0.279,0.083,0.135,0.61,0.302,5.1,53.02,111.0,52.86,3.91,53.14,3.93,0.232,0.206,0.604,-1.0,-0.8,-1.8
2026,p1300045,1300045,高梨 裕稔,ヤクルト,セ,40,右投,投,False,14,29,26,2,4,3,1,0,0,3,1,0,0,16,0,0,0,0.0,0,0,2,2,1,5,0.154,0.185,0.192,0.377,0.038,0.4,0.034,0.552,0.06,0.171,-3.0,-0.33,-12.0,0.93,0.96,-0.21,-0.22,0.131,0.077,0.25,0.0,-0.0,0.0
2026,p1500042,1500042,高橋 奎二,ヤクルト,セ,47,左投,投,False,16,29,28,1,2,1,1,0,0,1,0,0,0,11,0,0,0,0.0,1,0,1,0,3,3,0.071,0.071,0.107,0.178,0.036,0.118,0.0,0.379,0.0,0.077,-5.38,-2.71,-101.0,0.21,0.21,-1.17,-1.17,0.059,0.036,0.115,0.0,-0.0,0.0
2026,p2103904,2103904,ジャクソン,ロッテ,パ,42,右投,投,False,2,5,5,0,1,1,0,0,0,0,0,0,0,2,0,0,0,0.0,0,0,0,0,0,1,0.2,0.2,0.2,0.4,0.0,0.333,0.0,0.4,0.0,0.178,-0.55,-0.04,-7.0,0.2,1.35,0.12,0.84,0.14,0.0,0.25,0.0,-0.0,0.0
2026,p1700020,1700020,ソト,ロッテ,パ,99,右打,一,False,113,367,334,30,74,44,13,0,17,47,24,1,7,95,0,0,0,0.0,2,2,0,9,24,138,0.222,0.286,0.413,0.699,0.191,0.254,0.065,0.259,0.25,0.307,1.06,38.39,103.0,39.7,3.96,39.54,3.94,0.232,0.284,0.628,0.0,-0.0,0.0
2026,p1460080,1460080,ポランコ,ロッテ,パ,22,左打,指,False,52,149,133,13,25,12,8,0,5,14,14,0,0,43,0,0,0,0.0,0,2,0,2,14,48,0.188,0.262,0.361,0.623,0.173,0.23,0.094,0.289,0.33,0.275,-3.66,11.49,76.0,12.73,3.07,13.66,3.29,0.208,0.278,0.564,0.0,-0.0,0.0
2026,p2101204,2101204,ロング,ロッテ,パ,73,左投,投,False,1,2,2,0,0,0,0,0,0,0,0,0,0,1,0,0,0,0.0,0,0,0,0,0,0,0.0,0.0,0.0,0,0.0,0.0,0.0,0.5,0.0,0.0,-0.53,-0.32,-159.0,0.0,0.0,-0.19,-2.54,0.0,0.0,0.0,0.0,-0.0,0.0
2026,p1850947,1850947,上田 希由翔,ロッテ,パ,10,左打,一,False,62,180,169,16,39,23,8,0,8,16,11,0,0,37,0,1,1,-0.8,3,0,0,4,21,71,0.231,0.278,0.42,0.698,0.189,0.25,0.061,0.206,0.3,0.306,0.35,18.65,102.0,19.72,3.94,18.72,3.74,0.23,0.249,0.607,-0.4,-0.4,-0.8
2026,p1900045,1900045,井上 広大,ロッテ,パ,39,右打,左,False,51,133,125,12,23,13,3,0,7,14,6,0,0,44,0,0,0,0.0,2,2,0,4,18,47,0.184,0.218,0.376,0.594,0.192,0.211,0.045,0.331,0.14,0.257,-5.34,8.19,61.0,10.4,2.6,10.51,2.63,0.192,0.24,0.5,0.0,-0.0,0.0
2026,p1900081,1900081,佐藤 都志也,ロッテ,パ,32,左打,捕,True,128,452,395,41,89,56,16,0,17,55,48,1,5,92,1,0,1,-0.2,6,3,1,3,48,156,0.225,0.315,0.395,0.71,0.17,0.249,0.106,0.204,0.52,0.315,4.66,50.63,110.0,49.45,4.27,53.87,4.65,0.241,0.306,0.68,0.2,-0.4,-0.2
2026,p2106798,2106798,友杉 篤輝,ロッテ,パ,4,右打,遊,False,87,276,254,29,60,53,6,1,0,16,14,0,0,39,3,2,1,-0.6,8,0,8,5,19,68,0.236,0.276,0.268,0.544,0.032,0.279,0.051,0.141,0.36,0.247,-13.66,14.41,51.0,18.78,2.43,17.22,2.22,0.191,0.091,0.423,-0.2,-0.4,-0.6
2026,p1700098,1700098,和田 康士朗,ロッテ,パ,63,左打,中,False,30,29,23,3,5,5,0,0,0,1,4,0,0,5,4,1,0,0.4,0,0,2,0,2,5,0.217,0.333,0.217,0.55,0.0,0.278,0.138,0.172,0.8,0.267,-0.92,2.03,69.0,1.67,2.14,2.68,3.45,0.204,0.304,0.684,0.4,-0.0,0.4
2026,p1700092,1700092,安田 尚憲,ロッテ,パ,5,左打,一,False,76,235,218,20,56,34,16,0,6,29,15,1,1,61,0,0,1,-0.4,4,1,0,7,29,90,0.257,0.306,0.413,0.719,0.156,0.329,0.064,0.26,0.25,0.314,2.23,26.13,109.0,27.69,4.4,25.22,4.01,0.241,0.229,0.627,0.0,-0.4,-0.4
2026,p2117855,2117855,宮崎 竜成,ロッテ,パ,44,左打,三,False,42,40,39,6,5,3,1,0,1,1,1,0,0,16,0,0,0,0.0,0,0,0,0,3,9,0.128,0.15,0.231,0.381,0.103,0.182,0.025,0.4,0.06,0.168,-4.7,-0.63,-16.0,1.35,1.07,0.81,0.64,0.125,0.128,0.294,0.0,-0.0,0.0
2026,p2102926,2102926,寺地 隆成,ロッテ,パ,65,左打,三,False,101,375,336,18,73,58,10,0,5,30,33,2,2,67,0,0,2,-0.8,7,3,1,3,27,98,0.217,0.289,0.292,0.581,0.075,0.255,0.088,0.179,0.49,0.262,-13.35,24.79,65.0,28.53,2.85,30.95,3.1,0.203,0.179,0.5,0.0,-0.8,-0.8
2026,p1800052,1800052,小島 和哉,ロッテ,パ,14,左投,投,False,1,3,3,0,0,0,0,0,0,0,0,0,0,3,0,0,0,0.0,0,0,0,0,0,0,0.0,0.0,0.0,0,0.0,,0.0,1.0,0.0,0.0,-0.79,-0.49,-159.0,0.0,0.0,-0.29,-2.65,0.0,0.0,0.0,0.0,-0.0,0.0
2026,p2000089,2000089,小川 龍成,ロッテ,パ,57,左打,二,True,136,494,458,43,117,100,11,4,2,23,19,1,4,75,8,6,2,-1.6,4,1,12,5,30,142,0.255,0.29,0.31,0.6,0.055,0.301,0.038,0.152,0.25,0.268,-15.19,35.05,70.0,41.33,3.06,39.92,2.95,0.208,0.109,0.491,-0.8,-0.8,-1.6
2026,p1800053,1800053,山口 航輝,ロッテ,パ,51,右打,左,False,109,429,395,59,109,55,18,1,35,77,26,0,6,100,0,1,0,-0.4,2,2,0,8,42,234,0.276,0.329,0.592,0.921,0.316,0.282,0.061,0.233,0.26,0.394,33.92,77.55,178.0,77.27,7.02,73.7,6.7,0.296,0.395,0.902,-0.4,-0.0,-0.4
2026,p2000094,2000094,山本 大斗,ロッテ,パ,61,右打,右,False,76,148,134,15,28,20,4,0,4,11,10,0,3,33,0,1,1,-0.8,2,1,0,1,11,44,0.209,0.277,0.328,0.605,0.119,0.245,0.068,0.223,0.3,0.273,-3.97,11.08,74.0,12.27,3.04,12.94,3.2,0.207,0.209,0.528,-0.4,-0.4,-0.8
2026,p1700034,1700034,山﨑 剛,ロッテ,パ,38,左打,遊,False,60,169,153,16,33,27,4,1,1,7,10,0,3,46,3,1,1,-0.2,2,1,2,1,14,42,0.216,0.275,0.275,0.55,0.059,0.299,0.059,0.272,0.22,0.251,-7.73,9.46,55.0,11.64,2.51,12.41,2.68,0.193,0.157,0.475,0.2,-0.4,-0.2
2026,p1300044,1300044,岡 大海,ロッテ,パ,25,右打,打,False,26,50,45,3,6,5,1,0,0,0,4,1,0,14,2,0,0,0.4,0,0,1,1,1,7,0.133,0.204,0.156,0.36,0.023,0.194,0.08,0.28,0.29,0.162,-6.14,-1.05,-21.0,1.43,0.94,0.9,0.59,0.131,0.156,0.325,0.4,-0.0,0.4
2026,p2114737,2114737,廣池 康志郎,ロッテ,パ,64,右投,投,False,2,4,2,0,0,0,0,0,0,0,0,0,0,1,0,0,0,0.0,0,0,2,0,0,0,0.0,0.0,0.0,0,0.0,0.0,0.0,0.25,0.0,0.0,-1.06,-0.65,-159.0,0.0,0.0,-0.11,-0.73,0.0,0.0,0.0,0.0,-0.0,0.0
2026,p1500102,1500102,愛斗,ロッテ,パ,50,右打,中,False,41,90,86,9,18,14,2,1,1,9,1,0,1,20,3,0,0,0.6,1,0,2,3,3,25,0.209,0.227,0.291,0.518,0.082,0.262,0.011,0.222,0.05,0.229,-5.85,3.31,36.0,5.68,2.1,4.83,1.79,0.175,0.14,0.423,0.6,-0.0,0.6
2026,p2100346,2100346,松川 虎生,ロッテ,パ,2,右打,捕,False,48,108,100,5,18,16,2,0,0,6,3,0,1,31,0,1,0,-0.4,0,0,4,1,6,20,0.18,0.212,0.2,0.412,0.02,0.261,0.028,0.287,0.1,0.188,-10.83,0.16,1.0,4.23,1.3,2.64,0.81,0.145,0.05,0.286,-0.4,-0.0,-0.4
2026,p2121158,2121158,櫻井 ユウヤ,ロッテ,パ,55,右打,三,False,3,4,4,0,0,0,0,0,0,0,0,0,0,3,0,0,0,0.0,0,0,0,0,1,0,0.0,0.0,0.0,0,0.0,0.0,0.0,0.75,0.0,0.0,-1.06,-0.65,-159.0,0.0,0.0,-0.38,-2.59,0.0,0.0,0.0,0.0,-0.0,0.0
2026,p2100442,2100442,毛利 海大,ロッテ,パ,13,左投,投,False,2,2,2,0,0,0,0,0,0,0,0,0,0,1,0,0,0,0.0,0,0,0,0,0,0,0.0,0.0,0.0,0,0.0,0.0,0.0,0.5,0.0,0.0,-0.53,-0.32,-159.0,0.0,0.0,-0.19,-2.54,0.0,0.0,0.0,0.0,-0.0,0.0
2026,p2103693,2103693,池田 来翔,ロッテ,パ,00,右打,一,False,83,90,87,8,20,14,5,1,0,1,1,0,0,19,4,0,2,0.0,1,0,2,1,11,27,0.23,0.239,0.31,0.549,0.08,0.294,0.011,0.211,0.05,0.24,-4.97,4.19,46.0,6.44,2.49,6.23,2.4,0.185,0.138,0.471,0.8,-0.8,0.0
2026,p2102758,2102758,田中 晴也,ロッテ,パ,35,右投,投,False,1,2,2,0,0,0,0,0,0,0,0,0,0,2,0,0,0,0.0,0,0,0,0,0,0,0.0,0.0,0.0,0,0.0,,0.0,1.0,0.0,0.0,-0.53,-0.32,-159.0,0.0,0.0,-0.2,-2.65,0.0,0.0,0.0,0.0,-0.0,0.0
2026,p1200096,1200096,田村 龍弘,ロッテ,パ,27,右打,捕,False,2,3,3,0,0,0,0,0,0,0,0,0,0,2,0,0,0,0.0,0,0,0,0,1,0,0.0,0.0,0.0,0,0.0,0.0,0.0,0.667,0.0,0.0,-0.79,-0.49,-159.0,0.0,0.0,-0.29,-2.57,0.0,0.0,0.0,0.0,-0.0,0.0
2026,p1600108,1600108,石垣 勝海,ロッテ,パ,43,右打,三,False,8,5,5,0,1,1,0,0,0,1,0,0,0,1,0,0,0,0.0,0,0,0,0,0,1,0.2,0.2,0.2,0.4,0.0,0.25,0.0,0.2,0.0,0.178,-0.55,-0.04,-7.0,0.2,1.35,0.13,0.89,0.14,0.0,0.25,0.0,-0.0,0.0
2026,p1100096,1100096,石川 慎吾,ロッテ,パ,23,右打,打,False,16,37,33,2,4,2,1,0,1,7,3,0,1,17,0,0,0,0.0,0,0,0,1,4,8,0.121,0.216,0.242,0.458,0.121,0.2,0.081,0.459,0.18,0.215,-2.86,0.9,24.0,1.73,1.56,1.4,1.26,0.158,0.242,0.4,0.0,-0.0,0.0
2026,p2117859,2117859,立松 由宇,ロッテ,パ,49,左打,一,False,3,6,6,0,2,2,0,0,0,0,0,0,0,2,0,0,0,0.0,0,0,0,1,1,2,0.333,0.333,0.333,0.666,0.0,0.5,0.0,0.333,0.0,0.297,-0.04,0.57,94.0,0.67,3.6,0.25,1.37,0.233,0.0,0.4,0.0,-0.0,0.0
2026,p1500141,1500141,茶谷 健太,ロッテ,パ,67,右打,遊,False,7,12,11,2,2,2,0,0,0,0,0,0,0,4,0,0,0,0.0,0,0,1,1,0,2,0.182,0.182,0.182,0.364,0.0,0.286,0.0,0.333,0.0,0.162,-1.48,-0.26,-21.0,0.36,0.89,-0.17,-0.42,0.127,0.0,0.2,0.0,-0.0,0.0
2026,p1800050,1800050,藤原 恭大,ロッテ,パ,1,左打,中,True,104,459,400,58,103,81,12,2,8,40,45,1,13,88,12,4,3,-0.4,0,1,0,8,36,143,0.258,0.351,0.357,0.708,0.099,0.311,0.098,0.192,0.51,0.321,7.07,53.75,115.0,50.27,4.38,53.23,4.64,0.247,0.265,0.689,0.8,-1.2,-0.4
2026,p1700093,1700093,藤岡 裕大,ロッテ,パ,7,左打,二,False,9,26,22,1,3,3,0,0,0,1,2,0,0,7,0,0,0,0.0,0,1,0,1,3,3,0.136,0.2,0.136,0.336,0.0,0.188,0.077,0.269,0.29,0.162,-3.2,-0.55,-21.0,0.62,0.8,0.41,0.53,0.124,0.091,0.25,0.0,-0.0,0.0
2026,p1950286,1950286,西川 史礁,ロッテ,パ,6,右打,左,True,132,568,518,60,152,115,28,1,8,53,39,1,11,104,2,2,0,-0.4,4,0,0,13,80,206,0.293,0.356,0.398,0.754,0.105,0.355,0.069,0.183,0.38,0.336,16.04,73.81,128.0,73.26,5.19,68.27,4.84,0.26,0.201,0.677,-0.4,-0.0,-0.4
2026,p700087,700087,角中 勝也,ロッテ,パ,3,左打,打,False,9,17,15,1,1,1,0,0,0,0,1,0,1,6,0,0,0,0.0,0,0,0,0,0,1,0.067,0.176,0.067,0.243,0.0,0.111,0.059,0.353,0.17,0.135,-2.49,-0.76,-44.0,0.18,0.34,-0.13,-0.25,0.096,0.133,0.214,0.0,-0.0,0.0
2026,p1900082,1900082,髙部 瑛斗,ロッテ,パ,0,左打,中,False,50,147,137,15,32,28,3,1,0,7,9,0,1,27,3,1,1,-0.2,1,0,0,0,11,37,0.234,0.286,0.27,0.556,0.036,0.291,0.061,0.184,0.33,0.254,-6.37,8.58,57.0,10.57,2.69,11.15,2.84,0.196,0.124,0.472,0.2,-0.4,-0.2
2026,p1560639,1560639,カリステ,中日,セ,4,右打,右,False,26,67,61,7,12,9,2,0,1,3,6,1,0,20,1,0,0,0.2,1,0,0,2,6,17,0.197,0.269,0.279,0.548,0.082,0.275,0.09,0.299,0.3,0.244,-2.72,3.47,56.0,4.57,2.42,4.2,2.22,0.191,0.197,0.471,0.2,-0.0,0.2
2026,p1561854,1561854,サノー,中日,セ,23,右打,一,False,94,354,314,35,69,38,8,0,23,52,33,2,2,95,0,0,1,-0.4,5,5,0,8,33,146,0.22,0.294,0.465,0.759,0.245,0.229,0.093,0.268,0.35,0.327,11.21,43.9,134.0,43.51,4.55,45.68,4.78,0.249,0.357,0.715,0.0,-0.4,-0.4
2026,p2103840,2103840,ブライト 健太,中日,セ,42,右打,右,False,5,15,14,0,1,1,0,0,0,0,1,0,0,7,0,0,0,0.0,0,0,0,1,3,1,0.071,0.133,0.071,0.204,0.0,0.143,0.067,0.467,0.14,0.105,-2.42,-1.03,-74.0,0.13,0.26,-0.76,-1.46,0.078,0.071,0.143,0.0,-0.0,0.0
2026,p1961300,1961300,ボスラー,中日,セ,24,左打,右,False,88,271,251,15,47,31,7,1,8,20,15,0,3,77,0,0,0,0.0,4,2,0,3,28,80,0.187,0.24,0.319,0.559,0.132,0.232,0.055,0.284,0.19,0.249,-9.87,15.16,61.0,19.33,2.5,19.87,2.57,0.188,0.203,0.473,0.0,-0.0,0.0
2026,p2100961,2100961,マラー,中日,セ,93,左投,投,False,17,39,38,3,6,4,0,1,1,6,0,0,0,16,0,0,1,-0.4,1,0,1,0,0,11,0.158,0.158,0.289,0.447,0.131,0.238,0.0,0.41,0.0,0.192,-3.36,0.24,7.0,1.74,1.42,1.51,1.24,0.143,0.132,0.344,0.0,-0.4,-0.4
2026,p2112338,2112338,ロドリゲス,中日,セ,95,右打,遊,False,5,11,10,0,0,0,0,0,0,0,1,1,0,4,0,0,0,0.0,1,0,0,1,0,0,0.0,0.091,0.0,0.091,0.0,0.0,0.091,0.364,0.25,0.0,-2.78,-1.76,-174.0,0.0,0.0,-1.05,-2.58,0.041,0.1,0.091,0.0,-0.0,0.0
2026,p1300079,1300079,上林 誠知,中日,セ,51,左打,右,False,24,64,60,6,14,10,2,0,2,4,4,1,0,19,2,0,0,0.4,0,0,0,0,13,22,0.233,0.281,0.367,0.648,0.134,0.308,0.062,0.297,0.21,0.281,-0.53,5.38,91.0,6.19,3.63,6.66,3.91,0.218,0.233,0.609,0.4,-0.0,0.4
2026,p1951008,1951008,中西 聖輝,中日,セ,11,右投,投,False,8,14,12,0,1,0,1,0,0,0,0,0,0,7,0,0,0,0.0,1,0,2,0,2,2,0.083,0.083,0.167,0.25,0.084,0.2,0.0,0.5,0.0,0.106,-2.25,-0.96,-74.0,0.17,0.35,-0.25,-0.51,0.079,0.083,0.182,0.0,-0.0,0.0
2026,p2107860,2107860,仲地 礼亜,中日,セ,26,右投,投,False,5,2,2,0,0,0,0,0,0,0,0,0,0,1,0,0,0,0.0,0,0,0,0,1,0,0.0,0.0,0.0,0,0.0,0.0,0.0,0.5,0.0,0.0,-0.51,-0.32,-174.0,0.0,0.0,-0.19,-2.54,0.0,0.0,0.0,0.0,-0.0,0.0
2026,p1400160,1400160,加藤 匠馬,中日,セ,49,右打,捕,False,34,73,64,6,10,8,2,0,0,2,5,0,1,24,1,0,0,0.2,0,0,3,0,4,12,0.156,0.229,0.188,0.417,0.032,0.25,0.068,0.329,0.21,0.198,-5.91,0.84,12.0,2.74,1.3,2.73,1.29,0.15,0.141,0.352,0.2,-0.0,0.2
2026,p2103633,2103633,味谷 大誠,中日,セ,43,左打,捕,False,4,4,4,0,1,1,0,0,0,0,0,0,0,1,0,0,0,0.0,0,0,0,0,0,1,0.25,0.25,0.25,0.5,0.0,0.333,0.0,0.25,0.0,0.223,-0.24,0.13,36.0,0.25,2.25,0.22,2.0,0.175,0.0,0.333,0.0,-0.0,0.0
2026,p2000044,2000044,土田 龍空,中日,セ,45,左打,中,False,49,72,65,9,11,7,2,0,2,6,5,0,2,17,0,0,0,0.0,2,0,0,0,5,19,0.169,0.25,0.292,0.542,0.123,0.196,0.069,0.236,0.29,0.248,-2.66,3.98,60.0,4.75,2.38,5.2,2.6,0.185,0.231,0.481,0.0,-0.0,0.0
2026,p900410,900410,大島 洋平,中日,セ,8,左打,中,False,21,66,62,4,12,10,1,1,0,2,4,0,0,13,1,0,0,0.2,1,0,0,1,0,15,0.194,0.242,0.242,0.484,0.048,0.245,0.061,0.197,0.31,0.22,-4.03,2.07,34.0,3.64,1.93,3.33,1.76,0.169,0.129,0.392,0.2,-0.0,0.2
2026,p1000138,1000138,大野 雄大,中日,セ,22,左投,投,False,21,48,37,0,3,3,0,0,0,2,2,0,0,19,0,0,0,0.0,1,0,8,2,2,3,0.081,0.128,0.081,0.209,0.0,0.167,0.042,0.396,0.11,0.104,-7.8,-3.36,-76.0,0.38,0.24,-1.45,-0.89,0.078,0.054,0.139,0.0,-0.0,0.0
2026,p2107645,2107645,尾田 剛樹,中日,セ,00,左打,右,False,35,10,8,7,1,1,0,0,0,0,1,0,0,5,4,1,0,0.4,1,0,1,0,0,1,0.125,0.222,0.125,0.347,0.0,0.333,0.1,0.5,0.2,0.176,-1.0,-0.08,-8.0,0.22,0.67,0.61,1.83,0.131,0.5,0.75,0.4,-0.0,0.4
2026,p1500050,1500050,山本 泰寛,中日,セ,60,右打,二,False,33,80,69,3,12,10,1,0,1,4,7,0,0,18,0,0,0,0.0,1,0,4,0,9,16,0.174,0.25,0.232,0.482,0.058,0.22,0.087,0.225,0.39,0.225,-4.56,2.82,38.0,4.0,1.77,4.43,1.96,0.171,0.159,0.404,0.0,-0.0,0.0
2026,p1900041,1900041,岡林 勇希,中日,セ,1,左打,中,False,89,345,308,20,71,56,12,0,3,19,27,3,2,40,2,1,0,0.0,0,4,4,2,16,92,0.231,0.293,0.299,0.592,0.068,0.253,0.078,0.116,0.68,0.264,-7.85,24.01,75.0,27.3,2.97,29.84,3.25,0.207,0.166,0.512,0.0,-0.0,0.0
2026,p1500100,1500100,川越 誠司,中日,セ,44,左打,打,False,6,6,6,0,2,0,2,0,0,1,0,0,0,1,0,0,0,0.0,0,0,0,0,2,4,0.333,0.333,0.667,1.0,0.334,0.4,0.0,0.167,0.0,0.423,0.69,1.25,225.0,1.33,9.0,1.07,7.24,0.317,0.333,1.0,0.0,-0.0,0.0
2026,p1500076,1500076,木下 拓哉,中日,セ,35,右打,捕,False,27,67,64,5,17,14,3,0,0,3,1,0,1,12,0,0,1,-0.4,1,0,1,0,7,20,0.266,0.288,0.312,0.6,0.046,0.327,0.015,0.179,0.08,0.268,-1.32,4.86,79.0,5.76,3.24,5.55,3.12,0.208,0.078,0.468,0.0,-0.4,-0.4
2026,p1750223,1750223,村松 開人,中日,セ,5,左打,遊,True,125,526,443,52,114,88,13,7,6,43,61,3,5,85,4,4,1,-1.2,17,6,11,14,58,159,0.257,0.35,0.359,0.709,0.102,0.302,0.116,0.162,0.72,0.317,12.15,60.72,125.0,56.23,4.17,58.08,4.31,0.247,0.251,0.66,-0.8,-0.4,-1.2
2026,p1200098,1200098,松葉 貴大,中日,セ,38,左投,投,False,2,4,4,0,0,0,0,0,0,0,0,0,0,2,0,0,0,0.0,0,0,0,0,0,0,0.0,0.0,0.0,0,0.0,0.0,0.0,0.5,0.0,0.0,-1.01,-0.64,-174.0,0.0,0.0,-0.38,-2.54,0.0,0.0,0.0,0.0,-0.0,0.0
2026,p1500091,1500091,板山 祐太郎,中日,セ,63,左打,右,False,78,202,183,23,43,26,9,2,6,24,17,1,1,49,1,1,1,-0.6,1,1,0,5,19,74,0.235,0.302,0.404,0.706,0.169,0.287,0.084,0.243,0.35,0.309,3.28,21.94,118.0,22.46,4.12,21.62,3.97,0.237,0.268,0.637,-0.2,-0.4,-0.6
2026,p1600106,1600106,柳 裕也,中日,セ,17,右投,投,False,22,50,38,2,3,3,0,0,0,0,1,0,0,9,0,0,0,0.0,1,0,11,0,3,3,0.079,0.103,0.079,0.182,0.0,0.103,0.02,0.18,0.11,0.086,-8.89,-4.27,-93.0,0.31,0.18,-0.94,-0.55,0.066,0.026,0.114,0.0,-0.0,0.0
2026,p2117699,2117699,森 駿太,中日,セ,31,左打,三,False,3,7,7,1,1,0,0,0,1,3,0,0,0,2,0,0,0,0.0,0,0,0,0,2,4,0.143,0.143,0.571,0.714,0.428,0.0,0.0,0.286,0.0,0.3,0.06,0.7,109.0,0.57,2.57,0.88,3.98,0.207,0.429,0.667,0.0,-0.0,0.0
2026,p2103947,2103947,樋口 正修,中日,セ,97,左打,走,False,26,13,10,10,2,2,0,0,0,1,2,0,0,3,6,0,0,1.2,0,0,1,0,1,2,0.2,0.333,0.2,0.533,0.0,0.286,0.154,0.231,0.67,0.263,-0.31,0.89,74.0,0.67,2.0,2.06,6.17,0.2,0.8,1.25,1.2,-0.0,1.2
2026,p2100410,2100410,櫻井 頼之介,中日,セ,16,右投,投,False,13,15,12,0,0,0,0,0,0,0,1,0,0,9,0,0,0,0.0,1,0,2,0,0,0,0.0,0.077,0.0,0.077,0.0,0.0,0.067,0.6,0.11,0.053,-3.1,-1.71,-124.0,0.0,0.0,-0.73,-1.41,0.035,0.083,0.083,0.0,-0.0,0.0
2026,p500014,500014,涌井 秀章,中日,セ,20,右投,投,False,11,20,17,0,0,0,0,0,0,0,1,0,0,10,0,0,0,0.0,0,0,2,0,1,0,0.0,0.056,0.0,0.056,0.0,0.0,0.05,0.5,0.1,0.038,-4.39,-2.54,-138.0,0.0,0.0,-1.19,-1.69,0.025,0.059,0.059,0.0,-0.0,0.0
2026,p1750701,1750701,田中 幹也,中日,セ,2,右打,二,False,83,254,220,27,53,41,10,1,1,12,17,3,3,26,8,2,2,0.0,1,2,12,2,26,68,0.241,0.302,0.309,0.611,0.068,0.267,0.067,0.102,0.65,0.271,-4.37,19.09,81.0,20.68,3.02,22.75,3.32,0.213,0.186,0.561,0.8,-0.8,0.0
2026,p1800048,1800048,知野 直人,中日,セ,65,右打,打,False,6,3,3,0,0,0,0,0,0,0,0,0,0,2,0,0,0,0.0,0,0,0,0,0,0,0.0,0.0,0.0,0,0.0,0.0,0.0,0.667,0.0,0.0,-0.76,-0.48,-174.0,0.0,0.0,-0.29,-2.57,0.0,0.0,0.0,0.0,-0.0,0.0
2026,p2105102,2105102,石伊 雄太,中日,セ,9,右打,捕,False,112,397,360,30,95,67,20,1,7,31,19,1,8,91,0,1,3,-1.6,4,2,8,6,41,138,0.264,0.314,0.383,0.697,0.119,0.333,0.048,0.229,0.21,0.308,6.03,42.69,116.0,43.5,4.17,42.05,4.03,0.237,0.192,0.607,-0.4,-1.2,-1.6
2026,p1900037,1900037,石川 昂弥,中日,セ,25,右打,三,False,102,385,350,37,88,57,20,0,11,42,30,1,4,68,1,2,2,-1.4,4,1,0,9,24,141,0.251,0.317,0.403,0.72,0.152,0.283,0.078,0.177,0.44,0.318,9.18,44.73,126.0,44.8,4.41,42.67,4.2,0.243,0.246,0.645,-0.6,-0.8,-1.4
2026,p1800062,1800062,石橋 康太,中日,セ,58,右打,打,False,4,3,3,0,0,0,0,0,0,0,0,0,0,2,0,0,0,0.0,0,0,0,0,2,0,0.0,0.0,0.0,0,0.0,0.0,0.0,0.667,0.0,0.0,-0.76,-0.48,-174.0,0.0,0.0,-0.29,-2.57,0.0,0.0,0.0,0.0,-0.0,0.0
2026,p1651376,1651376,福元 悠真,中日,セ,40,右打,打,False,20,35,34,1,11,9,2,0,0,5,0,0,1,3,0,0,0,0.0,0,0,0,1,0,13,0.324,0.343,0.382,0.725,0.058,0.355,0.0,0.086,0.0,0.322,0.96,4.19,130.0,4.46,5.01,3.82,4.29,0.25,0.088,0.583,0.0,-0.0,0.0
2026,p2103780,2103780,福永 裕基,中日,セ,7,右打,二,False,113,438,396,46,111,83,17,1,10,34,33,1,8,74,13,4,1,0.6,6,0,1,4,34,160,0.28,0.348,0.404,0.752,0.124,0.324,0.075,0.169,0.45,0.335,16.78,57.23,141.0,55.65,5.11,56.41,5.18,0.258,0.25,0.73,1.0,-0.4,0.6
2026,p1600085,1600085,細川 成也,中日,セ,55,右打,左,True,142,600,495,70,112,69,18,1,24,69,92,6,9,155,3,1,1,-0.2,1,4,0,12,56,204,0.226,0.355,0.412,0.767,0.186,0.275,0.153,0.258,0.59,0.34,25.9,81.31,147.0,72.91,4.92,78.41,5.29,0.263,0.394,0.778,0.2,-0.4,-0.2
2026,p2100275,2100275,花田 旭,中日,セ,57,右打,中,False,46,154,145,14,35,22,7,2,4,12,8,0,0,45,0,1,0,-0.4,0,1,0,3,17,58,0.241,0.279,0.4,0.679,0.159,0.32,0.052,0.292,0.18,0.296,0.76,14.98,105.0,16.3,3.83,15.28,3.59,0.226,0.207,0.579,-0.4,-0.0,-0.4
2026,p2105174,2105174,辻本 倫太郎,中日,セ,0,右打,打,False,15,18,17,1,3,2,0,1,0,0,0,0,0,3,0,0,0,0.0,0,0,1,0,1,5,0.176,0.176,0.294,0.47,0.118,0.214,0.0,0.167,0.0,0.2,-1.42,0.24,15.0,0.88,1.59,0.8,1.43,0.153,0.118,0.357,0.0,-0.0,0.0
2026,p2108462,2108462,金丸 夢斗,中日,セ,21,左投,投,False,24,51,48,1,2,2,0,0,0,0,1,0,0,23,0,0,0,0.0,0,0,2,1,3,2,0.042,0.061,0.042,0.103,0.0,0.08,0.02,0.451,0.04,0.05,-10.65,-5.94,-126.0,0.12,0.07,-3.27,-1.8,0.038,0.021,0.064,0.0,-0.0,0.0
2026,p1500078,1500078,阿部 寿樹,中日,セ,48,右打,打,False,76,143,118,12,30,22,5,0,3,23,22,3,1,38,0,0,0,0.0,0,1,1,4,14,44,0.254,0.373,0.373,0.746,0.119,0.346,0.154,0.266,0.58,0.331,5.07,18.27,138.0,16.54,4.75,17.18,4.93,0.261,0.314,0.728,0.0,-0.0,0.0
2026,p1100069,1100069,高橋 周平,中日,セ,3,左打,打,False,60,121,108,8,27,23,4,0,0,5,11,0,1,37,0,0,0,0.0,0,0,1,2,15,31,0.25,0.325,0.287,0.612,0.037,0.38,0.091,0.306,0.3,0.282,-0.89,10.29,92.0,10.07,3.24,10.17,3.27,0.218,0.148,0.518,0.0,-0.0,0.0
2026,p2000042,2000042,髙橋 宏斗,中日,セ,19,右投,投,False,18,41,33,1,5,5,0,0,0,4,1,0,0,12,0,0,0,0.0,1,0,7,0,4,5,0.152,0.176,0.152,0.328,0.0,0.238,0.024,0.293,0.08,0.151,-4.97,-1.19,-31.0,0.88,0.68,0.5,0.39,0.117,0.03,0.214,0.0,-0.0,0.0
2026,p2103845,2103845,鵜飼 航丞,中日,セ,66,右打,右,False,54,175,166,16,39,28,6,0,5,22,7,0,2,49,1,1,0,-0.2,1,0,0,5,25,60,0.235,0.274,0.361,0.635,0.126,0.304,0.04,0.28,0.14,0.282,-1.34,14.81,92.0,16.46,3.34,14.77,3.0,0.214,0.181,0.526,-0.2,-0.0,-0.2
2026,p2117509,2117509,ウィットリー,巨人,セ,26,右投,投,False,13,26,22,0,1,1,0,0,0,1,2,0,0,14,0,0,0,0.0,4,0,2,0,1,1,0.045,0.125,0.045,0.17,0.0,0.125,0.077,0.538,0.14,0.095,-4.43,-2.03,-85.0,0.12,0.15,-0.74,-0.87,0.068,0.091,0.143,0.0,-0.0,0.0
2026,p2118420,2118420,キャベッジ,巨人,セ,13,左打,中,False,102,368,343,37,81,52,16,0,13,29,21,2,4,118,4,4,2,-1.6,4,0,0,8,22,136,0.236,0.288,0.397,0.685,0.161,0.321,0.057,0.321,0.18,0.3,3.08,37.07,109.0,39.17,3.86,36.52,3.6,0.229,0.233,0.602,-0.8,-0.8,-1.6
2026,p1561820,1561820,ダルベック,巨人,セ,29,右打,一,True,134,536,487,58,123,73,24,1,25,81,44,1,2,180,0,0,2,-0.8,8,3,0,6,54,224,0.253,0.315,0.46,0.775,0.207,0.344,0.082,0.336,0.24,0.338,21.96,71.45,144.0,71.02,5.14,71.06,5.14,0.257,0.302,0.73,0.0,-0.8,-0.8
2026,p2100531,2100531,ティマ,巨人,セ,50,右打,一,False,14,33,33,1,3,3,0,0,0,0,0,0,0,11,0,0,0,0.0,0,0,0,2,0,3,0.091,0.091,0.091,0.182,0.0,0.136,0.0,0.333,0.0,0.081,-6.02,-2.97,-97.0,0.27,0.23,-2.03,-1.71,0.064,0.0,0.094,0.0,-0.0,0.0
2026,p1961886,1961886,ハワード,巨人,セ,28,右投,投,False,7,11,10,0,0,0,0,0,0,0,0,0,0,7,0,0,0,0.0,0,0,1,0,0,0,0.0,0.0,0.0,0,0.0,0.0,0.0,0.636,0.0,0.0,-2.78,-1.76,-174.0,0.0,0.0,-0.92,-2.25,0.0,0.0,0.0,0.0,-0.0,0.0
2026,p2122496,2122496,マタ,巨人,セ,42,右投,投,False,7,14,12,0,0,0,0,0,0,0,1,0,0,9,0,0,0,0.0,0,0,1,0,1,0,0.0,0.077,0.0,0.077,0.0,0.0,0.071,0.643,0.11,0.053,-2.89,-1.6,-124.0,0.0,0.0,-0.77,-1.6,0.035,0.083,0.083,0.0,-0.0,0.0
2026,p1700136,1700136,リチャード,巨人,セ,52,右打,三,False,13,37,30,4,5,2,1,0,2,6,4,1,3,15,0,0,1,-0.4,1,0,0,0,4,12,0.167,0.324,0.4,0.724,0.233,0.231,0.108,0.405,0.27,0.319,0.91,4.33,127.0,3.89,4.2,4.52,4.88,0.246,0.467,0.76,0.0,-0.4,-0.4
2026,p2000007,2000007,中山 礼都,巨人,セ,40,左打,右,False,59,153,138,7,27,20,5,0,2,16,12,0,0,23,3,1,1,-0.2,1,3,0,3,13,38,0.196,0.255,0.275,0.53,0.079,0.216,0.078,0.15,0.52,0.239,-6.81,7.32,52.0,9.88,2.26,10.61,2.43,0.183,0.181,0.461,0.2,-0.4,-0.2
2026,p800043,800043,丸 佳浩,巨人,セ,8,左打,打,False,72,143,122,9,27,17,7,0,3,21,21,0,0,26,1,1,0,-0.2,1,0,0,2,16,43,0.221,0.336,0.352,0.688,0.131,0.258,0.147,0.182,0.81,0.313,2.83,16.03,121.0,14.43,3.98,15.36,4.23,0.239,0.303,0.663,-0.2,-0.0,-0.2
2026,p1900019,1900019,井上 温大,巨人,セ,97,左投,投,False,21,46,38,0,2,2,0,0,0,2,1,0,0,19,0,0,0,0.0,0,2,5,1,1,2,0.053,0.073,0.053,0.126,0.0,0.095,0.022,0.413,0.05,0.06,-9.21,-4.97,-117.0,0.15,0.09,-1.48,-0.91,0.046,0.026,0.081,0.0,-0.0,0.0
2026,p2050423,2050423,代木 大和,巨人,セ,25,左投,投,False,12,2,1,0,0,0,0,0,0,0,1,0,0,1,0,0,0,0.0,0,0,0,0,0,0,0.0,0.5,0.0,0.5,0.0,,0.5,0.5,1.0,0.345,0.09,0.28,151.0,0.0,0.0,0.24,6.53,0.225,1.0,1.0,0.0,-0.0,0.0
2026,p2106178,2106178,佐々木 俊輔,巨人,セ,44,左打,中,False,121,379,342,45,87,58,19,0,10,39,29,3,4,85,9,7,0,-1.0,1,0,4,4,41,136,0.254,0.32,0.398,0.718,0.144,0.312,0.077,0.224,0.34,0.316,8.38,43.38,124.0,43.52,4.35,42.46,4.25,0.244,0.246,0.669,-1.0,-0.0,-1.0
2026,p1200117,1200117,則本 昂大,巨人,セ,43,右投,投,False,15,13,11,0,1,1,0,0,0,0,0,0,0,7,0,0,0,0.0,0,0,2,0,2,1,0.091,0.091,0.091,0.182,0.0,0.25,0.0,0.538,0.0,0.081,-2.37,-1.17,-97.0,0.09,0.2,-0.38,-0.85,0.064,0.0,0.1,0.0,-0.0,0.0
2026,p2108022,2108022,又木 鉄平,巨人,セ,46,左投,投,False,5,4,3,0,0,0,0,0,0,0,0,0,0,1,0,0,0,0.0,0,0,1,0,0,0,0.0,0.0,0.0,0,0.0,0.0,0.0,0.25,0.0,0.0,-1.01,-0.64,-174.0,0.0,0.0,-0.24,-1.61,0.0,0.0,0.0,0.0,-0.0,0.0
2026,p1600059,1600059,吉川 尚輝,巨人,セ,2,左打,二,False,51,189,171,21,41,36,4,0,1,11,15,1,1,29,6,0,0,1.2,0,1,1,3,16,48,0.24,0.303,0.281,0.584,0.041,0.282,0.079,0.153,0.52,0.265,-4.17,13.28,76.0,14.63,2.93,16.12,3.22,0.207,0.17,0.526,1.2,-0.0,1.2
2026,p700003,700003,坂本 勇人,巨人,セ,6,右打,三,False,66,172,153,16,27,17,5,0,5,19,18,0,0,43,0,0,0,0.0,1,1,0,4,17,47,0.176,0.262,0.307,0.569,0.131,0.208,0.105,0.25,0.42,0.258,-4.86,11.03,69.0,12.37,2.55,12.63,2.6,0.195,0.248,0.5,0.0,-0.0,0.0
2026,p1500054,1500054,増田 大輝,巨人,セ,0,右打,走一,False,34,19,16,2,4,4,0,0,0,0,0,0,0,5,2,1,0,0.0,1,0,3,1,3,4,0.25,0.25,0.25,0.5,0.0,0.364,0.0,0.263,0.0,0.223,-1.13,0.63,36.0,1.0,1.59,0.67,1.06,0.175,0.062,0.429,0.0,-0.0,0.0
2026,p1800024,1800024,増田 陸,巨人,セ,61,右打,一,False,61,168,159,10,37,26,6,0,5,15,6,1,1,44,1,0,0,0.2,4,1,1,2,17,58,0.233,0.263,0.365,0.628,0.132,0.288,0.036,0.262,0.14,0.274,-2.47,13.04,84.0,15.37,3.29,15.33,3.28,0.21,0.182,0.532,0.2,-0.0,0.2
2026,p1700044,1700044,大城 卓三,巨人,セ,24,左打,捕,False,110,373,332,28,87,55,22,1,9,41,34,2,5,106,0,0,1,-0.4,2,1,1,6,38,138,0.262,0.339,0.416,0.755,0.154,0.358,0.091,0.284,0.32,0.333,13.64,48.09,140.0,46.87,5.0,45.71,4.88,0.257,0.271,0.705,0.0,-0.4,-0.4
2026,p2107764,2107764,宇都宮 葵星,巨人,セ,68,左打,走,False,6,2,2,2,1,1,0,0,0,0,0,0,0,0,0,0,1,-0.4,0,0,0,0,1,1,0.5,0.5,0.5,1.0,0.0,0.5,0.0,0.0,,0.445,0.27,0.45,245.0,0.5,13.5,0.41,11.07,0.35,0.0,1.0,0.0,-0.4,-0.4
2026,p1300027,1300027,小林 誠司,巨人,セ,22,右打,捕,False,20,15,13,0,1,0,1,0,0,0,2,0,0,6,0,0,0,0.0,0,0,0,1,2,2,0.077,0.2,0.154,0.354,0.077,0.143,0.133,0.4,0.33,0.177,-1.49,-0.1,-7.0,0.4,0.83,-0.1,-0.2,0.129,0.231,0.308,0.0,-0.0,0.0
2026,p2110991,2110991,小濱 佑斗,巨人,セ,33,右打,三,False,31,59,55,7,11,9,1,0,1,9,4,0,0,12,0,0,2,-0.8,0,0,0,1,4,15,0.2,0.254,0.273,0.527,0.073,0.238,0.068,0.203,0.33,0.24,-2.61,2.83,52.0,3.81,2.29,3.59,2.16,0.183,0.145,0.422,0.0,-0.8,-0.8
2026,p1500074,1500074,小笠原 慎之介,巨人,セ,98,左投,投,False,11,23,21,1,5,2,2,1,0,2,0,0,0,10,0,0,0,0.0,0,0,2,0,1,9,0.238,0.238,0.429,0.667,0.191,0.455,0.0,0.435,0.0,0.283,-0.16,1.97,93.0,2.14,3.21,2.04,3.06,0.214,0.19,0.562,0.0,-0.0,0.0
2026,p1900020,1900020,山瀬 慎之助,巨人,セ,67,右打,捕,False,10,20,20,1,4,2,1,0,1,2,0,0,0,9,0,0,1,-0.4,0,0,0,0,0,8,0.2,0.2,0.4,0.6,0.2,0.3,0.0,0.45,0.0,0.258,-0.58,1.27,69.0,1.6,2.7,1.65,2.78,0.19,0.2,0.5,0.0,-0.4,-0.4
2026,p2000006,2000006,山﨑 伊織,巨人,セ,19,右投,投,False,5,12,10,2,1,0,1,0,0,0,1,0,0,7,0,0,0,0.0,0,0,1,0,1,2,0.1,0.182,0.2,0.382,0.1,0.333,0.083,0.583,0.14,0.178,-1.17,-0.07,-6.0,0.36,0.98,0.23,0.63,0.132,0.2,0.333,0.0,-0.0,0.0
2026,p1651302,1651302,岡田 悠希,巨人,セ,38,左打,右,False,3,8,7,2,1,1,0,0,0,1,1,0,0,2,0,0,0,0.0,0,0,0,0,1,1,0.143,0.25,0.143,0.393,0.0,0.2,0.125,0.25,0.5,0.198,-0.65,0.09,12.0,0.25,1.12,0.28,1.28,0.148,0.143,0.333,0.0,-0.0,0.0
2026,p1700043,1700043,岸田 行倫,巨人,セ,27,右打,捕,False,58,201,180,15,43,35,4,0,4,15,12,1,3,37,0,0,0,0.0,3,2,4,6,21,59,0.239,0.294,0.328,0.622,0.089,0.277,0.06,0.184,0.32,0.277,-2.3,16.26,88.0,17.55,3.18,17.2,3.12,0.214,0.172,0.517,0.0,-0.0,0.0
2026,p2112330,2112330,平山 功太,巨人,セ,69,右打,右,False,39,125,118,17,30,20,6,1,3,11,5,0,2,25,5,0,1,0.6,0,0,0,2,11,47,0.254,0.296,0.398,0.694,0.144,0.3,0.04,0.2,0.2,0.306,1.66,13.2,114.0,13.91,4.17,14.1,4.23,0.233,0.246,0.656,1.0,-0.4,0.6
2026,p1800028,1800028,戸郷 翔征,巨人,セ,20,右投,投,False,13,23,18,2,4,3,1,0,0,2,1,0,0,7,0,0,0,0.0,0,0,4,0,1,5,0.222,0.263,0.278,0.541,0.056,0.364,0.043,0.304,0.14,0.244,-0.94,1.19,56.0,1.32,1.97,1.4,2.11,0.188,0.111,0.429,0.0,-0.0,0.0
2026,p1100095,1100095,松本 剛,巨人,セ,9,右打,左,True,128,454,409,43,112,93,16,0,3,25,26,0,5,59,17,8,4,-1.4,2,0,14,7,47,137,0.274,0.325,0.335,0.66,0.061,0.314,0.057,0.13,0.44,0.298,2.75,44.67,107.0,44.52,3.69,44.15,3.66,0.23,0.159,0.593,0.2,-1.6,-1.4
2026,p1450977,1450977,森田 駿哉,巨人,セ,47,左投,投,False,30,3,2,0,0,0,0,0,0,0,1,0,0,0,0,0,0,0.0,0,0,0,0,0,0,0.0,0.333,0.0,0.333,0.0,0.0,0.333,0.0,,0.23,-0.16,0.12,43.0,0.0,0.0,0.16,2.16,0.15,0.5,0.5,0.0,-0.0,0.0
2026,p1750321,1750321,泉口 友汰,巨人,セ,35,左打,遊,True,127,514,446,56,116,82,24,2,8,49,52,0,6,64,9,1,0,1.4,12,7,3,8,53,168,0.26,0.341,0.377,0.718,0.117,0.283,0.101,0.125,0.81,0.32,13.29,60.76,128.0,58.0,4.49,62.44,4.83,0.248,0.265,0.693,1.4,-0.0,1.4
2026,p2102410,2102410,浅野 翔吾,巨人,セ,51,右打,左,False,9,28,27,2,5,3,1,0,1,1,1,1,0,6,0,1,0,-0.4,0,0,0,2,3,9,0.185,0.214,0.333,0.547,0.148,0.2,0.036,0.214,0.17,0.224,-1.63,0.96,37.0,1.93,2.08,0.82,0.89,0.18,0.148,0.4,-0.4,-0.0,-0.4
2026,p1951153,1951153,浦田 俊輔,巨人,セ,32,左打,二,True,117,468,415,47,113,100,11,2,0,27,32,1,8,59,35,12,0,2.2,4,4,9,4,21,128,0.272,0.333,0.308,0.641,0.036,0.314,0.068,0.126,0.54,0.291,0.23,43.45,101.0,43.04,3.51,48.68,3.97,0.227,0.188,0.638,2.2,-0.0,2.2
2026,p1700049,1700049,湯浅 大,巨人,セ,00,右打,三,False,4,2,2,2,0,0,0,0,0,0,0,0,0,2,0,0,0,0.0,0,0,0,0,1,0,0.0,0.0,0.0,0,0.0,,0.0,1.0,0.0,0.0,-0.51,-0.32,-174.0,0.0,0.0,-0.2,-2.65,0.0,0.0,0.0,0.0,-0.0,0.0
2026,p700069,700069,田中 将大,巨人,セ,11,右打,投,False,12,24,20,0,0,0,0,0,0,0,0,0,0,12,0,0,0,0.0,1,0,4,1,1,0,0.0,0.0,0.0,0,0.0,0.0,0.0,0.5,0.0,0.0,-6.06,-3.85,-174.0,0.0,0.0,-2.11,-2.27,0.0,0.0,0.0,0.0,-0.0,0.0
2026,p1000176,1000176,甲斐 拓也,巨人,セ,10,右打,捕,False,12,21,19,2,2,0,0,0,2,2,1,0,0,6,0,0,0,0.0,0,0,1,0,1,8,0.105,0.15,0.421,0.571,0.316,0.0,0.048,0.286,0.17,0.245,-0.84,1.1,57.0,1.2,1.8,1.68,2.52,0.173,0.368,0.529,0.0,-0.0,0.0
2026,p2102672,2102672,皆川 岳飛,巨人,セ,39,左打,右,False,15,20,19,1,3,3,0,0,0,0,1,0,0,7,0,0,0,0.0,0,0,0,0,0,3,0.158,0.2,0.158,0.358,0.0,0.25,0.05,0.35,0.14,0.168,-2.13,-0.29,-15.0,0.6,1.01,0.34,0.58,0.13,0.053,0.25,0.0,-0.0,0.0
2026,p2103888,2103888,知念 大成,巨人,セ,94,左打,右,False,15,29,29,4,8,7,1,0,0,2,0,0,0,4,0,0,0,0.0,0,0,0,1,2,9,0.276,0.276,0.31,0.586,0.034,0.32,0.0,0.138,0.0,0.259,-0.81,1.87,70.0,2.48,3.05,1.93,2.37,0.202,0.034,0.409,0.0,-0.0,0.0
2026,p2116069,2116069,石塚 裕惺,巨人,セ,23,右打,三,False,47,131,115,13,25,18,6,1,0,9,12,0,2,27,0,0,0,0.0,6,0,2,0,12,33,0.217,0.302,0.287,0.589,0.07,0.284,0.092,0.206,0.44,0.271,-2.22,9.88,82.0,9.98,2.93,10.88,3.19,0.208,0.191,0.522,0.0,-0.0,0.0
2026,p2118993,2118993,竹丸 和幸,巨人,セ,21,左投,投,False,20,38,32,1,2,2,0,0,0,2,2,0,0,20,0,0,0,0.0,0,0,3,0,2,2,0.062,0.118,0.062,0.18,0.0,0.167,0.053,0.526,0.1,0.093,-6.53,-3.02,-86.0,0.24,0.19,-1.06,-0.87,0.069,0.062,0.133,0.0,-0.0,0.0
2026,p2100225,2100225,笹原 操希,巨人,セ,95,右打,右,False,44,104,97,11,21,11,8,0,2,15,6,0,0,30,1,1,0,-0.2,1,0,1,5,10,35,0.216,0.262,0.361,0.623,0.145,0.292,0.058,0.288,0.2,0.275,-1.44,8.16,85.0,9.17,2.98,7.15,2.33,0.208,0.206,0.512,-0.2,-0.0,-0.2
2026,p2000070,2000070,若林 楽人,巨人,セ,59,右打,打,False,26,46,42,3,7,6,1,0,0,0,4,0,0,13,0,0,0,0.0,0,0,0,0,2,8,0.167,0.239,0.19,0.429,0.023,0.241,0.087,0.283,0.31,0.204,-3.48,0.77,18.0,1.91,1.48,1.83,1.41,0.155,0.119,0.343,0.0,-0.0,0.0
2026,p2105013,2105013,萩尾 匡也,巨人,セ,12,右打,打,False,7,7,6,0,0,0,0,0,0,0,1,0,0,2,1,0,0,0.2,0,0,0,0,0,0,0.0,0.143,0.0,0.143,0.0,0.0,0.143,0.286,0.5,0.099,-1.17,-0.52,-81.0,0.0,0.0,-0.04,-0.16,0.064,0.333,0.333,0.2,-0.0,0.2
2026,p1850035,1850035,西舘 勇陽,巨人,セ,17,右投,投,False,12,13,13,0,1,1,0,0,0,0,0,0,0,9,0,0,0,0.0,1,0,0,0,1,1,0.077,0.077,0.077,0.154,0.0,0.25,0.0,0.692,0.0,0.068,-2.51,-1.31,-109.0,0.08,0.17,-0.65,-1.47,0.054,0.0,0.083,0.0,-0.0,0.0
2026,p2103689,2103689,赤星 優志,巨人,セ,31,右投,投,False,39,3,2,0,0,0,0,0,0,0,0,0,0,1,0,0,0,0.0,0,0,1,0,0,0,0.0,0.0,0.0,0,0.0,0.0,0.0,0.333,0.0,0.0,-0.76,-0.48,-174.0,0.0,0.0,-0.15,-1.33,0.0,0.0,0.0,0.0,-0.0,0.0
2026,p1650818,1650818,鈴木 大和,巨人,セ,59,右打,中,False,12,22,19,0,5,4,1,0,0,5,1,0,2,4,1,2,0,-0.6,1,0,0,0,1,6,0.263,0.364,0.316,0.68,0.053,0.333,0.045,0.182,0.25,0.316,0.49,2.52,124.0,2.18,3.68,1.99,3.35,0.243,0.158,0.625,-0.6,-0.0,-0.6
2026,p2107874,2107874,門脇 誠,巨人,セ,5,左打,三,False,70,69,61,12,10,7,2,1,0,5,5,2,0,12,3,1,0,0.2,2,0,3,0,6,14,0.164,0.227,0.23,0.457,0.066,0.204,0.072,0.174,0.42,0.195,-5.76,0.62,10.0,3.18,1.56,3.15,1.55,0.16,0.18,0.423,0.2,-0.0,0.2
2026,p1600125,1600125,アドゥワ 誠,広島,セ,48,右投,投,False,6,3,3,1,1,1,0,0,0,0,0,0,0,1,0,0,0,0.0,0,0,0,0,0,1,0.333,0.333,0.333,0.666,0.0,0.5,0.0,0.333,0.0,0.297,0.02,0.29,106.0,0.33,4.5,0.31,4.21,0.233,0.0,0.5,0.0,-0.0,0.0
2026,p2108238,2108238,ターノック,広島,セ,42,右投,投,False,21,10,7,0,2,1,1,0,0,0,0,0,0,3,0,0,0,0.0,0,0,3,0,0,3,0.286,0.286,0.429,0.715,0.143,0.5,0.0,0.3,0.0,0.309,0.16,1.08,117.0,0.86,2.89,0.87,2.92,0.236,0.143,0.6,0.0,-0.0,0.0
2026,p2114882,2114882,ファビアン,広島,セ,61,右打,左,False,99,357,323,30,72,45,10,1,16,37,22,0,8,67,0,0,2,-0.8,2,4,0,4,33,132,0.223,0.286,0.409,0.695,0.186,0.23,0.062,0.188,0.33,0.305,4.49,37.46,114.0,38.14,3.98,40.85,4.26,0.231,0.279,0.635,0.0,-0.8,-0.8
2026,p1961927,1961927,モンテロ,広島,セ,95,右打,一,False,120,328,288,25,67,43,12,0,12,41,35,3,2,76,0,0,2,-0.8,4,3,0,4,23,115,0.233,0.317,0.399,0.716,0.166,0.271,0.107,0.232,0.46,0.315,6.83,37.12,123.0,36.8,4.36,38.86,4.6,0.242,0.295,0.676,0.0,-0.8,-0.8
2026,p1700068,1700068,中村 奨成,広島,セ,96,右打,右,False,54,176,158,18,41,28,8,1,4,13,10,0,1,20,0,0,1,-0.4,0,0,7,0,15,63,0.259,0.308,0.399,0.707,0.14,0.276,0.057,0.114,0.5,0.312,3.27,19.52,120.0,19.38,4.22,19.89,4.33,0.238,0.209,0.632,0.0,-0.4,-0.4
2026,p2107875,2107875,久保 修,広島,セ,56,右打,右,False,21,7,6,0,1,1,0,0,0,0,1,0,0,3,1,0,0,0.2,0,0,0,0,0,1,0.167,0.286,0.167,0.453,0.0,0.333,0.143,0.429,0.33,0.226,-0.4,0.25,39.0,0.29,1.54,0.55,2.95,0.17,0.333,0.6,0.2,-0.0,0.2
2026,p2000066,2000066,二俣 翔一,広島,セ,99,右打,打,False,46,66,58,2,11,8,1,1,1,5,4,0,1,24,0,0,0,0.0,0,1,1,1,7,17,0.19,0.25,0.293,0.543,0.103,0.294,0.061,0.364,0.17,0.244,-2.7,3.4,56.0,4.32,2.33,4.52,2.44,0.186,0.19,0.458,0.0,-0.0,0.0
2026,p2050203,2050203,佐々木 泰,広島,セ,10,右打,三,False,117,405,373,28,90,73,10,1,6,22,27,0,3,53,3,2,4,-1.8,5,1,0,6,49,120,0.241,0.297,0.322,0.619,0.081,0.267,0.067,0.131,0.51,0.279,-4.12,33.28,89.0,35.73,3.3,35.74,3.3,0.214,0.164,0.526,-0.2,-1.6,-1.8
2026,p2112143,2112143,佐藤 啓介,広島,セ,94,左打,打,False,68,144,133,12,28,23,0,0,5,16,9,0,1,31,1,0,0,0.2,0,1,0,2,13,43,0.211,0.264,0.323,0.587,0.112,0.235,0.062,0.215,0.29,0.263,-3.43,9.86,74.0,11.43,2.86,12.21,3.05,0.2,0.195,0.505,0.2,-0.0,0.2
2026,p1950955,1950955,前川 誠太,広島,セ,93,右打,打,False,25,25,21,2,2,2,0,0,0,2,3,0,0,6,0,0,0,0.0,0,0,1,0,0,2,0.095,0.208,0.095,0.303,0.0,0.133,0.12,0.24,0.5,0.16,-2.83,-0.52,-23.0,0.42,0.56,0.3,0.41,0.117,0.143,0.263,0.0,-0.0,0.0
2026,p2110422,2110422,勝田 成,広島,セ,0,左打,遊,False,105,278,243,13,52,46,3,3,0,10,20,1,5,45,5,3,0,-0.2,4,2,8,1,23,61,0.214,0.285,0.251,0.536,0.037,0.26,0.072,0.162,0.44,0.247,-10.65,15.02,59.0,17.53,2.31,19.77,2.6,0.191,0.148,0.467,-0.2,-0.0,-0.2
2026,p1850405,1850405,名原 典彦,広島,セ,92,右打,右,False,80,283,265,32,66,52,8,3,3,16,12,0,3,44,6,5,0,-0.8,2,1,2,3,23,89,0.249,0.288,0.336,0.624,0.087,0.288,0.042,0.155,0.27,0.278,-3.17,22.96,88.0,25.75,3.31,24.86,3.2,0.214,0.147,0.531,-0.8,-0.0,-0.8
2026,p1600124,1600124,坂倉 将吾,広島,セ,31,左打,一,True,136,559,489,50,123,86,21,1,15,72,61,6,4,112,3,3,1,-1.0,12,5,0,6,44,191,0.252,0.336,0.391,0.727,0.139,0.294,0.109,0.2,0.54,0.32,14.46,66.08,128.0,64.82,4.61,67.69,4.81,0.249,0.272,0.691,-0.6,-0.4,-1.0
2026,p1300057,1300057,大瀬良 大地,広島,セ,14,右投,投,False,15,2,2,0,1,1,0,0,0,0,0,0,0,1,0,0,0,0.0,0,0,0,0,0,1,0.5,0.5,0.5,1.0,0.0,1.0,0.0,0.5,0.0,0.445,0.27,0.45,245.0,0.5,13.5,0.4,10.85,0.35,0.0,1.0,0.0,-0.0,0.0
2026,p1800079,1800079,大盛 穂,広島,セ,59,左打,中,False,119,347,323,40,71,53,8,4,6,23,14,1,2,92,12,8,2,-1.6,0,1,7,3,21,105,0.22,0.256,0.325,0.581,0.105,0.288,0.04,0.265,0.15,0.256,-10.41,21.63,68.0,26.95,2.68,26.13,2.6,0.196,0.167,0.506,-0.8,-0.8,-1.6
2026,p1800072,1800072,小園 海斗,広島,セ,5,左打,遊,False,101,401,369,28,95,78,12,4,1,23,25,1,4,50,4,2,0,0.0,5,1,2,5,38,118,0.257,0.311,0.32,0.631,0.063,0.295,0.062,0.125,0.5,0.283,-2.61,34.42,93.0,36.76,3.5,36.63,3.48,0.22,0.146,0.537,0.0,-0.0,0.0
2026,p2114807,2114807,岡本 駿,広島,セ,53,右投,投,False,24,23,20,1,1,1,0,0,0,1,1,0,0,13,0,0,0,0.0,0,0,2,0,1,1,0.05,0.095,0.05,0.145,0.0,0.143,0.043,0.565,0.08,0.075,-4.31,-2.18,-103.0,0.1,0.12,-0.89,-1.15,0.055,0.05,0.105,0.0,-0.0,0.0
2026,p2100026,2100026,工藤 泰己,広島,セ,35,右投,投,False,3,2,1,0,0,0,0,0,0,1,1,0,0,1,0,0,0,0.0,0,0,0,0,0,0,0.0,0.5,0.0,0.5,0.0,,0.5,0.5,1.0,0.345,0.09,0.28,151.0,0.0,0.0,0.24,6.53,0.225,1.0,1.0,0.0,-0.0,0.0
2026,p2110164,2110164,平川 蓮,広島,セ,51,左打,中右,False,29,109,102,5,19,14,4,0,1,11,5,1,1,36,0,0,0,0.0,0,0,1,1,13,26,0.186,0.231,0.255,0.486,0.069,0.277,0.046,0.33,0.14,0.216,-7.06,3.0,30.0,6.02,1.91,5.18,1.65,0.168,0.127,0.381,0.0,-0.0,0.0
2026,p1600123,1600123,床田 寛樹,広島,セ,19,左投,投,False,22,49,44,2,9,9,0,0,0,2,1,0,0,12,0,0,0,0.0,1,0,4,2,3,9,0.205,0.222,0.205,0.427,0.0,0.281,0.02,0.245,0.08,0.193,-4.14,0.38,8.0,2.0,1.32,1.01,0.67,0.151,0.023,0.27,0.0,-0.0,0.0
2026,p1900058,1900058,持丸 泰輝,広島,セ,57,左打,捕,False,100,297,245,19,45,33,6,0,6,18,40,1,2,77,0,0,0,0.0,1,1,9,8,21,69,0.184,0.302,0.282,0.584,0.098,0.239,0.135,0.259,0.52,0.272,-4.92,22.51,82.0,20.92,2.59,22.8,2.82,0.206,0.269,0.534,0.0,-0.0,0.0
2026,p2107847,2107847,斉藤 優汰,広島,セ,47,右投,投,False,7,10,9,1,1,1,0,0,0,0,1,0,0,4,0,0,0,0.0,0,0,0,0,2,1,0.111,0.2,0.111,0.311,0.0,0.2,0.1,0.4,0.25,0.158,-1.15,-0.23,-25.0,0.2,0.68,0.09,0.3,0.118,0.111,0.25,0.0,-0.0,0.0
2026,p2103768,2103768,末包 昇大,広島,セ,52,右打,右,False,13,45,42,3,7,4,1,0,2,5,3,0,0,11,0,0,0,0.0,1,0,0,1,0,14,0.167,0.222,0.333,0.555,0.166,0.172,0.067,0.244,0.27,0.247,-1.72,2.44,59.0,3.11,2.33,3.01,2.26,0.183,0.238,0.472,0.0,-0.0,0.0
2026,p1800074,1800074,林 晃汰,広島,セ,44,左打,打,False,8,13,11,0,0,0,0,0,0,0,2,0,0,3,0,0,0,0.0,0,0,0,1,0,0,0.0,0.154,0.0,0.154,0.0,0.0,0.154,0.231,0.67,0.106,-2.09,-0.88,-74.0,0.0,0.0,-0.7,-1.58,0.069,0.182,0.167,0.0,-0.0,0.0
2026,p2000060,2000060,栗林 良吏,広島,セ,20,右投,投,False,18,40,32,1,2,2,0,0,0,0,0,0,0,18,0,0,0,0.0,0,0,8,0,0,2,0.062,0.062,0.062,0.124,0.0,0.143,0.0,0.45,0.0,0.056,-8.17,-4.48,-121.0,0.12,0.09,-1.52,-1.08,0.043,0.0,0.067,0.0,-0.0,0.0
2026,p2103788,2103788,森 翔平,広島,セ,16,左投,投,False,17,29,23,1,1,1,0,0,0,0,2,0,0,11,0,0,0,0.0,1,0,4,1,1,1,0.043,0.12,0.043,0.163,0.0,0.083,0.069,0.379,0.18,0.091,-5.04,-2.36,-88.0,0.12,0.12,-1.1,-1.1,0.065,0.087,0.13,0.0,-0.0,0.0
2026,p1900052,1900052,森下 暢仁,広島,セ,18,右投,投,False,21,39,34,3,8,7,1,0,0,3,1,0,0,12,0,0,0,0.0,0,0,4,0,1,9,0.235,0.257,0.265,0.522,0.03,0.364,0.026,0.308,0.08,0.234,-1.92,1.68,47.0,2.31,2.08,2.28,2.06,0.182,0.059,0.385,0.0,-0.0,0.0
2026,p2100102,2100102,清水 叶人,広島,セ,62,左打,捕,False,2,4,3,0,0,0,0,0,0,0,1,0,0,2,0,0,0,0.0,0,0,0,0,0,0,0.0,0.25,0.0,0.25,0.0,0.0,0.25,0.5,0.5,0.172,-0.41,-0.04,-11.0,0.0,0.0,0.05,0.49,0.113,0.333,0.333,0.0,-0.0,0.0
2026,p2110148,2110148,渡邉 悠斗,広島,セ,49,右打,打,False,4,4,4,0,0,0,0,0,0,0,0,0,0,1,0,0,0,0.0,0,0,0,1,0,0,0.0,0.0,0.0,0,0.0,0.0,0.0,0.25,0.0,0.0,-1.01,-0.64,-174.0,0.0,0.0,-0.74,-3.99,0.0,0.0,0.0,0.0,-0.0,0.0
2026,p1900057,1900057,玉村 昇悟,広島,セ,65,左投,投,False,12,16,13,0,0,0,0,0,0,0,1,0,0,7,0,0,0,0.0,0,0,2,0,1,0,0.0,0.071,0.0,0.071,0.0,0.0,0.062,0.438,0.14,0.049,-3.36,-1.88,-127.0,0.0,0.0,-0.81,-1.45,0.032,0.077,0.077,0.0,-0.0,0.0
2026,p2103358,2103358,田村 俊介,広島,セ,60,左打,左,False,4,12,12,0,1,1,0,0,0,1,0,0,0,2,0,0,0,0.0,0,0,0,1,1,1,0.083,0.083,0.083,0.166,0.0,0.1,0.0,0.167,0.0,0.074,-2.26,-1.15,-104.0,0.08,0.19,-0.88,-1.97,0.058,0.0,0.083,0.0,-0.0,0.0
2026,p2000065,2000065,矢野 雅哉,広島,セ,4,左打,遊,False,44,58,48,10,8,7,0,0,1,5,7,0,0,17,2,1,2,-0.8,2,1,2,0,3,11,0.167,0.268,0.229,0.497,0.062,0.226,0.121,0.293,0.41,0.235,-2.8,2.55,48.0,3.0,1.84,4.07,2.5,0.178,0.229,0.488,0.0,-0.8,-0.8
2026,p1900056,1900056,石原 貴規,広島,セ,32,右打,捕,False,66,144,131,7,26,21,4,0,1,7,10,0,0,40,0,1,0,-0.4,3,0,3,3,13,33,0.198,0.255,0.252,0.507,0.054,0.278,0.069,0.278,0.25,0.232,-7.29,6.01,45.0,8.43,2.03,7.14,1.72,0.178,0.122,0.394,-0.4,-0.0,-0.4
2026,p1000150,1000150,秋山 翔吾,広島,セ,9,左打,打,False,75,194,185,18,51,41,5,2,3,16,5,0,1,23,0,1,0,-0.4,2,3,0,0,12,69,0.276,0.294,0.373,0.667,0.097,0.296,0.026,0.119,0.22,0.291,0.15,18.06,101.0,20.59,4.03,21.09,4.13,0.226,0.124,0.556,-0.4,-0.0,-0.4
2026,p1100082,1100082,菊池 涼介,広島,セ,33,右打,二,True,129,523,451,43,107,76,24,0,7,39,47,0,1,101,3,3,1,-1.0,3,4,20,5,45,152,0.237,0.308,0.337,0.645,0.1,0.288,0.09,0.193,0.47,0.29,-0.19,48.11,100.0,47.21,3.39,49.92,3.58,0.223,0.206,0.577,-0.6,-0.4,-1.0
2026,p2121554,2121554,西川 篤夢,広島,セ,54,左打,打,False,8,7,7,0,1,1,0,0,0,0,0,0,0,1,0,0,0,0.0,1,0,0,0,1,1,0.143,0.143,0.143,0.286,0.0,0.167,0.0,0.143,0.0,0.127,-1.0,-0.35,-54.0,0.14,0.64,-0.05,-0.22,0.1,0.0,0.167,0.0,-0.0,0.0
2026,p2107887,2107887,辰見 鴻之介,広島,セ,69,右打,走,False,69,25,22,18,3,2,1,0,0,2,1,0,0,9,28,7,0,2.8,1,0,2,1,1,4,0.136,0.174,0.182,0.356,0.046,0.231,0.04,0.36,0.11,0.163,-2.78,-0.47,-21.0,0.7,0.65,2.79,2.6,0.124,1.045,1.222,2.8,-0.0,2.8
2026,p1400173,1400173,野間 峻祥,広島,セ,37,左打,打,False,52,107,92,6,19,17,2,0,0,4,12,0,2,15,4,0,0,0.8,3,1,0,0,8,21,0.207,0.308,0.228,0.536,0.021,0.244,0.112,0.14,0.8,0.256,-3.22,6.66,67.0,6.54,2.39,9.1,3.32,0.196,0.217,0.534,0.8,-0.0,0.8
2026,p1900073,1900073,鈴木 健矢,広島,セ,41,右投,投,False,32,14,12,0,1,1,0,0,0,1,1,0,0,5,0,0,0,0.0,1,0,1,0,2,1,0.083,0.154,0.083,0.237,0.0,0.143,0.071,0.357,0.2,0.122,-2.06,-0.77,-59.0,0.15,0.35,-0.15,-0.34,0.09,0.083,0.182,0.0,-0.0,0.0
2026,p2101983,2101983,エドポロ ケイン,日本ハム,パ,42,右打,中,False,4,10,10,0,0,0,0,0,0,0,0,0,0,4,0,0,0,0.0,0,0,0,0,1,0,0.0,0.0,0.0,0,0.0,0.0,0.0,0.4,0.0,0.0,-2.64,-1.62,-159.0,0.0,0.0,-0.93,-2.52,0.0,0.0,0.0,0.0,-0.0,0.0
2026,p2108090,2108090,カストロ,日本ハム,パ,6,右打,中,False,71,222,200,22,43,30,4,1,8,24,14,1,5,57,4,1,0,0.4,4,3,0,5,18,73,0.215,0.279,0.365,0.644,0.15,0.254,0.063,0.257,0.25,0.284,-3.75,18.83,83.0,20.67,3.36,21.88,3.56,0.217,0.26,0.589,0.4,-0.0,0.4
2026,p1800008,1800008,マルティネス,日本ハム,パ,2,右打,打,False,21,41,36,2,5,3,0,0,2,4,4,1,1,14,0,0,0,0.0,1,0,0,1,4,11,0.139,0.244,0.306,0.55,0.167,0.15,0.098,0.341,0.29,0.241,-2.21,1.96,47.0,2.68,2.26,2.72,2.29,0.186,0.306,0.5,0.0,-0.0,0.0
2026,p1860140,1860140,レイエス,日本ハム,パ,99,右打,指,True,128,530,476,58,149,90,27,0,32,82,49,11,1,100,0,0,1,-0.4,0,4,0,22,46,272,0.313,0.375,0.571,0.946,0.258,0.336,0.092,0.189,0.49,0.402,45.32,99.23,184.0,102.9,7.87,89.64,6.86,0.311,0.363,0.923,0.0,-0.4,-0.4
2026,p1800093,1800093,万波 中正,日本ハム,パ,66,右打,右,True,119,464,421,58,108,68,18,1,21,55,37,1,3,114,0,1,1,-0.8,4,3,0,15,42,191,0.257,0.319,0.454,0.773,0.197,0.301,0.08,0.246,0.32,0.337,13.6,60.79,129.0,61.32,4.99,57.91,4.71,0.257,0.29,0.702,-0.4,-0.4,-0.8
2026,p1251037,1251037,上川畑 大悟,日本ハム,パ,4,左打,二,False,23,56,50,6,11,8,3,0,0,4,3,0,0,8,0,1,0,-0.4,1,0,3,1,4,14,0.22,0.264,0.28,0.544,0.06,0.262,0.054,0.143,0.38,0.245,-2.83,2.86,50.0,3.7,2.27,3.04,1.86,0.189,0.1,0.415,-0.4,-0.0,-0.4
2026,p900069,900069,中島 卓也,日本ハム,パ,9,左打,遊,False,1,4,4,0,1,1,0,0,0,0,0,0,0,1,0,0,0,0.0,1,0,0,0,0,1,0.25,0.25,0.25,0.5,0.0,0.333,0.0,0.25,0.0,0.223,-0.28,0.13,31.0,0.25,2.25,0.22,2.0,0.175,0.0,0.333,0.0,-0.0,0.0
2026,p2000080,2000080,五十幡 亮汰,日本ハム,パ,50,左打,中,False,101,127,116,14,26,21,4,1,0,3,4,0,0,29,13,5,0,0.6,0,0,7,0,12,32,0.224,0.25,0.276,0.526,0.052,0.299,0.031,0.228,0.14,0.235,-7.6,5.31,41.0,8.0,2.12,8.47,2.24,0.181,0.155,0.516,0.6,-0.0,0.6
2026,p2000084,2000084,今川 優馬,日本ハム,パ,61,右打,左,False,17,50,44,7,10,5,1,0,4,9,6,0,0,11,1,0,0,0.2,0,0,0,2,3,23,0.227,0.32,0.523,0.843,0.296,0.207,0.12,0.22,0.55,0.365,2.68,7.77,153.0,7.36,5.52,7.31,5.48,0.275,0.455,0.833,0.2,-0.0,0.2
2026,p2000079,2000079,伊藤 大海,日本ハム,パ,17,右投,投,False,2,6,4,0,0,0,0,0,0,0,0,0,0,1,0,0,0,0.0,0,0,2,0,1,0,0.0,0.0,0.0,0,0.0,0.0,0.0,0.167,0.0,0.0,-1.58,-0.97,-159.0,0.0,0.0,-0.29,-1.3,0.0,0.0,0.0,0.0,-0.0,0.0
2026,p1500110,1500110,加藤 貴之,日本ハム,パ,14,左投,投,False,2,2,1,1,1,1,0,0,0,1,0,0,0,0,0,0,0,0.0,0,0,1,0,0,1,1.0,1.0,1.0,2.0,0.0,1.0,0.0,0.0,,0.89,1.02,1.22,602.0,1.0,27.0,0.54,14.58,0.7,0.0,,0.0,-0.0,0.0
2026,p1750903,1750903,北山 亘基,日本ハム,パ,15,右投,投,False,2,6,3,0,0,0,0,0,0,1,0,0,0,3,0,0,0,0.0,1,1,2,0,0,0,0.0,0.0,0.0,0,0.0,0.0,0.0,0.5,0.0,0.0,-1.58,-0.97,-159.0,0.0,0.0,0.16,0.7,0.0,0.0,0.0,0.0,-0.0,0.0
2026,p2107900,2107900,吉田 賢吾,日本ハム,パ,60,右打,打,False,53,149,145,21,39,20,9,2,8,19,2,0,2,31,1,0,1,-0.2,0,0,0,1,10,76,0.269,0.289,0.524,0.813,0.255,0.292,0.013,0.208,0.06,0.35,5.98,21.13,139.0,21.93,5.53,21.46,5.42,0.261,0.29,0.757,0.2,-0.4,-0.2
2026,p2050143,2050143,大塚 瑠晏,日本ハム,パ,49,左打,二,False,61,156,138,17,25,14,4,1,6,16,13,0,2,55,0,0,0,0.0,2,1,2,0,16,49,0.181,0.26,0.355,0.615,0.174,0.244,0.083,0.353,0.24,0.274,-4.02,11.85,75.0,12.81,2.98,14.5,3.38,0.206,0.283,0.566,0.0,-0.0,0.0
2026,p1850932,1850932,奈良間 大己,日本ハム,パ,58,右打,二,False,116,250,225,31,56,41,9,1,5,24,16,0,4,65,7,0,1,1.0,5,2,3,4,19,82,0.249,0.308,0.364,0.672,0.115,0.325,0.064,0.26,0.25,0.299,-0.87,24.55,97.0,25.44,3.86,26.93,4.08,0.23,0.236,0.63,1.4,-0.4,1.0
2026,p1950193,1950193,宮崎 一樹,日本ハム,パ,36,右打,中,False,7,19,19,1,2,1,0,0,1,1,0,0,0,5,0,0,0,0.0,0,0,0,1,3,5,0.105,0.105,0.263,0.368,0.158,0.077,0.0,0.263,0.0,0.157,-2.41,-0.48,-25.0,0.53,0.79,-0.0,-0.0,0.113,0.158,0.278,0.0,-0.0,0.0
2026,p2114529,2114529,山縣 秀,日本ハム,パ,54,右打,三,False,61,107,97,9,22,18,4,0,0,5,5,0,0,16,2,0,1,0.0,2,0,5,0,5,26,0.227,0.265,0.268,0.533,0.041,0.272,0.047,0.15,0.31,0.241,-5.84,5.04,46.0,6.88,2.32,7.26,2.45,0.186,0.113,0.44,0.4,-0.4,0.0
2026,p1400195,1400195,山﨑 福也,日本ハム,パ,18,左投,投,False,1,3,3,0,0,0,0,0,0,0,0,0,0,0,0,0,0,0.0,0,0,0,0,0,0,0.0,0.0,0.0,0,0.0,0.0,0.0,0.0,,0.0,-0.79,-0.49,-159.0,0.0,0.0,-0.27,-2.43,0.0,0.0,0.0,0.0,-0.0,0.0
2026,p2119070,2119070,常谷 拓輝,日本ハム,パ,95,右打,二,False,5,13,11,0,1,1,0,0,0,0,2,0,0,4,0,0,0,0.0,0,0,0,0,2,1,0.091,0.231,0.091,0.322,0.0,0.143,0.154,0.308,0.5,0.175,-1.46,-0.13,-10.0,0.23,0.62,0.25,0.67,0.127,0.182,0.3,0.0,-0.0,0.0
2026,p2103603,2103603,有薗 直輝,日本ハム,パ,39,右打,三,False,35,127,110,12,25,16,8,0,1,11,12,0,4,48,2,1,0,0.0,3,1,0,2,12,36,0.227,0.323,0.327,0.65,0.1,0.387,0.094,0.378,0.25,0.297,-0.76,12.15,94.0,11.71,3.55,12.28,3.72,0.227,0.255,0.614,0.0,-0.0,0.0
2026,p2117696,2117696,柴田 獅子,日本ハム,パ,31,右投,指,False,10,32,31,4,11,9,1,0,1,3,0,0,1,6,0,0,0,0.0,1,0,0,1,5,15,0.355,0.375,0.484,0.859,0.129,0.417,0.0,0.188,0.0,0.378,2.08,5.33,164.0,5.62,7.23,4.78,6.15,0.29,0.161,0.762,0.0,-0.0,0.0
2026,p1900075,1900075,梅林 優貴,日本ハム,パ,98,右打,捕,False,2,5,5,0,0,0,0,0,0,0,0,0,0,3,0,0,0,0.0,0,0,0,0,1,0,0.0,0.0,0.0,0,0.0,0.0,0.0,0.6,0.0,0.0,-1.32,-0.81,-159.0,0.0,0.0,-0.47,-2.56,0.0,0.0,0.0,0.0,-0.0,0.0
2026,p1800110,1800110,水谷 瞬,日本ハム,パ,53,右打,左,False,62,217,201,23,48,33,8,1,6,23,11,0,3,55,2,2,0,-0.4,0,2,0,1,13,76,0.239,0.286,0.378,0.664,0.139,0.296,0.051,0.253,0.2,0.293,-2.04,20.03,91.0,21.92,3.75,22.58,3.86,0.223,0.209,0.59,-0.4,-0.0,-0.4
2026,p1851204,1851204,水野 達稀,日本ハム,パ,43,左打,遊,True,132,553,491,73,142,96,30,5,11,58,26,0,14,90,16,4,0,1.6,11,6,15,5,43,215,0.289,0.339,0.438,0.777,0.149,0.331,0.047,0.163,0.29,0.34,17.74,73.98,132.0,73.69,5.25,74.68,5.32,0.262,0.255,0.757,1.6,-0.0,1.6
2026,p1400119,1400119,淺間 大基,日本ハム,パ,8,左打,左,False,19,53,49,3,8,5,1,0,2,3,4,0,0,16,1,0,0,0.2,0,0,0,0,2,15,0.163,0.226,0.306,0.532,0.143,0.194,0.075,0.302,0.25,0.239,-2.96,2.43,45.0,3.4,2.24,3.82,2.52,0.178,0.245,0.488,0.2,-0.0,0.2
2026,p1700025,1700025,清宮 幸太郎,日本ハム,パ,21,左打,一,True,135,513,447,61,106,71,10,2,23,65,49,1,13,100,2,1,0,0.0,15,3,1,6,45,189,0.237,0.328,0.423,0.751,0.186,0.254,0.096,0.195,0.49,0.333,12.96,65.14,125.0,62.38,4.78,66.37,5.09,0.253,0.327,0.727,0.0,-0.0,0.0
2026,p1400118,1400118,清水 優心,日本ハム,パ,10,右打,捕,False,21,37,32,2,4,2,1,0,1,4,4,0,0,6,0,0,0,0.0,0,0,1,0,2,8,0.125,0.222,0.25,0.472,0.125,0.12,0.108,0.162,0.67,0.22,-2.69,1.07,28.0,1.78,1.66,1.99,1.85,0.162,0.25,0.429,0.0,-0.0,0.0
2026,p1800095,1800095,田宮 裕涼,日本ハム,パ,64,左打,捕,False,94,289,267,28,71,52,8,4,7,30,10,1,0,55,4,2,0,0.0,4,1,10,4,26,108,0.266,0.291,0.404,0.695,0.138,0.311,0.035,0.19,0.18,0.303,-0.2,29.19,99.0,31.58,4.0,30.6,3.88,0.232,0.184,0.604,0.0,-0.0,0.0
2026,p2106284,2106284,矢澤 宏太,日本ハム,パ,12,左打,中,False,72,122,115,15,25,16,2,4,3,5,6,0,1,24,6,4,1,-0.8,1,0,0,1,10,44,0.217,0.262,0.383,0.645,0.166,0.25,0.049,0.197,0.25,0.282,-2.26,10.15,82.0,11.54,3.28,11.44,3.25,0.214,0.243,0.6,-0.4,-0.4,-0.8
2026,p2100027,2100027,福島 蓮,日本ハム,パ,45,右投,投,False,2,5,4,1,0,0,0,0,0,0,0,0,0,2,0,0,0,0.0,0,0,1,0,1,0,0.0,0.0,0.0,0,0.0,0.0,0.0,0.4,0.0,0.0,-1.32,-0.81,-159.0,0.0,0.0,-0.34,-1.81,0.0,0.0,0.0,0.0,-0.0,0.0
2026,p2000082,2000082,細川 凌平,日本ハム,パ,56,左打,左,False,84,138,114,19,25,20,3,0,2,11,18,0,0,19,8,1,1,0.8,3,0,6,0,12,34,0.219,0.326,0.298,0.624,0.079,0.247,0.13,0.138,0.95,0.29,-1.66,12.38,88.0,11.08,3.12,14.36,4.04,0.221,0.298,0.667,1.2,-0.4,0.8
2026,p1000100,1000100,西川 遥輝,日本ハム,パ,7,左打,左,False,25,77,62,10,12,8,1,2,1,6,13,0,2,21,2,0,1,0.0,3,0,0,1,8,20,0.194,0.351,0.323,0.674,0.129,0.275,0.169,0.273,0.62,0.314,0.67,8.5,109.0,7.01,3.71,8.66,4.59,0.239,0.403,0.725,0.4,-0.4,0.0
2026,p1950486,1950486,進藤 勇也,日本ハム,パ,33,右打,捕,False,65,160,142,17,30,14,6,2,8,18,11,0,1,44,0,1,0,-0.4,0,0,6,4,14,64,0.211,0.273,0.451,0.724,0.24,0.244,0.069,0.275,0.25,0.314,1.54,17.81,109.0,17.45,3.83,17.01,3.73,0.236,0.317,0.65,-0.4,-0.0,-0.4
2026,p1900040,1900040,郡司 裕也,日本ハム,パ,3,右打,三,False,110,381,323,35,81,60,14,0,7,28,50,0,4,58,0,1,0,-0.4,11,2,2,8,36,116,0.251,0.356,0.359,0.715,0.108,0.285,0.131,0.152,0.86,0.325,7.22,45.96,119.0,41.54,4.4,43.82,4.64,0.25,0.272,0.677,-0.4,-0.0,-0.4
2026,p1800091,1800091,野村 佑希,日本ハム,パ,5,右打,左,False,118,429,401,41,103,71,15,0,17,61,22,1,2,92,4,1,0,0.4,5,4,0,9,33,169,0.257,0.296,0.421,0.717,0.164,0.291,0.051,0.214,0.24,0.313,3.48,47.11,108.0,50.5,4.37,49.84,4.31,0.238,0.232,0.64,0.4,-0.0,0.4
2026,p2103740,2103740,YG安田,楽天,パ,55,左打,一,False,70,255,236,21,67,45,13,1,8,33,18,0,0,58,0,0,1,-0.4,2,1,0,6,27,106,0.284,0.333,0.449,0.782,0.165,0.345,0.071,0.227,0.31,0.343,8.71,34.65,134.0,35.47,5.44,33.02,5.06,0.262,0.242,0.709,0.0,-0.4,-0.4
2026,name:ゴンザレス,,ゴンザレス,楽天,パ,,,指,False,3,8,8,0,1,1,0,0,0,0,0,0,0,6,0,0,0,0.0,0,0,0,0,0,1,0.125,0.125,0.125,0.25,0.0,0.5,0.0,0.75,0.0,0.111,-1.34,-0.52,-64.0,0.12,0.48,-0.18,-0.69,0.087,0.0,0.143,0.0,-0.0,0.0
2026,p1760551,1760551,ボイト,楽天,パ,9,右打,指,False,20,74,67,3,8,5,3,0,0,3,4,1,2,19,0,0,0,0.0,0,1,0,3,11,11,0.119,0.189,0.164,0.353,0.045,0.163,0.054,0.257,0.21,0.161,-9.15,-1.63,-22.0,2.11,0.9,0.41,0.17,0.126,0.134,0.274,0.0,-0.0,0.0
2026,p2122300,2122300,マッカスカー,楽天,パ,34,右打,指,False,100,398,355,45,88,48,14,2,24,68,37,1,3,139,0,0,3,-1.2,1,3,0,9,42,178,0.248,0.322,0.501,0.823,0.253,0.328,0.093,0.349,0.27,0.356,18.02,58.5,145.0,57.68,5.58,56.87,5.5,0.27,0.366,0.79,0.0,-1.2,-1.2
2026,p2112158,2112158,ワォーターズ,楽天,パ,60,右打,遊,False,11,14,14,1,4,3,1,0,0,0,0,0,0,5,0,1,1,-0.8,1,0,0,0,0,5,0.286,0.286,0.357,0.643,0.071,0.444,0.0,0.357,0.0,0.281,-0.27,1.16,81.0,1.43,3.51,0.96,2.36,0.218,0.0,0.455,-0.4,-0.4,-0.8
2026,p1950278,1950278,中島 大輔,楽天,パ,32,左打,左,True,123,458,409,57,112,81,23,3,5,27,32,0,3,53,11,3,2,0.2,2,3,11,7,40,156,0.274,0.329,0.381,0.71,0.107,0.302,0.07,0.116,0.6,0.315,4.69,51.27,110.0,51.65,4.34,52.11,4.38,0.243,0.213,0.658,1.0,-0.8,0.2
2026,p800075,800075,伊藤 光,楽天,パ,27,右打,捕,False,22,36,30,1,4,3,0,0,1,2,3,0,1,10,0,0,1,-0.4,0,0,2,0,2,7,0.133,0.235,0.233,0.468,0.1,0.158,0.083,0.278,0.3,0.222,-2.54,1.12,31.0,1.65,1.59,1.96,1.89,0.164,0.233,0.423,0.0,-0.4,-0.4
2026,p1800044,1800044,伊藤 裕季也,楽天,パ,39,右打,一,False,19,53,48,5,9,3,3,0,3,8,4,0,0,17,0,0,0,0.0,0,1,0,3,7,21,0.188,0.245,0.438,0.683,0.25,0.207,0.075,0.321,0.24,0.293,-0.47,4.92,91.0,5.25,3.3,4.95,3.11,0.22,0.333,0.595,0.0,-0.0,0.0
2026,p1900100,1900100,佐藤 直樹,楽天,パ,38,右打,右,False,71,230,221,26,54,34,13,1,6,19,7,0,0,70,4,0,0,0.8,2,2,0,2,26,87,0.244,0.265,0.394,0.659,0.15,0.327,0.03,0.304,0.1,0.286,-3.45,19.94,85.0,23.28,3.68,23.55,3.72,0.218,0.199,0.58,0.8,-0.0,0.8
2026,p2000125,2000125,入江 大樹,楽天,パ,63,右打,遊,False,17,26,24,2,5,4,1,0,0,0,2,0,0,5,0,0,0,0.0,0,0,0,0,5,6,0.208,0.269,0.25,0.519,0.042,0.263,0.077,0.192,0.4,0.239,-1.46,1.18,45.0,1.62,2.3,1.65,2.34,0.184,0.125,0.421,0.0,-0.0,0.0
2026,p700049,700049,前田 健太,楽天,パ,18,右投,投,False,1,1,1,0,0,0,0,0,0,0,0,0,0,1,0,0,0,0.0,0,0,0,0,0,0,0.0,0.0,0.0,0,0.0,,0.0,1.0,0.0,0.0,-0.26,-0.16,-159.0,0.0,0.0,-0.1,-2.65,0.0,0.0,0.0,0.0,-0.0,0.0
2026,p2110316,2110316,古謝 樹,楽天,パ,17,左投,投,False,2,3,3,0,0,0,0,0,0,0,0,0,0,2,0,0,0,0.0,0,0,0,0,0,0,0.0,0.0,0.0,0,0.0,0.0,0.0,0.667,0.0,0.0,-0.79,-0.49,-159.0,0.0,0.0,-0.29,-2.57,0.0,0.0,0.0,0.0,-0.0,0.0
2026,p1950205,1950205,吉納 翼,楽天,パ,36,左打,右,False,4,15,13,0,0,0,0,0,0,0,2,0,0,8,0,0,0,0.0,0,0,0,0,0,0,0.0,0.133,0.0,0.133,0.0,0.0,0.133,0.533,0.25,0.092,-2.76,-1.23,-81.0,0.0,0.0,-0.55,-1.15,0.06,0.154,0.154,0.0,-0.0,0.0
2026,p2103640,2103640,吉野 創士,楽天,パ,78,右打,打,False,20,36,34,0,4,3,1,0,0,0,0,0,1,14,0,0,0,0.0,0,0,1,0,3,5,0.118,0.143,0.147,0.29,0.029,0.2,0.0,0.389,0.0,0.133,-5.33,-1.67,-46.0,0.71,0.62,-0.21,-0.18,0.101,0.059,0.2,0.0,-0.0,0.0
2026,p1600004,1600004,堀内 謙伍,楽天,パ,65,左打,捕,False,49,125,103,10,19,14,4,0,1,6,13,0,4,33,1,0,0,0.2,0,2,3,1,6,26,0.184,0.295,0.252,0.547,0.068,0.254,0.104,0.264,0.39,0.258,-4.93,7.79,61.0,7.8,2.34,9.95,2.98,0.196,0.243,0.518,0.2,-0.0,0.2
2026,p1800118,1800118,太田 光,楽天,パ,2,右打,捕,False,98,279,253,19,52,42,7,0,3,18,18,0,0,69,0,1,1,-0.8,2,2,6,4,13,68,0.206,0.256,0.269,0.525,0.063,0.268,0.065,0.247,0.26,0.238,-15.86,12.51,44.0,17.56,2.22,17.02,2.15,0.182,0.13,0.417,-0.4,-0.4,-0.8
2026,p1851157,1851157,宗山 塁,楽天,パ,1,左打,遊,False,66,263,237,33,65,42,15,0,8,26,23,0,2,29,5,5,2,-1.8,4,1,0,7,33,104,0.274,0.342,0.439,0.781,0.165,0.284,0.087,0.11,0.79,0.344,9.33,36.08,135.0,35.73,5.21,33.19,4.84,0.264,0.27,0.728,-1.0,-0.8,-1.8
2026,p2103614,2103614,小森 航大郎,楽天,パ,73,右打,左,False,18,18,16,3,0,0,0,0,0,1,0,0,0,6,1,0,0,0.2,0,1,1,0,0,0,0.0,0.0,0.0,0,0.0,0.0,0.0,0.333,0.0,0.0,-4.75,-2.92,-159.0,0.0,0.0,-0.9,-1.35,0.0,0.062,0.062,0.2,-0.0,0.2
2026,p1900112,1900112,小深田 大翔,楽天,パ,0,左打,二,False,85,163,148,15,32,26,4,2,0,8,9,0,1,41,9,3,1,0.2,1,0,5,1,9,40,0.216,0.266,0.27,0.536,0.054,0.299,0.055,0.252,0.22,0.243,-8.57,8.01,48.0,10.63,2.3,11.08,2.39,0.187,0.162,0.492,0.6,-0.4,0.2
2026,p1800123,1800123,小郷 裕哉,楽天,パ,51,左打,右,False,57,177,162,13,37,29,6,1,1,9,13,0,1,44,8,4,1,-0.4,0,0,1,5,22,48,0.228,0.29,0.296,0.586,0.068,0.308,0.073,0.249,0.3,0.266,-5.74,12.26,68.0,13.91,2.78,12.81,2.56,0.205,0.179,0.522,0.0,-0.4,-0.4
2026,p700065,700065,岸 孝之,楽天,パ,11,右投,投,False,1,1,1,0,0,0,0,0,0,0,0,0,0,0,0,0,0,0.0,0,0,0,0,0,0,0.0,0.0,0.0,0,0.0,0.0,0.0,0.0,,0.0,-0.26,-0.16,-159.0,0.0,0.0,-0.09,-2.43,0.0,0.0,0.0,0.0,-0.0,0.0
2026,p2105283,2105283,平良 竜哉,楽天,パ,48,右打,三,False,97,266,249,30,60,42,9,0,9,20,10,1,5,45,11,1,3,0.6,3,0,2,8,24,96,0.241,0.284,0.386,0.67,0.145,0.262,0.038,0.169,0.22,0.295,-2.01,25.04,93.0,27.27,3.68,26.86,3.63,0.224,0.245,0.616,1.8,-1.2,0.6
2026,p2000121,2000121,早川 隆久,楽天,パ,21,左投,投,False,1,2,1,0,0,0,0,0,0,0,0,0,0,0,0,0,0,0.0,0,0,1,0,0,0,0.0,0.0,0.0,0,0.0,0.0,0.0,0.0,,0.0,-0.53,-0.32,-159.0,0.0,0.0,-0.05,-0.67,0.0,0.0,0.0,0.0,-0.0,0.0
2026,p1600007,1600007,村林 一輝,楽天,パ,6,右打,遊,True,135,528,476,41,126,104,16,2,4,59,41,4,2,84,8,2,5,-1.2,10,5,4,21,38,158,0.265,0.323,0.332,0.655,0.067,0.31,0.078,0.159,0.49,0.291,-5.56,48.13,90.0,51.45,3.64,48.49,3.43,0.228,0.17,0.56,0.8,-2.0,-1.2
2026,p1900115,1900115,武藤 敦貴,楽天,パ,50,左打,右,False,24,25,21,4,4,3,1,0,0,2,3,0,0,4,2,0,0,0.4,2,1,0,0,1,5,0.19,0.28,0.238,0.518,0.048,0.222,0.12,0.16,0.75,0.24,-1.37,1.17,46.0,1.46,2.19,2.41,3.61,0.186,0.286,0.588,0.4,-0.0,0.4
2026,p900056,900056,浅村 栄斗,楽天,パ,3,右打,一,False,87,333,286,23,62,44,9,0,9,35,40,1,3,72,1,0,1,-0.2,1,4,0,11,31,98,0.217,0.315,0.343,0.658,0.126,0.254,0.12,0.216,0.56,0.297,-1.9,31.96,94.0,31.28,3.53,32.82,3.71,0.228,0.28,0.604,0.2,-0.4,-0.2
2026,p1800122,1800122,渡邊 佳明,楽天,パ,35,左打,打,False,72,164,147,9,36,28,7,0,1,17,12,0,0,25,0,0,1,-0.4,3,0,4,6,12,46,0.245,0.302,0.313,0.615,0.068,0.289,0.073,0.152,0.48,0.278,-3.64,13.04,78.0,13.89,3.1,12.31,2.75,0.214,0.15,0.496,0.0,-0.4,-0.4
2026,p1900117,1900117,瀧中 瞭太,楽天,パ,57,右投,投,False,2,4,3,0,0,0,0,0,0,0,1,0,0,2,0,0,0,0.0,0,0,0,1,0,0,0.0,0.25,0.0,0.25,0.0,0.0,0.25,0.5,0.5,0.172,-0.46,-0.05,-12.0,0.0,0.0,-0.32,-2.13,0.113,0.333,0.25,0.0,-0.0,0.0
2026,p1400107,1400107,田中 貴也,楽天,パ,44,左打,捕,False,6,4,3,0,2,2,0,0,0,0,0,0,0,0,0,0,0,0.0,0,0,1,0,0,2,0.667,0.667,0.667,1.334,0.0,0.667,0.0,0.0,,0.593,1.01,1.42,348.0,1.33,18.0,0.95,12.83,0.467,0.0,2.0,0.0,-0.0,0.0
2026,p1600099,1600099,石原 彪,楽天,パ,70,右打,捕,False,7,12,9,1,2,2,0,0,0,1,2,0,0,0,0,0,0,0.0,0,0,1,0,0,2,0.222,0.364,0.222,0.586,0.0,0.222,0.167,0.0,,0.287,-0.17,1.05,86.0,0.73,2.45,1.09,3.68,0.219,0.222,0.571,0.0,-0.0,0.0
2026,p2100271,2100271,繁永 晟,楽天,パ,30,右打,三,False,26,73,66,3,13,10,2,1,0,5,4,0,0,4,0,0,0,0.0,1,1,1,0,8,17,0.197,0.239,0.258,0.497,0.061,0.206,0.055,0.055,1.0,0.223,-5.12,2.31,31.0,4.13,2.03,4.45,2.18,0.172,0.121,0.396,0.0,-0.0,0.0
2026,p2106793,2106793,荘司 康誠,楽天,パ,19,右投,投,False,2,4,3,0,0,0,0,0,0,0,0,0,0,2,0,0,0,0.0,0,0,1,0,0,0,0.0,0.0,0.0,0,0.0,0.0,0.0,0.5,0.0,0.0,-1.06,-0.65,-159.0,0.0,0.0,-0.25,-1.66,0.0,0.0,0.0,0.0,-0.0,0.0
2026,p1800117,1800117,辰己 涼介,楽天,パ,8,左打,中,True,135,560,496,59,128,93,17,3,15,51,54,3,6,122,8,9,1,-2.4,2,3,1,15,63,196,0.258,0.336,0.395,0.731,0.137,0.312,0.096,0.218,0.44,0.324,10.08,67.04,118.0,66.27,4.52,63.65,4.34,0.25,0.256,0.673,-2.0,-0.4,-2.4
2026,p2102018,2102018,金子 京介,楽天,パ,98,右打,一,False,4,11,10,0,1,1,0,0,0,0,0,0,1,6,0,1,0,-0.4,0,0,0,0,0,1,0.1,0.182,0.1,0.282,0.0,0.25,0.0,0.545,0.0,0.146,-1.5,-0.38,-34.0,0.18,0.49,-0.34,-0.91,0.107,0.0,0.2,-0.4,-0.0,-0.4
2026,p1100103,1100103,鈴木 大地,楽天,パ,7,左打,一,False,34,55,49,4,8,6,2,0,0,3,3,0,1,10,0,0,0,0.0,1,0,2,0,5,10,0.163,0.226,0.204,0.43,0.041,0.205,0.055,0.182,0.3,0.201,-4.88,0.71,13.0,2.26,1.42,2.11,1.32,0.153,0.122,0.341,0.0,-0.0,0.0
2026,p2100284,2100284,阪上 翔也,楽天,パ,42,左打,左右,False,6,14,14,0,1,1,0,0,0,0,0,0,0,5,0,0,0,0.0,1,0,0,0,1,1,0.071,0.071,0.071,0.142,0.0,0.111,0.0,0.357,0.0,0.064,-2.92,-1.5,-105.0,0.07,0.15,-0.71,-1.47,0.05,0.0,0.077,0.0,-0.0,0.0
2026,p2117858,2117858,陽 柏翔,楽天,パ,75,左打,二,False,7,10,9,3,2,2,0,0,0,0,1,0,0,4,0,0,0,0.0,0,0,0,0,2,2,0.222,0.3,0.222,0.522,0.0,0.4,0.1,0.4,0.25,0.247,-0.49,0.53,52.0,0.6,2.31,0.68,2.62,0.191,0.111,0.429,0.0,-0.0,0.0
2026,p1900113,1900113,黒川 史陽,楽天,パ,24,左打,三,True,127,486,431,37,106,91,9,1,5,27,45,0,1,65,1,1,0,-0.2,4,2,7,5,47,132,0.246,0.317,0.306,0.623,0.06,0.278,0.093,0.134,0.69,0.285,-7.98,41.45,84.0,42.06,3.34,45.12,3.58,0.219,0.167,0.541,-0.2,-0.0,-0.2
2026,p2117028,2117028,カナリオ,西武,パ,25,右打,右,True,131,521,480,56,118,77,23,2,16,53,36,2,3,135,12,5,0,0.4,2,2,0,9,34,193,0.246,0.301,0.402,0.703,0.156,0.308,0.069,0.259,0.27,0.309,2.37,55.35,104.0,58.38,4.17,57.57,4.11,0.236,0.252,0.649,0.4,-0.0,0.4
2026,p2101047,2101047,ネビン,西武,パ,26,右打,一,False,102,423,370,41,99,57,21,0,21,47,39,0,6,64,0,2,0,-0.8,6,8,0,7,33,183,0.268,0.34,0.495,0.835,0.227,0.266,0.092,0.151,0.61,0.361,21.19,64.21,149.0,63.5,5.95,63.99,6.0,0.277,0.343,0.814,-0.8,-0.0,-0.8
2026,p2117319,2117319,ワイナンス,西武,パ,30,右投,投,False,1,2,1,0,0,0,0,0,0,0,0,0,0,1,0,0,0,0.0,0,0,1,0,0,0,0.0,0.0,0.0,0,0.0,,0.0,0.5,0.0,0.0,-0.53,-0.32,-159.0,0.0,0.0,-0.06,-0.78,0.0,0.0,0.0,0.0,-0.0,0.0
2026,p12101,12101,中村 剛也,西武,パ,60,右打,指,False,24,60,57,2,14,9,4,0,1,7,3,0,0,21,0,0,0,0.0,0,0,0,0,1,21,0.246,0.283,0.368,0.651,0.122,0.371,0.05,0.35,0.14,0.288,-0.82,5.28,87.0,5.95,3.74,5.8,3.64,0.219,0.175,0.558,0.0,-0.0,0.0
2026,p2000073,2000073,仲三 優太,西武,パ,55,左打,指,False,11,35,31,4,4,3,0,0,1,3,4,0,0,17,0,0,0,0.0,0,0,0,0,1,7,0.129,0.229,0.226,0.455,0.097,0.231,0.114,0.486,0.24,0.215,-2.69,0.87,24.0,1.6,1.6,1.73,1.73,0.16,0.226,0.407,0.0,-0.0,0.0
2026,p1750481,1750481,仲田 慶介,西武,パ,00,左打,二,False,25,31,29,5,7,2,2,3,0,3,1,0,0,6,0,0,0,0.0,0,1,0,0,4,15,0.241,0.258,0.517,0.775,0.276,0.292,0.032,0.194,0.17,0.318,0.4,3.56,113.0,4.0,4.7,4.24,4.98,0.245,0.31,0.727,0.0,-0.0,0.0
2026,p2117835,2117835,佐藤 太陽,西武,パ,38,左打,二,False,14,26,26,3,6,3,2,0,1,2,0,0,0,8,0,0,0,0.0,1,0,0,0,0,11,0.231,0.231,0.423,0.654,0.192,0.294,0.0,0.308,0.0,0.281,-0.5,2.14,81.0,2.54,3.43,2.52,3.4,0.21,0.192,0.55,0.0,-0.0,0.0
2026,p2105684,2105684,児玉 亮涼,西武,パ,0,右打,三,False,11,3,3,1,0,0,0,0,0,0,0,0,0,1,0,0,0,0.0,0,0,0,0,1,0,0.0,0.0,0.0,0,0.0,0.0,0.0,0.333,0.0,0.0,-0.79,-0.49,-159.0,0.0,0.0,-0.28,-2.5,0.0,0.0,0.0,0.0,-0.0,0.0
2026,p1750472,1750472,古賀 悠斗,西武,パ,22,右打,捕,False,91,235,199,21,53,41,7,1,4,27,26,0,1,49,2,1,0,0.0,1,1,8,7,7,74,0.266,0.352,0.372,0.724,0.106,0.333,0.111,0.209,0.53,0.326,4.66,28.56,120.0,26.19,4.34,26.13,4.33,0.251,0.246,0.669,0.0,-0.0,0.0
2026,p1400184,1400184,外崎 修汰,西武,パ,5,右打,二,False,34,100,93,8,16,11,3,0,2,8,4,0,2,20,1,1,0,-0.2,0,1,0,3,11,25,0.172,0.22,0.269,0.489,0.097,0.194,0.04,0.2,0.2,0.22,-7.26,2.91,29.0,5.56,1.83,4.61,1.52,0.166,0.161,0.395,-0.2,-0.0,-0.2
2026,p2050145,2050145,小島 大河,西武,パ,10,左打,捕,False,97,358,332,32,88,69,10,0,9,37,22,1,1,35,0,0,2,-0.8,0,2,1,3,35,125,0.265,0.311,0.377,0.688,0.112,0.272,0.061,0.098,0.63,0.304,0.17,36.58,100.0,39.08,4.22,39.82,4.3,0.234,0.181,0.599,0.0,-0.8,-0.8
2026,p2000069,2000069,山村 崇嘉,西武,パ,32,左打,三,False,29,88,80,7,16,14,1,0,1,6,6,0,0,14,0,0,0,0.0,2,0,2,3,4,20,0.2,0.256,0.25,0.506,0.05,0.231,0.068,0.159,0.43,0.232,-5.45,3.5,39.0,5.12,2.0,4.3,1.68,0.178,0.125,0.388,0.0,-0.0,0.0
2026,p1900068,1900068,岸 潤一郎,西武,パ,68,右打,左,False,97,191,172,25,40,30,8,1,1,12,8,0,4,37,3,0,0,0.6,1,3,4,4,15,53,0.233,0.278,0.308,0.586,0.075,0.285,0.042,0.194,0.22,0.262,-6.9,12.53,64.0,14.98,2.83,15.47,2.92,0.202,0.163,0.5,0.6,-0.0,0.6
2026,p1500117,1500117,平沢 大河,西武,パ,39,左打,一,False,89,308,282,24,71,49,18,1,3,19,22,0,2,60,1,1,0,-0.2,8,1,0,2,44,100,0.252,0.309,0.355,0.664,0.103,0.309,0.071,0.195,0.37,0.296,-1.87,29.45,94.0,31.05,3.9,31.0,3.89,0.228,0.188,0.584,-0.2,-0.0,-0.2
2026,p1700124,1700124,平良 海馬,西武,パ,61,右投,投,False,2,6,6,0,1,1,0,0,0,0,0,0,0,4,0,0,0,0.0,0,0,0,0,0,1,0.167,0.167,0.167,0.334,0.0,0.5,0.0,0.667,0.0,0.148,-0.81,-0.2,-33.0,0.17,0.9,0.02,0.1,0.117,0.0,0.2,0.0,-0.0,0.0
2026,p2107608,2107608,是澤 涼輔,西武,パ,65,右打,打,False,1,1,0,0,0,0,0,0,0,0,1,0,0,0,0,0,0,0.0,0,0,0,0,0,0,,1.0,,,,,1.0,0.0,,0.69,0.34,0.44,431.0,0.0,,0.34,,,,,0.0,-0.0,0.0
2026,p2112133,2112133,村田 怜音,西武,パ,99,右打,指,False,4,10,9,1,0,0,0,0,0,0,1,0,0,5,0,0,0,0.0,0,0,0,1,1,0,0.0,0.1,0.0,0.1,0.0,0.0,0.1,0.5,0.2,0.069,-2.04,-1.02,-100.0,0.0,0.0,-0.88,-2.38,0.045,0.111,0.1,0.0,-0.0,0.0
2026,p1660299,1660299,林 安可,西武,パ,73,左打,指,False,76,261,236,20,52,31,13,0,8,29,18,0,7,65,0,0,1,-0.4,1,0,0,4,34,89,0.22,0.295,0.377,0.672,0.157,0.27,0.069,0.249,0.28,0.3,-0.73,25.81,97.0,26.26,3.77,26.32,3.78,0.227,0.263,0.606,0.0,-0.4,-0.4
2026,p1900065,1900065,柘植 世那,西武,パ,37,右打,捕,False,29,55,51,7,16,13,2,0,1,2,1,0,0,9,0,0,0,0.0,0,0,3,4,6,21,0.314,0.327,0.412,0.739,0.098,0.366,0.018,0.164,0.11,0.325,1.03,6.62,118.0,6.87,4.41,5.14,3.3,0.25,0.118,0.564,0.0,-0.0,0.0
2026,p12102,12102,栗山 巧,西武,パ,1,左打,打,False,11,14,13,0,2,2,0,0,0,0,1,0,0,1,0,0,0,0.0,0,0,0,0,1,2,0.154,0.214,0.154,0.368,0.0,0.167,0.071,0.071,1.0,0.176,-1.55,-0.12,-9.0,0.43,1.05,0.34,0.84,0.135,0.077,0.273,0.0,-0.0,0.0
2026,p1100061,1100061,桑原 将志,西武,パ,7,右打,左,False,62,239,216,16,49,37,5,4,3,15,16,0,5,36,2,0,0,0.4,2,0,2,3,15,71,0.227,0.295,0.329,0.624,0.102,0.26,0.067,0.151,0.44,0.281,-4.57,19.73,81.0,20.97,3.29,21.73,3.41,0.215,0.208,0.553,0.4,-0.0,0.4
2026,p2105080,2105080,武内 夏暉,西武,パ,21,左投,投,False,2,4,3,0,0,0,0,0,0,0,0,0,0,2,0,0,0,0.0,0,0,1,0,0,0,0.0,0.0,0.0,0,0.0,0.0,0.0,0.5,0.0,0.0,-1.06,-0.65,-159.0,0.0,0.0,-0.25,-1.66,0.0,0.0,0.0,0.0,-0.0,0.0
2026,p1800081,1800081,渡邉 勇太朗,西武,パ,12,右投,投,False,2,5,4,0,0,0,0,0,0,0,0,0,0,2,0,0,0,0.0,0,0,1,0,0,0,0.0,0.0,0.0,0,0.0,0.0,0.0,0.4,0.0,0.0,-1.32,-0.81,-159.0,0.0,0.0,-0.34,-1.81,0.0,0.0,0.0,0.0,-0.0,0.0
2026,p1950417,1950417,渡部 聖弥,西武,パ,8,右打,三,True,127,507,474,43,121,87,21,1,12,48,23,0,6,90,3,0,3,-0.6,11,3,1,12,45,180,0.255,0.296,0.38,0.676,0.125,0.291,0.045,0.178,0.26,0.299,-2.12,49.44,96.0,53.68,3.93,51.56,3.77,0.228,0.192,0.581,0.6,-1.2,-0.6
2026,p1600129,1600129,源田 壮亮,西武,パ,6,左打,遊,False,116,315,274,24,60,47,12,0,1,27,26,0,0,44,1,1,2,-1.0,6,3,12,3,22,75,0.219,0.284,0.274,0.558,0.055,0.254,0.083,0.14,0.59,0.254,-13.41,18.63,58.0,21.5,2.49,23.15,2.68,0.196,0.15,0.468,-0.2,-0.8,-1.0
2026,p2103618,2103618,滝澤 夏央,西武,パ,62,左打,二,True,121,467,396,44,110,101,5,3,1,31,41,0,4,55,13,8,1,-1.0,12,0,26,6,31,124,0.278,0.351,0.313,0.664,0.035,0.321,0.088,0.118,0.75,0.305,0.51,48.0,101.0,43.58,3.61,46.38,3.84,0.236,0.162,0.607,-0.6,-0.4,-1.0
2026,p1600134,1600134,石井 一成,西武,パ,4,左打,二,False,72,251,231,23,55,38,8,2,7,22,14,0,2,58,0,2,1,-1.2,5,3,1,3,22,88,0.238,0.284,0.381,0.665,0.143,0.284,0.056,0.231,0.24,0.292,-2.48,23.05,90.0,25.3,3.69,25.46,3.72,0.223,0.203,0.575,-0.8,-0.4,-1.2
2026,p2100048,2100048,秋山 俊,西武,パ,35,左打,中,False,5,14,14,0,2,2,0,0,0,0,0,0,0,2,0,0,0,0.0,1,0,0,0,2,2,0.143,0.143,0.143,0.286,0.0,0.167,0.0,0.143,0.0,0.127,-2.15,-0.72,-51.0,0.29,0.64,-0.1,-0.22,0.1,0.0,0.167,0.0,-0.0,0.0
2026,p2107897,2107897,茶野 篤政,西武,パ,31,左打,右,False,16,8,7,2,1,1,0,0,0,0,0,0,1,2,0,1,0,-0.4,0,0,0,0,0,1,0.143,0.25,0.143,0.393,0.0,0.2,0.0,0.25,0.0,0.201,-0.71,0.1,13.0,0.25,0.96,-0.04,-0.14,0.148,0.0,0.286,-0.4,-0.0,-0.4
2026,p1850820,1850820,蛭間 拓哉,西武,パ,9,左打,左,False,36,98,89,7,24,16,6,2,0,8,4,0,0,16,0,0,1,-0.4,0,1,4,1,11,34,0.27,0.298,0.382,0.68,0.112,0.324,0.041,0.163,0.25,0.296,-0.6,9.36,94.0,10.24,3.89,9.94,3.78,0.23,0.157,0.576,0.0,-0.4,-0.4
2026,p1700122,1700122,西川 愛也,西武,パ,51,左打,中,False,97,315,293,30,66,51,8,4,3,27,10,0,4,54,5,2,1,-0.2,0,2,6,7,30,91,0.225,0.259,0.311,0.57,0.086,0.265,0.032,0.171,0.19,0.253,-13.88,18.16,57.0,23.71,2.62,22.29,2.47,0.194,0.143,0.466,0.2,-0.4,-0.2
2026,p2000075,2000075,長谷川 信哉,西武,パ,63,右打,一,False,84,299,269,42,71,42,17,0,12,38,15,0,7,61,6,0,3,0.0,1,1,7,6,33,124,0.264,0.318,0.461,0.779,0.197,0.299,0.05,0.204,0.25,0.341,9.75,40.16,132.0,39.63,5.05,39.2,4.99,0.258,0.301,0.745,1.2,-1.2,0.0
2026,p1751148,1751148,隅田 知一郎,西武,パ,16,左投,投,False,1,3,2,0,0,0,0,0,0,1,0,0,0,0,0,0,0,0.0,0,0,1,0,0,0,0.0,0.0,0.0,0,0.0,0.0,0.0,0.0,,0.0,-0.79,-0.49,-159.0,0.0,0.0,-0.14,-1.26,0.0,0.0,0.0,0.0,-0.0,0.0
2026,p1700103,1700103,髙松 渡,西武,パ,50,左打,走指,False,11,1,1,3,0,0,0,0,0,0,0,0,0,1,5,1,0,0.6,0,0,0,0,0,0,0.0,0.0,0.0,0,0.0,,0.0,1.0,0.0,0.0,-0.26,-0.16,-159.0,0.0,0.0,0.48,6.51,0.0,4.0,2.5,0.6,-0.0,0.6
2026,p1400182,1400182,髙橋 光成,西武,パ,13,右投,投,False,1,3,3,0,1,1,0,0,0,0,0,0,0,2,0,0,0,0.0,0,0,0,0,0,1,0.333,0.333,0.333,0.666,0.0,1.0,0.0,0.667,0.0,0.297,-0.02,0.29,94.0,0.33,4.5,0.3,4.1,0.233,0.0,0.5,0.0,-0.0,0.0
2026,p2108292,2108292,ガルシア,阪神,セ,94,右打,打,False,19,35,31,2,4,1,1,0,2,7,2,0,2,16,0,0,0,0.0,0,0,0,0,4,11,0.129,0.229,0.355,0.584,0.226,0.154,0.057,0.457,0.12,0.262,-0.86,2.37,73.0,2.51,2.51,2.9,2.9,0.192,0.355,0.556,0.0,-0.0,0.0
2026,p2117293,2117293,ディベイニー,阪神,セ,24,右打,打,False,10,15,14,1,1,1,0,0,0,0,1,0,0,4,0,0,0,0.0,0,0,0,0,0,1,0.071,0.133,0.071,0.204,0.0,0.1,0.067,0.267,0.25,0.105,-2.42,-1.03,-74.0,0.13,0.28,-0.36,-0.75,0.078,0.071,0.154,0.0,-0.0,0.0
2026,p2117268,2117268,ルーカス,阪神,セ,42,左投,投,False,6,7,6,0,0,0,0,0,0,0,0,0,0,4,0,0,0,0.0,0,0,1,0,0,0,0.0,0.0,0.0,0,0.0,0.0,0.0,0.571,0.0,0.0,-1.77,-1.12,-174.0,0.0,0.0,-0.53,-2.05,0.0,0.0,0.0,0.0,-0.0,0.0
2026,p2110265,2110265,下村 海翔,阪神,セ,19,右投,投,False,8,12,11,0,0,0,0,0,0,1,1,0,0,7,0,0,0,0.0,0,0,0,0,0,0,0.0,0.083,0.0,0.083,0.0,0.0,0.083,0.583,0.14,0.057,-2.43,-1.32,-120.0,0.0,0.0,-0.71,-1.73,0.037,0.091,0.091,0.0,-0.0,0.0
2026,p2100253,2100253,中川 勇斗,阪神,セ,68,右打,左,False,10,25,19,1,1,0,1,0,0,2,5,0,0,3,0,0,0,0.0,0,0,1,2,5,2,0.053,0.25,0.105,0.355,0.052,0.062,0.2,0.12,1.67,0.197,-2.04,0.27,12.0,0.5,0.64,0.08,0.1,0.139,0.316,0.35,0.0,-0.0,0.0
2026,p2000056,2000056,中野 拓夢,阪神,セ,7,左打,二,True,138,567,495,62,145,129,15,1,0,23,38,0,3,80,9,4,1,-0.2,3,4,27,6,58,162,0.293,0.344,0.327,0.671,0.034,0.346,0.067,0.141,0.47,0.303,6.33,58.69,112.0,56.22,3.88,58.82,4.06,0.237,0.127,0.589,0.2,-0.4,-0.2
2026,p2104697,2104697,井坪 陽生,阪神,セ,40,右打,打,False,2,2,2,0,0,0,0,0,0,0,0,0,0,1,0,0,0,0.0,0,0,0,0,0,0,0.0,0.0,0.0,0,0.0,0.0,0.0,0.5,0.0,0.0,-0.51,-0.32,-174.0,0.0,0.0,-0.19,-2.54,0.0,0.0,0.0,0.0,-0.0,0.0
2026,p2109682,2109682,今朝丸 裕喜,阪神,セ,28,右投,投,False,3,3,3,0,0,0,0,0,0,0,0,0,0,3,0,0,0,0.0,0,0,0,0,0,0,0.0,0.0,0.0,0,0.0,,0.0,1.0,0.0,0.0,-0.76,-0.48,-174.0,0.0,0.0,-0.29,-2.65,0.0,0.0,0.0,0.0,-0.0,0.0
2026,p1850363,1850363,伊原 陵人,阪神,セ,18,左投,投,False,8,14,12,0,3,3,0,0,0,1,0,0,0,6,0,0,0,0.0,0,0,2,0,0,3,0.25,0.25,0.25,0.5,0.0,0.5,0.0,0.429,0.0,0.223,-0.83,0.46,36.0,0.75,1.84,0.72,1.77,0.175,0.0,0.333,0.0,-0.0,0.0
2026,p2000052,2000052,伊藤 将司,阪神,セ,27,左投,投,False,9,16,16,0,2,1,1,0,0,2,0,0,0,8,0,0,0,0.0,0,0,0,1,0,3,0.125,0.125,0.188,0.313,0.063,0.25,0.0,0.5,0.0,0.135,-2.17,-0.69,-47.0,0.38,0.68,-0.47,-0.85,0.103,0.062,0.2,0.0,-0.0,0.0
2026,p1200100,1200100,伏見 寅威,阪神,セ,17,右打,捕,False,51,143,126,5,26,23,3,0,0,16,8,2,4,27,0,0,0,0.0,0,1,4,2,17,29,0.206,0.273,0.23,0.503,0.024,0.26,0.056,0.189,0.3,0.228,-7.73,5.48,41.0,7.99,2.02,8.13,2.05,0.18,0.119,0.402,0.0,-0.0,0.0
2026,p2000051,2000051,佐藤 輝明,阪神,セ,8,左打,三,True,138,593,520,100,164,83,39,3,39,105,67,7,2,156,8,3,2,-0.4,18,4,0,6,75,326,0.315,0.393,0.627,1.02,0.312,0.38,0.113,0.263,0.43,0.432,72.77,127.53,233.0,128.96,9.44,118.14,8.64,0.334,0.454,1.104,0.4,-0.8,-0.4
2026,p2000027,2000027,元山 飛優,阪神,セ,00,左打,遊,False,54,179,147,11,37,36,0,1,0,7,19,1,1,35,3,0,0,0.6,5,2,10,2,14,39,0.252,0.337,0.265,0.602,0.013,0.325,0.106,0.196,0.54,0.279,-1.87,14.66,89.0,13.31,2.9,16.51,3.59,0.218,0.17,0.554,0.6,-0.0,0.6
2026,p1950996,1950996,前川 右京,阪神,セ,58,左打,左,False,76,214,188,10,41,25,11,0,5,20,19,2,5,45,0,0,0,0.0,2,2,0,4,23,67,0.218,0.304,0.356,0.66,0.138,0.257,0.089,0.21,0.42,0.293,0.39,20.15,102.0,20.54,3.63,21.27,3.75,0.226,0.266,0.603,0.0,-0.0,0.0
2026,p1500087,1500087,坂本 誠志郎,阪神,セ,12,右打,捕,False,95,312,272,19,55,39,6,0,10,36,25,4,3,97,2,1,0,0.0,4,2,10,9,27,91,0.202,0.275,0.335,0.61,0.133,0.269,0.08,0.311,0.26,0.268,-6.03,22.78,79.0,25.18,2.84,24.92,2.82,0.208,0.239,0.533,0.0,-0.0,0.0
2026,p1600113,1600113,大山 悠輔,阪神,セ,3,右打,一,True,136,574,496,44,138,95,22,1,20,84,60,4,8,85,0,0,5,-2.0,9,10,0,20,59,222,0.278,0.359,0.448,0.807,0.17,0.294,0.105,0.148,0.71,0.352,30.53,83.53,158.0,81.09,5.64,79.34,5.52,0.274,0.306,0.767,0.0,-2.0,-2.0
2026,p1700137,1700137,大竹 耕太郎,阪神,セ,21,左投,投,False,16,29,26,0,4,4,0,0,0,0,0,0,0,12,0,0,0,0.0,0,0,3,0,1,4,0.154,0.154,0.154,0.308,0.0,0.286,0.0,0.414,0.0,0.137,-3.88,-1.2,-45.0,0.62,0.66,0.04,0.05,0.108,0.0,0.182,0.0,-0.0,0.0
2026,p1800066,1800066,小幡 竜平,阪神,セ,38,左打,遊,False,36,104,94,8,20,18,1,1,0,4,6,1,1,38,1,1,1,-0.6,6,0,3,1,9,23,0.213,0.267,0.245,0.512,0.032,0.357,0.058,0.365,0.16,0.231,-5.41,4.19,44.0,6.15,2.1,5.7,1.95,0.181,0.106,0.408,-0.2,-0.4,-0.6
2026,p1900050,1900050,小野寺 暖,阪神,セ,60,右打,左,False,22,16,16,1,2,2,0,0,0,1,0,0,0,8,0,0,0,0.0,1,0,0,1,1,2,0.125,0.125,0.125,0.25,0.0,0.25,0.0,0.5,0.0,0.111,-2.5,-1.02,-69.0,0.25,0.45,-0.69,-1.25,0.087,0.0,0.133,0.0,-0.0,0.0
2026,p2118997,2118997,岡城 快生,阪神,セ,34,右打,左,False,15,34,33,5,5,3,2,0,0,1,0,0,1,11,0,0,0,0.0,0,0,0,0,0,7,0.152,0.176,0.212,0.388,0.06,0.227,0.0,0.324,0.0,0.174,-3.44,-0.3,-9.0,1.24,1.19,0.67,0.65,0.132,0.091,0.286,0.0,-0.0,0.0
2026,p1700080,1700080,島田 海吏,阪神,セ,53,左打,左,False,5,3,3,0,0,0,0,0,0,0,0,0,0,2,0,1,0,-0.4,0,0,0,0,0,0,0.0,0.0,0.0,0,0.0,0.0,0.0,0.667,0.0,0.0,-0.76,-0.48,-174.0,0.0,0.0,-0.61,-4.09,0.0,-0.333,0.0,-0.4,-0.0,-0.4
2026,p2109980,2109980,嶋村 麟士朗,阪神,セ,85,左打,打,False,30,41,41,1,8,7,0,0,1,5,0,0,0,14,0,0,0,0.0,0,0,0,0,4,11,0.195,0.195,0.268,0.463,0.073,0.269,0.0,0.341,0.0,0.203,-3.12,0.67,18.0,2.15,1.76,1.86,1.52,0.155,0.073,0.333,0.0,-0.0,0.0
2026,p1600115,1600115,才木 浩人,阪神,セ,35,右投,投,False,23,51,40,1,4,4,0,0,0,1,2,0,0,26,0,0,0,0.0,0,0,9,0,2,4,0.1,0.143,0.1,0.243,0.0,0.286,0.039,0.51,0.08,0.118,-7.67,-2.96,-63.0,0.57,0.34,-0.41,-0.24,0.089,0.05,0.167,0.0,-0.0,0.0
2026,p2112127,2112127,早川 太貴,阪神,セ,51,右投,投,False,9,2,2,0,0,0,0,0,0,0,0,0,0,1,0,0,0,0.0,1,0,0,0,0,0,0.0,0.0,0.0,0,0.0,0.0,0.0,0.5,0.0,0.0,-0.51,-0.32,-174.0,0.0,0.0,-0.19,-2.54,0.0,0.0,0.0,0.0,-0.0,0.0
2026,p2112444,2112444,木下 里都,阪神,セ,54,右投,投,False,41,2,2,0,0,0,0,0,0,0,0,0,0,0,0,0,0,0.0,0,0,0,0,0,0,0.0,0.0,0.0,0,0.0,0.0,0.0,0.0,,0.0,-0.51,-0.32,-174.0,0.0,0.0,-0.18,-2.43,0.0,0.0,0.0,0.0,-0.0,0.0
2026,p1800067,1800067,木浪 聖也,阪神,セ,0,左打,遊,False,61,154,143,11,31,27,3,0,1,17,9,0,1,39,1,2,0,-0.6,4,1,0,2,22,37,0.217,0.266,0.259,0.525,0.042,0.288,0.058,0.253,0.23,0.239,-6.86,7.37,52.0,9.92,2.29,9.28,2.14,0.184,0.105,0.414,-0.6,-0.0,-0.6
2026,p2000055,2000055,村上 頌樹,阪神,セ,41,右投,投,False,25,59,50,1,4,2,2,0,0,0,1,0,0,36,0,0,0,0.0,1,0,8,1,1,6,0.08,0.098,0.12,0.218,0.04,0.286,0.017,0.61,0.03,0.098,-9.87,-4.42,-81.0,0.59,0.29,-1.7,-0.83,0.074,0.06,0.149,0.0,-0.0,0.0
2026,p1300073,1300073,梅野 隆太郎,阪神,セ,2,右打,捕,False,24,74,66,3,12,9,2,0,1,3,2,0,3,20,1,0,0,0.2,0,1,2,2,4,17,0.182,0.236,0.258,0.494,0.076,0.239,0.027,0.27,0.1,0.225,-4.23,2.6,38.0,4.07,1.86,3.95,1.81,0.171,0.167,0.411,0.2,-0.0,0.2
2026,p1850183,1850183,森下 翔太,阪神,セ,1,右打,右,True,138,598,510,93,151,85,30,1,35,84,65,1,20,93,3,0,4,-1.0,3,3,0,21,71,288,0.296,0.395,0.565,0.96,0.269,0.301,0.109,0.156,0.7,0.414,64.4,119.62,217.0,114.23,8.05,105.18,7.41,0.319,0.441,0.989,0.6,-1.6,-1.0
2026,p1400172,1400172,植田 海,阪神,セ,62,右打,走,False,28,6,3,8,1,1,0,0,0,1,3,0,0,0,6,0,0,1.2,0,0,0,0,1,1,0.333,0.667,0.333,1.0,0.0,0.333,0.5,0.0,,0.493,1.06,1.61,291.0,0.67,9.0,2.42,32.67,0.383,3.0,5.0,1.2,-0.0,1.2
2026,p2105582,2105582,椎葉 剛,阪神,セ,26,右投,投,False,3,1,0,0,0,0,0,0,0,0,0,0,0,0,0,0,0,0.0,1,0,1,0,0,0,,,,,,,0.0,0.0,,,,,,,,0.04,1.08,,,,0.0,-0.0,0.0
2026,p2000054,2000054,榮枝 裕貴,阪神,セ,39,右打,打捕,False,2,1,1,0,0,0,0,0,0,0,0,0,0,1,0,0,0,0.0,0,0,0,0,0,0,0.0,0.0,0.0,0,0.0,,0.0,1.0,0.0,0.0,-0.25,-0.16,-174.0,0.0,0.0,-0.1,-2.65,0.0,0.0,0.0,0.0,-0.0,0.0
2026,p1800036,1800036,濱田 太貴,阪神,セ,32,右打,打,False,19,27,25,1,4,3,0,0,1,2,2,0,0,12,0,0,0,0.0,0,0,0,0,1,7,0.16,0.222,0.28,0.502,0.12,0.25,0.074,0.444,0.17,0.228,-1.48,1.02,41.0,1.56,2.0,1.63,2.1,0.17,0.2,0.429,0.0,-0.0,0.0
2026,p1700079,1700079,熊谷 敬宥,阪神,セ,4,右打,遊,False,75,173,159,17,35,29,6,0,0,13,6,0,0,44,5,2,2,-0.6,6,0,8,1,9,41,0.22,0.248,0.258,0.506,0.038,0.304,0.035,0.254,0.14,0.228,-9.46,6.51,41.0,10.19,2.04,9.56,1.91,0.176,0.094,0.409,0.2,-0.8,-0.6
2026,p2104632,2104632,百﨑 蒼生,阪神,セ,56,右打,打,False,2,2,2,0,0,0,0,0,0,0,0,0,0,2,0,0,0,0.0,0,0,0,0,0,0,0.0,0.0,0.0,0,0.0,,0.0,1.0,0.0,0.0,-0.51,-0.32,-174.0,0.0,0.0,-0.2,-2.65,0.0,0.0,0.0,0.0,-0.0,0.0
2026,p2106233,2106233,石黒 佑弥,阪神,セ,63,右投,投,False,13,1,1,0,0,0,0,0,0,0,0,0,0,0,0,0,0,0.0,0,0,0,0,0,0,0.0,0.0,0.0,0,0.0,0.0,0.0,0.0,,0.0,-0.25,-0.16,-174.0,0.0,0.0,-0.09,-2.43,0.0,0.0,0.0,0.0,-0.0,0.0
2026,p2108545,2108545,神宮 僚介,阪神,セ,95,右投,投,False,16,1,1,0,0,0,0,0,0,0,0,0,0,0,0,0,0,0.0,0,0,0,0,0,0,0.0,0.0,0.0,0,0.0,0.0,0.0,0.0,,0.0,-0.25,-0.16,-174.0,0.0,0.0,-0.09,-2.43,0.0,0.0,0.0,0.0,-0.0,0.0
2026,p2110225,2110225,福島 圭音,阪神,セ,92,左打,打,False,69,151,134,13,31,23,8,0,0,4,9,0,6,27,6,3,0,0.0,2,0,2,3,7,39,0.231,0.309,0.291,0.6,0.06,0.29,0.06,0.179,0.33,0.276,-1.89,12.06,86.0,12.04,2.93,11.96,2.91,0.212,0.194,0.55,0.0,-0.0,0.0
2026,p2103242,2103242,立石 正広,阪神,セ,9,右打,三,False,37,124,122,8,24,20,2,0,2,10,2,0,0,41,1,0,0,0.2,2,0,0,2,12,32,0.197,0.21,0.262,0.472,0.065,0.278,0.016,0.331,0.05,0.209,-8.8,2.65,23.0,6.71,1.81,5.29,1.43,0.16,0.09,0.35,0.2,-0.0,0.2
2026,p1600117,1600117,糸原 健斗,阪神,セ,33,左打,打,False,17,17,17,0,1,0,1,0,0,0,0,0,0,6,0,0,0,0.0,0,0,0,2,1,2,0.059,0.059,0.118,0.177,0.059,0.091,0.0,0.353,0.0,0.075,-3.19,-1.62,-103.0,0.12,0.18,-1.51,-2.26,0.056,0.059,0.111,0.0,-0.0,0.0
2026,p2107862,2107862,茨木 秀俊,阪神,セ,48,右投,投,False,3,4,3,1,0,0,0,0,0,0,1,0,0,2,0,0,0,0.0,0,0,0,0,0,0,0.0,0.25,0.0,0.25,0.0,0.0,0.25,0.5,0.5,0.172,-0.41,-0.04,-11.0,0.0,0.0,0.05,0.49,0.113,0.333,0.333,0.0,-0.0,0.0
2026,p900062,900062,西 勇輝,阪神,セ,16,右投,投,False,7,12,11,0,0,0,0,0,0,0,0,0,0,3,0,0,0,0.0,0,0,1,1,0,0,0.0,0.0,0.0,0,0.0,0.0,0.0,0.25,0.0,0.0,-3.03,-1.92,-174.0,0.0,0.0,-1.34,-2.79,0.0,0.0,0.0,0.0,-0.0,0.0
2026,p2118999,2118999,谷端 将伍,阪神,セ,25,右打,二,False,1,3,2,0,0,0,0,0,0,0,0,0,0,0,0,0,0,0.0,0,0,1,1,0,0,0.0,0.0,0.0,0,0.0,0.0,0.0,0.0,,0.0,-0.76,-0.48,-174.0,0.0,0.0,-0.51,-3.44,0.0,0.0,0.0,0.0,-0.0,0.0
2026,p1450841,1450841,豊田 寛,阪神,セ,61,右打,打,False,3,3,2,0,0,0,0,0,0,0,0,0,1,2,0,0,0,0.0,0,0,0,0,0,0,0.0,0.333,0.0,0.333,0.0,,0.0,0.667,0.0,0.24,-0.13,0.15,52.0,0.0,0.0,0.14,1.94,0.15,0.5,0.5,0.0,-0.0,0.0
2026,p1800065,1800065,近本 光司,阪神,セ,5,左打,中,False,85,391,353,50,108,89,13,1,5,16,36,2,1,50,11,6,1,-0.6,1,1,0,4,15,138,0.306,0.371,0.391,0.762,0.085,0.344,0.092,0.128,0.72,0.339,16.58,52.69,146.0,51.31,5.41,51.0,5.38,0.265,0.204,0.729,-0.2,-0.4,-0.6
2026,p2104016,2104016,門別 啓人,阪神,セ,30,左投,投,False,10,2,2,0,0,0,0,0,0,0,0,0,0,1,0,0,0,0.0,0,0,0,0,0,0,0.0,0.0,0.0,0,0.0,0.0,0.0,0.5,0.0,0.0,-0.51,-0.32,-174.0,0.0,0.0,-0.19,-2.54,0.0,0.0,0.0,0.0,-0.0,0.0
2026,p2000057,2000057,髙寺 望夢,阪神,セ,67,左打,中,False,124,368,319,33,72,58,10,1,3,23,38,4,5,76,12,2,2,0.8,1,1,5,1,38,93,0.226,0.317,0.292,0.609,0.066,0.286,0.103,0.207,0.5,0.277,-4.48,29.5,87.0,29.54,3.12,34.7,3.66,0.216,0.232,0.592,1.6,-0.8,0.8
2026,p1700078,1700078,髙橋 遥人,阪神,セ,29,左投,投,False,21,59,52,3,8,7,1,0,0,2,0,0,0,19,0,0,0,0.0,2,0,7,1,2,9,0.154,0.154,0.173,0.327,0.019,0.242,0.0,0.322,0.0,0.144,-7.51,-2.06,-38.0,1.38,0.72,0.02,0.01,0.113,0.019,0.2,0.0,-0.0,0.0
