シーズン,集計基準日,打者名,打者球団,投手名,投手球団,対戦打席,対戦打数,安打,本塁打,四球,三振,打率,出塁率,長打率,OPS,サンプル不足フラグ,データの説明
2026,2026-08-16,筒香 嘉智,DeNA,中西 聖輝,中日,8,8,3,1,0,3,0.375,0.375,0.875,1.25,はい,当該打者と投手のシーズン対戦成績。打席数が少ない値の解釈に注意。
2026,2026-08-16,筒香 嘉智,DeNA,松本 健吾,ヤクルト,8,8,4,0,0,1,0.5,0.5,0.5,1.0,はい,当該打者と投手のシーズン対戦成績。打席数が少ない値の解釈に注意。
2026,2026-08-16,筒香 嘉智,DeNA,竹丸 和幸,巨人,8,7,2,0,1,4,0.2857,0.375,0.2857,0.6607,はい,当該打者と投手のシーズン対戦成績。打席数が少ない値の解釈に注意。
2026,2026-08-16,筒香 嘉智,DeNA,奥川 恭伸,ヤクルト,7,7,1,0,0,2,0.1429,0.1429,0.1429,0.2858,はい,当該打者と投手のシーズン対戦成績。打席数が少ない値の解釈に注意。
2026,2026-08-16,筒香 嘉智,DeNA,マラー,中日,6,6,1,0,0,0,0.1667,0.1667,0.3333,0.5,はい,当該打者と投手のシーズン対戦成績。打席数が少ない値の解釈に注意。
2026,2026-08-16,筒香 嘉智,DeNA,井上 温大,巨人,6,5,0,0,1,2,0.0,0.1667,0.0,0.1667,はい,当該打者と投手のシーズン対戦成績。打席数が少ない値の解釈に注意。
2026,2026-08-16,筒香 嘉智,DeNA,斉藤 優汰,広島,6,4,2,0,2,0,0.5,0.6667,0.75,1.4167,はい,当該打者と投手のシーズン対戦成績。打席数が少ない値の解釈に注意。
2026,2026-08-16,筒香 嘉智,DeNA,村上 頌樹,阪神,6,6,0,0,0,1,0.0,0.0,0.0,0.0,はい,当該打者と投手のシーズン対戦成績。打席数が少ない値の解釈に注意。
2026,2026-08-16,筒香 嘉智,DeNA,森下 暢仁,広島,6,5,2,1,1,2,0.4,0.5,1.2,1.7,はい,当該打者と投手のシーズン対戦成績。打席数が少ない値の解釈に注意。
2026,2026-08-16,筒香 嘉智,DeNA,涌井 秀章,中日,6,6,2,1,0,1,0.3333,0.3333,0.8333,1.1666,はい,当該打者と投手のシーズン対戦成績。打席数が少ない値の解釈に注意。
2026,2026-08-16,筒香 嘉智,DeNA,金丸 夢斗,中日,6,6,4,2,0,1,0.6667,0.6667,2.0,2.6667,はい,当該打者と投手のシーズン対戦成績。打席数が少ない値の解釈に注意。
2026,2026-08-16,筒香 嘉智,DeNA,高梨 裕稔,ヤクルト,6,6,2,0,0,1,0.3333,0.3333,0.5,0.8333,はい,当該打者と投手のシーズン対戦成績。打席数が少ない値の解釈に注意。
2026,2026-08-16,筒香 嘉智,DeNA,ウィットリー,巨人,5,3,2,1,1,0,0.6667,0.6,2.0,2.6,はい,当該打者と投手のシーズン対戦成績。打席数が少ない値の解釈に注意。
2026,2026-08-16,筒香 嘉智,DeNA,ハワード,巨人,5,5,2,0,0,1,0.4,0.4,0.6,1.0,はい,当該打者と投手のシーズン対戦成績。打席数が少ない値の解釈に注意。
2026,2026-08-16,今宮 健太,ソフトバンク,伊藤 大海,日本ハム,9,8,1,0,0,3,0.125,0.2222,0.125,0.3472,はい,当該打者と投手のシーズン対戦成績。打席数が少ない値の解釈に注意。
2026,2026-08-16,今宮 健太,ソフトバンク,古謝 樹,楽天,9,9,2,0,0,2,0.2222,0.2222,0.3333,0.5555,はい,当該打者と投手のシーズン対戦成績。打席数が少ない値の解釈に注意。
2026,2026-08-16,今宮 健太,ソフトバンク,菅井 信也,西武,8,8,3,0,0,1,0.375,0.375,0.375,0.75,はい,当該打者と投手のシーズン対戦成績。打席数が少ない値の解釈に注意。
2026,2026-08-16,今宮 健太,ソフトバンク,隅田 知一郎,西武,6,6,2,1,0,1,0.3333,0.3333,0.8333,1.1666,はい,当該打者と投手のシーズン対戦成績。打席数が少ない値の解釈に注意。
2026,2026-08-16,今宮 健太,ソフトバンク,田嶋 大樹,オリックス,5,4,0,0,1,1,0.0,0.2,0.0,0.2,はい,当該打者と投手のシーズン対戦成績。打席数が少ない値の解釈に注意。
2026,2026-08-16,今宮 健太,ソフトバンク,髙島 泰都,オリックス,5,5,1,0,0,0,0.2,0.2,0.2,0.4,はい,当該打者と投手のシーズン対戦成績。打席数が少ない値の解釈に注意。
2026,2026-08-16,西川 遥輝,日本ハム,九里 亜蓮,オリックス,7,6,1,1,1,3,0.1667,0.2857,0.6667,0.9524,はい,当該打者と投手のシーズン対戦成績。打席数が少ない値の解釈に注意。
2026,2026-08-16,柳田 悠岐,ソフトバンク,古謝 樹,楽天,18,18,4,1,0,3,0.2222,0.2222,0.3889,0.6111,いいえ,当該打者と投手のシーズン対戦成績。打席数が少ない値の解釈に注意。
2026,2026-08-16,柳田 悠岐,ソフトバンク,髙橋 光成,西武,17,17,1,0,0,7,0.0588,0.0588,0.0588,0.1176,いいえ,当該打者と投手のシーズン対戦成績。打席数が少ない値の解釈に注意。
2026,2026-08-16,柳田 悠岐,ソフトバンク,伊藤 大海,日本ハム,15,14,6,2,1,4,0.4286,0.4667,0.9286,1.3953,いいえ,当該打者と投手のシーズン対戦成績。打席数が少ない値の解釈に注意。
2026,2026-08-16,柳田 悠岐,ソフトバンク,早川 隆久,楽天,12,12,5,2,0,2,0.4167,0.4167,0.9167,1.3334,いいえ,当該打者と投手のシーズン対戦成績。打席数が少ない値の解釈に注意。
2026,2026-08-16,柳田 悠岐,ソフトバンク,ロング,ロッテ,10,10,6,0,0,0,0.6,0.6,0.7,1.3,いいえ,当該打者と投手のシーズン対戦成績。打席数が少ない値の解釈に注意。
2026,2026-08-16,柳田 悠岐,ソフトバンク,隅田 知一郎,西武,9,9,2,0,0,2,0.2222,0.2222,0.2222,0.4444,はい,当該打者と投手のシーズン対戦成績。打席数が少ない値の解釈に注意。
2026,2026-08-16,柳田 悠岐,ソフトバンク,九里 亜蓮,オリックス,8,8,3,0,0,1,0.375,0.375,0.5,0.875,はい,当該打者と投手のシーズン対戦成績。打席数が少ない値の解釈に注意。
2026,2026-08-16,柳田 悠岐,ソフトバンク,北山 亘基,日本ハム,8,8,2,1,0,1,0.25,0.25,0.625,0.875,はい,当該打者と投手のシーズン対戦成績。打席数が少ない値の解釈に注意。
2026,2026-08-16,柳田 悠岐,ソフトバンク,達 孝太,日本ハム,7,7,1,0,0,3,0.1429,0.1429,0.1429,0.2858,はい,当該打者と投手のシーズン対戦成績。打席数が少ない値の解釈に注意。
2026,2026-08-16,柳田 悠岐,ソフトバンク,ウレーニャ,楽天,6,6,1,0,0,2,0.1667,0.1667,0.1667,0.3334,はい,当該打者と投手のシーズン対戦成績。打席数が少ない値の解釈に注意。
2026,2026-08-16,柳田 悠岐,ソフトバンク,ジェリー,オリックス,6,6,0,0,0,0,0.0,0.0,0.0,0.0,はい,当該打者と投手のシーズン対戦成績。打席数が少ない値の解釈に注意。
2026,2026-08-16,柳田 悠岐,ソフトバンク,上原 健太,日本ハム,6,6,1,0,0,3,0.1667,0.1667,0.1667,0.3334,はい,当該打者と投手のシーズン対戦成績。打席数が少ない値の解釈に注意。
2026,2026-08-16,柳田 悠岐,ソフトバンク,小島 和哉,ロッテ,6,5,1,0,0,1,0.2,0.3333,0.2,0.5333,はい,当該打者と投手のシーズン対戦成績。打席数が少ない値の解釈に注意。
2026,2026-08-16,柳田 悠岐,ソフトバンク,廣池 康志郎,ロッテ,6,5,1,0,0,1,0.2,0.1667,0.4,0.5667,はい,当該打者と投手のシーズン対戦成績。打席数が少ない値の解釈に注意。
2026,2026-08-16,柳田 悠岐,ソフトバンク,有原 航平,日本ハム,6,6,3,0,0,3,0.5,0.5,0.5,1.0,はい,当該打者と投手のシーズン対戦成績。打席数が少ない値の解釈に注意。
2026,2026-08-16,柳田 悠岐,ソフトバンク,渡邉 勇太朗,西武,6,5,2,0,1,0,0.4,0.5,0.4,0.9,はい,当該打者と投手のシーズン対戦成績。打席数が少ない値の解釈に注意。
2026,2026-08-16,柳田 悠岐,ソフトバンク,菅井 信也,西武,6,6,2,0,0,1,0.3333,0.3333,0.5,0.8333,はい,当該打者と投手のシーズン対戦成績。打席数が少ない値の解釈に注意。
2026,2026-08-16,柳田 悠岐,ソフトバンク,藤井 聖,楽天,6,5,0,0,0,0,0.0,0.1667,0.0,0.1667,はい,当該打者と投手のシーズン対戦成績。打席数が少ない値の解釈に注意。
2026,2026-08-16,柳田 悠岐,ソフトバンク,毛利 海大,ロッテ,5,5,0,0,0,1,0.0,0.0,0.0,0.0,はい,当該打者と投手のシーズン対戦成績。打席数が少ない値の解釈に注意。
2026,2026-08-16,柳田 悠岐,ソフトバンク,細野 晴希,日本ハム,5,5,3,0,0,0,0.6,0.6,0.6,1.2,はい,当該打者と投手のシーズン対戦成績。打席数が少ない値の解釈に注意。
2026,2026-08-16,大野 雄大,中日,ウィットリー,巨人,6,5,0,0,1,2,0.0,0.1667,0.0,0.1667,はい,当該打者と投手のシーズン対戦成績。打席数が少ない値の解釈に注意。
2026,2026-08-16,大野 雄大,中日,森下 暢仁,広島,5,4,0,0,0,3,0.0,0.0,0.0,0.0,はい,当該打者と投手のシーズン対戦成績。打席数が少ない値の解釈に注意。
2026,2026-08-16,秋山 翔吾,広島,村上 頌樹,阪神,8,8,3,0,0,0,0.375,0.375,0.375,0.75,はい,当該打者と投手のシーズン対戦成績。打席数が少ない値の解釈に注意。
2026,2026-08-16,秋山 翔吾,広島,柳 裕也,中日,7,7,3,0,0,1,0.4286,0.4286,0.8571,1.2857,はい,当該打者と投手のシーズン対戦成績。打席数が少ない値の解釈に注意。
2026,2026-08-16,秋山 翔吾,広島,山﨑 伊織,巨人,6,6,1,0,0,0,0.1667,0.1667,0.1667,0.3334,はい,当該打者と投手のシーズン対戦成績。打席数が少ない値の解釈に注意。
2026,2026-08-16,秋山 翔吾,広島,高梨 裕稔,ヤクルト,6,6,1,0,0,1,0.1667,0.1667,0.1667,0.3334,はい,当該打者と投手のシーズン対戦成績。打席数が少ない値の解釈に注意。
2026,2026-08-16,秋山 翔吾,広島,吉村 貢司郎,ヤクルト,5,5,1,0,0,1,0.2,0.2,0.2,0.4,はい,当該打者と投手のシーズン対戦成績。打席数が少ない値の解釈に注意。
2026,2026-08-16,秋山 翔吾,広島,大竹 耕太郎,阪神,5,4,1,0,1,0,0.25,0.4,0.25,0.65,はい,当該打者と投手のシーズン対戦成績。打席数が少ない値の解釈に注意。
2026,2026-08-16,牧原 大成,ソフトバンク,古謝 樹,楽天,21,19,9,0,0,2,0.4737,0.4737,0.5263,1.0,いいえ,当該打者と投手のシーズン対戦成績。打席数が少ない値の解釈に注意。
2026,2026-08-16,牧原 大成,ソフトバンク,伊藤 大海,日本ハム,15,14,7,0,0,1,0.5,0.5333,0.6429,1.1762,いいえ,当該打者と投手のシーズン対戦成績。打席数が少ない値の解釈に注意。
2026,2026-08-16,牧原 大成,ソフトバンク,早川 隆久,楽天,13,12,3,0,0,1,0.25,0.25,0.3333,0.5833,いいえ,当該打者と投手のシーズン対戦成績。打席数が少ない値の解釈に注意。
2026,2026-08-16,牧原 大成,ソフトバンク,髙橋 光成,西武,11,11,1,0,0,4,0.0909,0.0909,0.0909,0.1818,いいえ,当該打者と投手のシーズン対戦成績。打席数が少ない値の解釈に注意。
2026,2026-08-16,牧原 大成,ソフトバンク,武内 夏暉,西武,9,9,1,0,0,0,0.1111,0.1111,0.1111,0.2222,はい,当該打者と投手のシーズン対戦成績。打席数が少ない値の解釈に注意。
2026,2026-08-16,牧原 大成,ソフトバンク,渡邉 勇太朗,西武,9,7,1,0,0,1,0.1429,0.1429,0.1429,0.2858,はい,当該打者と投手のシーズン対戦成績。打席数が少ない値の解釈に注意。
2026,2026-08-16,牧原 大成,ソフトバンク,隅田 知一郎,西武,9,9,2,0,0,3,0.2222,0.2222,0.2222,0.4444,はい,当該打者と投手のシーズン対戦成績。打席数が少ない値の解釈に注意。
2026,2026-08-16,牧原 大成,ソフトバンク,ウレーニャ,楽天,8,7,4,1,1,1,0.5714,0.625,1.2857,1.9107,はい,当該打者と投手のシーズン対戦成績。打席数が少ない値の解釈に注意。
2026,2026-08-16,牧原 大成,ソフトバンク,田中 晴也,ロッテ,8,8,0,0,0,5,0.0,0.0,0.0,0.0,はい,当該打者と投手のシーズン対戦成績。打席数が少ない値の解釈に注意。
2026,2026-08-16,牧原 大成,ソフトバンク,菅井 信也,西武,8,6,1,0,1,2,0.1667,0.375,0.1667,0.5417,はい,当該打者と投手のシーズン対戦成績。打席数が少ない値の解釈に注意。
2026,2026-08-16,牧原 大成,ソフトバンク,ジェリー,オリックス,7,5,3,0,2,0,0.6,0.7143,0.6,1.3143,はい,当該打者と投手のシーズン対戦成績。打席数が少ない値の解釈に注意。
2026,2026-08-16,牧原 大成,ソフトバンク,ロング,ロッテ,7,6,1,0,0,1,0.1667,0.2857,0.3333,0.619,はい,当該打者と投手のシーズン対戦成績。打席数が少ない値の解釈に注意。
2026,2026-08-16,牧原 大成,ソフトバンク,廣池 康志郎,ロッテ,7,7,1,0,0,1,0.1429,0.1429,0.1429,0.2858,はい,当該打者と投手のシーズン対戦成績。打席数が少ない値の解釈に注意。
2026,2026-08-16,牧原 大成,ソフトバンク,北山 亘基,日本ハム,6,6,2,0,0,1,0.3333,0.3333,0.3333,0.6666,はい,当該打者と投手のシーズン対戦成績。打席数が少ない値の解釈に注意。
2026,2026-08-16,牧原 大成,ソフトバンク,有原 航平,日本ハム,6,5,2,0,1,1,0.4,0.5,0.6,1.1,はい,当該打者と投手のシーズン対戦成績。打席数が少ない値の解釈に注意。
2026,2026-08-16,牧原 大成,ソフトバンク,達 孝太,日本ハム,6,6,0,0,0,1,0.0,0.0,0.0,0.0,はい,当該打者と投手のシーズン対戦成績。打席数が少ない値の解釈に注意。
2026,2026-08-16,牧原 大成,ソフトバンク,エスピノーザ,オリックス,5,5,0,0,0,3,0.0,0.0,0.0,0.0,はい,当該打者と投手のシーズン対戦成績。打席数が少ない値の解釈に注意。
2026,2026-08-16,牧原 大成,ソフトバンク,毛利 海大,ロッテ,5,5,0,0,0,2,0.0,0.0,0.0,0.0,はい,当該打者と投手のシーズン対戦成績。打席数が少ない値の解釈に注意。
2026,2026-08-16,牧原 大成,ソフトバンク,藤井 聖,楽天,5,4,1,0,0,0,0.25,0.25,0.25,0.5,はい,当該打者と投手のシーズン対戦成績。打席数が少ない値の解釈に注意。
2026,2026-08-16,牧原 大成,ソフトバンク,髙島 泰都,オリックス,5,5,1,0,0,2,0.2,0.2,0.4,0.6,はい,当該打者と投手のシーズン対戦成績。打席数が少ない値の解釈に注意。
2026,2026-08-16,桑原 将志,西武,エスピノーザ,オリックス,10,9,1,0,1,1,0.1111,0.2,0.1111,0.3111,いいえ,当該打者と投手のシーズン対戦成績。打席数が少ない値の解釈に注意。
2026,2026-08-16,桑原 将志,西武,伊藤 大海,日本ハム,9,8,2,1,0,1,0.25,0.25,0.625,0.875,はい,当該打者と投手のシーズン対戦成績。打席数が少ない値の解釈に注意。
2026,2026-08-16,桑原 将志,西武,田中 晴也,ロッテ,7,6,1,0,0,2,0.1667,0.2857,0.1667,0.4524,はい,当該打者と投手のシーズン対戦成績。打席数が少ない値の解釈に注意。
2026,2026-08-16,桑原 将志,西武,荘司 康誠,楽天,7,5,1,0,2,0,0.2,0.4286,0.2,0.6286,はい,当該打者と投手のシーズン対戦成績。打席数が少ない値の解釈に注意。
2026,2026-08-16,桑原 将志,西武,大津 亮介,ソフトバンク,6,6,1,0,0,0,0.1667,0.1667,0.1667,0.3334,はい,当該打者と投手のシーズン対戦成績。打席数が少ない値の解釈に注意。
2026,2026-08-16,桑原 将志,西武,ペルドモ,オリックス,5,4,3,0,1,0,0.75,0.8,0.75,1.55,はい,当該打者と投手のシーズン対戦成績。打席数が少ない値の解釈に注意。
2026,2026-08-16,高橋 周平,中日,村上 頌樹,阪神,6,6,2,0,0,1,0.3333,0.3333,0.3333,0.6666,はい,当該打者と投手のシーズン対戦成績。打席数が少ない値の解釈に注意。
2026,2026-08-16,高橋 周平,中日,島田 舜也,DeNA,5,5,1,0,0,2,0.2,0.2,0.4,0.6,はい,当該打者と投手のシーズン対戦成績。打席数が少ない値の解釈に注意。
2026,2026-08-16,高橋 周平,中日,平良 拳太郎,DeNA,5,5,2,0,0,1,0.4,0.4,0.4,0.8,はい,当該打者と投手のシーズン対戦成績。打席数が少ない値の解釈に注意。
2026,2026-08-16,菊池 涼介,広島,東 克樹,DeNA,20,19,6,0,0,4,0.3158,0.3158,0.3684,0.6842,いいえ,当該打者と投手のシーズン対戦成績。打席数が少ない値の解釈に注意。
2026,2026-08-16,菊池 涼介,広島,村上 頌樹,阪神,13,10,0,0,0,2,0.0,0.0,0.0,0.0,いいえ,当該打者と投手のシーズン対戦成績。打席数が少ない値の解釈に注意。
2026,2026-08-16,菊池 涼介,広島,大野 雄大,中日,9,6,0,0,2,2,0.0,0.25,0.0,0.25,はい,当該打者と投手のシーズン対戦成績。打席数が少ない値の解釈に注意。
2026,2026-08-16,菊池 涼介,広島,山野 太一,ヤクルト,9,8,3,0,1,0,0.375,0.4444,0.375,0.8194,はい,当該打者と投手のシーズン対戦成績。打席数が少ない値の解釈に注意。
2026,2026-08-16,菊池 涼介,広島,才木 浩人,阪神,9,7,3,2,1,0,0.4286,0.5,1.4286,1.9286,はい,当該打者と投手のシーズン対戦成績。打席数が少ない値の解釈に注意。
2026,2026-08-16,菊池 涼介,広島,髙橋 宏斗,中日,9,9,1,1,0,5,0.1111,0.1111,0.4444,0.5555,はい,当該打者と投手のシーズン対戦成績。打席数が少ない値の解釈に注意。
2026,2026-08-16,菊池 涼介,広島,柳 裕也,中日,8,7,1,0,1,2,0.1429,0.25,0.1429,0.3929,はい,当該打者と投手のシーズン対戦成績。打席数が少ない値の解釈に注意。
2026,2026-08-16,菊池 涼介,広島,大竹 耕太郎,阪神,7,7,4,0,0,1,0.5714,0.5714,0.7143,1.2857,はい,当該打者と投手のシーズン対戦成績。打席数が少ない値の解釈に注意。
2026,2026-08-16,菊池 涼介,広島,山﨑 伊織,巨人,7,5,2,1,2,0,0.4,0.5714,1.0,1.5714,はい,当該打者と投手のシーズン対戦成績。打席数が少ない値の解釈に注意。
2026,2026-08-16,菊池 涼介,広島,戸郷 翔征,巨人,7,5,1,0,1,1,0.2,0.3333,0.2,0.5333,はい,当該打者と投手のシーズン対戦成績。打席数が少ない値の解釈に注意。
2026,2026-08-16,菊池 涼介,広島,松本 健吾,ヤクルト,7,6,1,0,1,1,0.1667,0.2857,0.1667,0.4524,はい,当該打者と投手のシーズン対戦成績。打席数が少ない値の解釈に注意。
2026,2026-08-16,菊池 涼介,広島,金丸 夢斗,中日,7,7,3,0,0,2,0.4286,0.4286,0.5714,1.0,はい,当該打者と投手のシーズン対戦成績。打席数が少ない値の解釈に注意。
2026,2026-08-16,菊池 涼介,広島,高橋 奎二,ヤクルト,7,5,2,0,0,1,0.4,0.4,0.6,1.0,はい,当該打者と投手のシーズン対戦成績。打席数が少ない値の解釈に注意。
2026,2026-08-16,菊池 涼介,広島,マラー,中日,6,5,2,0,1,1,0.4,0.5,0.6,1.1,はい,当該打者と投手のシーズン対戦成績。打席数が少ない値の解釈に注意。
2026,2026-08-16,菊池 涼介,広島,井上 温大,巨人,6,6,1,0,0,3,0.1667,0.1667,0.1667,0.3334,はい,当該打者と投手のシーズン対戦成績。打席数が少ない値の解釈に注意。
2026,2026-08-16,菊池 涼介,広島,則本 昂大,巨人,6,6,4,0,0,1,0.6667,0.6667,0.6667,1.3334,はい,当該打者と投手のシーズン対戦成績。打席数が少ない値の解釈に注意。
2026,2026-08-16,菊池 涼介,広島,吉村 貢司郎,ヤクルト,6,6,0,0,0,0,0.0,0.0,0.0,0.0,はい,当該打者と投手のシーズン対戦成績。打席数が少ない値の解釈に注意。
2026,2026-08-16,菊池 涼介,広島,奥川 恭伸,ヤクルト,6,6,2,0,0,1,0.3333,0.3333,0.3333,0.6666,はい,当該打者と投手のシーズン対戦成績。打席数が少ない値の解釈に注意。
2026,2026-08-16,菊池 涼介,広島,平良 拳太郎,DeNA,6,6,1,0,0,3,0.1667,0.1667,0.1667,0.3334,はい,当該打者と投手のシーズン対戦成績。打席数が少ない値の解釈に注意。
2026,2026-08-16,菊池 涼介,広島,高梨 裕稔,ヤクルト,6,6,3,0,0,2,0.5,0.5,0.6667,1.1667,はい,当該打者と投手のシーズン対戦成績。打席数が少ない値の解釈に注意。
2026,2026-08-16,菊池 涼介,広島,伊勢 大夢,DeNA,5,4,1,0,1,2,0.25,0.4,0.25,0.65,はい,当該打者と投手のシーズン対戦成績。打席数が少ない値の解釈に注意。
2026,2026-08-16,菊池 涼介,広島,竹田 祐,DeNA,5,3,0,0,2,1,0.0,0.4,0.0,0.4,はい,当該打者と投手のシーズン対戦成績。打席数が少ない値の解釈に注意。
2026,2026-08-16,松本 剛,巨人,金丸 夢斗,中日,16,16,2,0,0,1,0.125,0.125,0.125,0.25,いいえ,当該打者と投手のシーズン対戦成績。打席数が少ない値の解釈に注意。
2026,2026-08-16,松本 剛,巨人,大野 雄大,中日,13,10,0,0,0,1,0.0,0.0,0.0,0.0,いいえ,当該打者と投手のシーズン対戦成績。打席数が少ない値の解釈に注意。
2026,2026-08-16,松本 剛,巨人,山野 太一,ヤクルト,13,12,3,0,1,3,0.25,0.3077,0.25,0.5577,いいえ,当該打者と投手のシーズン対戦成績。打席数が少ない値の解釈に注意。
2026,2026-08-16,松本 剛,巨人,才木 浩人,阪神,11,9,2,0,1,4,0.2222,0.3,0.4444,0.7444,いいえ,当該打者と投手のシーズン対戦成績。打席数が少ない値の解釈に注意。
2026,2026-08-16,松本 剛,巨人,髙橋 遥人,阪神,11,11,2,0,0,1,0.1818,0.1818,0.1818,0.3636,いいえ,当該打者と投手のシーズン対戦成績。打席数が少ない値の解釈に注意。
2026,2026-08-16,松本 剛,巨人,村上 頌樹,阪神,10,9,2,0,1,1,0.2222,0.3,0.2222,0.5222,いいえ,当該打者と投手のシーズン対戦成績。打席数が少ない値の解釈に注意。
2026,2026-08-16,松本 剛,巨人,奥川 恭伸,ヤクルト,9,8,2,0,1,0,0.25,0.3333,0.25,0.5833,はい,当該打者と投手のシーズン対戦成績。打席数が少ない値の解釈に注意。
2026,2026-08-16,松本 剛,巨人,涌井 秀章,中日,7,7,3,0,0,0,0.4286,0.4286,0.4286,0.8572,はい,当該打者と投手のシーズン対戦成績。打席数が少ない値の解釈に注意。
2026,2026-08-16,松本 剛,巨人,伊原 陵人,阪神,6,5,1,0,0,1,0.2,0.2,0.2,0.4,はい,当該打者と投手のシーズン対戦成績。打席数が少ない値の解釈に注意。
2026,2026-08-16,松本 剛,巨人,柳 裕也,中日,6,6,2,0,0,1,0.3333,0.3333,0.3333,0.6666,はい,当該打者と投手のシーズン対戦成績。打席数が少ない値の解釈に注意。
2026,2026-08-16,松本 剛,巨人,森 翔平,広島,6,6,3,0,0,0,0.5,0.5,0.5,1.0,はい,当該打者と投手のシーズン対戦成績。打席数が少ない値の解釈に注意。
2026,2026-08-16,松本 剛,巨人,玉村 昇悟,広島,6,6,3,0,0,2,0.5,0.5,0.5,1.0,はい,当該打者と投手のシーズン対戦成績。打席数が少ない値の解釈に注意。
2026,2026-08-16,松本 剛,巨人,松山 晋也,中日,5,5,1,0,0,0,0.2,0.2,0.2,0.4,はい,当該打者と投手のシーズン対戦成績。打席数が少ない値の解釈に注意。
2026,2026-08-16,石川 慎吾,ロッテ,田嶋 大樹,オリックス,5,4,1,1,0,0,0.25,0.4,1.0,1.4,はい,当該打者と投手のシーズン対戦成績。打席数が少ない値の解釈に注意。
2026,2026-08-16,近藤 健介,ソフトバンク,古謝 樹,楽天,21,16,8,0,5,0,0.5,0.619,0.5,1.119,いいえ,当該打者と投手のシーズン対戦成績。打席数が少ない値の解釈に注意。
2026,2026-08-16,近藤 健介,ソフトバンク,髙橋 光成,西武,20,16,3,1,4,2,0.1875,0.35,0.4375,0.7875,いいえ,当該打者と投手のシーズン対戦成績。打席数が少ない値の解釈に注意。
2026,2026-08-16,近藤 健介,ソフトバンク,伊藤 大海,日本ハム,18,17,6,2,0,3,0.3529,0.3889,0.7647,1.1536,いいえ,当該打者と投手のシーズン対戦成績。打席数が少ない値の解釈に注意。
2026,2026-08-16,近藤 健介,ソフトバンク,早川 隆久,楽天,16,15,3,0,1,1,0.2,0.25,0.2667,0.5167,いいえ,当該打者と投手のシーズン対戦成績。打席数が少ない値の解釈に注意。
2026,2026-08-16,近藤 健介,ソフトバンク,ジェリー,オリックス,11,10,0,0,1,2,0.0,0.0909,0.0,0.0909,いいえ,当該打者と投手のシーズン対戦成績。打席数が少ない値の解釈に注意。
2026,2026-08-16,近藤 健介,ソフトバンク,廣池 康志郎,ロッテ,10,10,4,1,0,0,0.4,0.4,0.7,1.1,いいえ,当該打者と投手のシーズン対戦成績。打席数が少ない値の解釈に注意。
2026,2026-08-16,近藤 健介,ソフトバンク,ウレーニャ,楽天,9,6,1,0,3,2,0.1667,0.4444,0.3333,0.7777,はい,当該打者と投手のシーズン対戦成績。打席数が少ない値の解釈に注意。
2026,2026-08-16,近藤 健介,ソフトバンク,ロング,ロッテ,9,8,2,0,1,0,0.25,0.3333,0.25,0.5833,はい,当該打者と投手のシーズン対戦成績。打席数が少ない値の解釈に注意。
2026,2026-08-16,近藤 健介,ソフトバンク,武内 夏暉,西武,9,9,3,1,0,2,0.3333,0.3333,0.6667,1.0,はい,当該打者と投手のシーズン対戦成績。打席数が少ない値の解釈に注意。
2026,2026-08-16,近藤 健介,ソフトバンク,渡邉 勇太朗,西武,9,5,2,0,4,1,0.4,0.6667,0.4,1.0667,はい,当該打者と投手のシーズン対戦成績。打席数が少ない値の解釈に注意。
2026,2026-08-16,近藤 健介,ソフトバンク,菅井 信也,西武,9,6,4,0,2,0,0.6667,0.7778,1.1667,1.9445,はい,当該打者と投手のシーズン対戦成績。打席数が少ない値の解釈に注意。
2026,2026-08-16,近藤 健介,ソフトバンク,達 孝太,日本ハム,9,8,4,0,1,1,0.5,0.5556,0.75,1.3056,はい,当該打者と投手のシーズン対戦成績。打席数が少ない値の解釈に注意。
2026,2026-08-16,近藤 健介,ソフトバンク,隅田 知一郎,西武,9,8,2,1,1,0,0.25,0.3333,0.625,0.9583,はい,当該打者と投手のシーズン対戦成績。打席数が少ない値の解釈に注意。
2026,2026-08-16,近藤 健介,ソフトバンク,北山 亘基,日本ハム,8,8,2,0,0,1,0.25,0.25,0.5,0.75,はい,当該打者と投手のシーズン対戦成績。打席数が少ない値の解釈に注意。
2026,2026-08-16,近藤 健介,ソフトバンク,田中 晴也,ロッテ,8,6,1,0,2,0,0.1667,0.375,0.1667,0.5417,はい,当該打者と投手のシーズン対戦成績。打席数が少ない値の解釈に注意。
2026,2026-08-16,近藤 健介,ソフトバンク,小島 和哉,ロッテ,7,5,3,1,2,0,0.6,0.7143,1.2,1.9143,はい,当該打者と投手のシーズン対戦成績。打席数が少ない値の解釈に注意。
2026,2026-08-16,近藤 健介,ソフトバンク,有原 航平,日本ハム,7,6,1,0,1,1,0.1667,0.2857,0.3333,0.619,はい,当該打者と投手のシーズン対戦成績。打席数が少ない値の解釈に注意。
2026,2026-08-16,近藤 健介,ソフトバンク,エスピノーザ,オリックス,6,5,1,0,1,1,0.2,0.3333,0.4,0.7333,はい,当該打者と投手のシーズン対戦成績。打席数が少ない値の解釈に注意。
2026,2026-08-16,近藤 健介,ソフトバンク,九里 亜蓮,オリックス,6,4,3,0,1,1,0.75,0.8333,0.75,1.5833,はい,当該打者と投手のシーズン対戦成績。打席数が少ない値の解釈に注意。
2026,2026-08-16,近藤 健介,ソフトバンク,鈴木 昭汰,ロッテ,6,6,0,0,0,2,0.0,0.0,0.0,0.0,はい,当該打者と投手のシーズン対戦成績。打席数が少ない値の解釈に注意。
2026,2026-08-16,近藤 健介,ソフトバンク,髙島 泰都,オリックス,6,5,4,1,0,1,0.8,0.8333,1.6,2.4333,はい,当該打者と投手のシーズン対戦成績。打席数が少ない値の解釈に注意。
2026,2026-08-16,近藤 健介,ソフトバンク,柴田 大地,楽天,5,3,0,0,2,0,0.0,0.4,0.0,0.4,はい,当該打者と投手のシーズン対戦成績。打席数が少ない値の解釈に注意。
2026,2026-08-16,近藤 健介,ソフトバンク,毛利 海大,ロッテ,5,5,0,0,0,1,0.0,0.0,0.0,0.0,はい,当該打者と投手のシーズン対戦成績。打席数が少ない値の解釈に注意。
2026,2026-08-16,近藤 健介,ソフトバンク,益田 直也,ロッテ,5,5,1,0,0,0,0.2,0.2,0.4,0.6,はい,当該打者と投手のシーズン対戦成績。打席数が少ない値の解釈に注意。
2026,2026-08-16,近藤 健介,ソフトバンク,細野 晴希,日本ハム,5,4,1,0,1,1,0.25,0.4,0.25,0.65,はい,当該打者と投手のシーズン対戦成績。打席数が少ない値の解釈に注意。
2026,2026-08-16,近藤 健介,ソフトバンク,鈴木 翔天,楽天,5,5,0,0,0,3,0.0,0.0,0.0,0.0,はい,当該打者と投手のシーズン対戦成績。打席数が少ない値の解釈に注意。
2026,2026-08-16,鈴木 大地,楽天,九里 亜蓮,オリックス,5,5,1,0,0,0,0.2,0.2,0.2,0.4,はい,当該打者と投手のシーズン対戦成績。打席数が少ない値の解釈に注意。
2026,2026-08-16,宮﨑 敏郎,DeNA,金丸 夢斗,中日,15,12,4,1,1,2,0.3333,0.4,0.5833,0.9833,いいえ,当該打者と投手のシーズン対戦成績。打席数が少ない値の解釈に注意。
2026,2026-08-16,宮﨑 敏郎,DeNA,床田 寛樹,広島,10,10,0,0,0,1,0.0,0.0,0.0,0.0,いいえ,当該打者と投手のシーズン対戦成績。打席数が少ない値の解釈に注意。
2026,2026-08-16,宮﨑 敏郎,DeNA,マラー,中日,9,9,3,0,0,1,0.3333,0.3333,0.4444,0.7777,はい,当該打者と投手のシーズン対戦成績。打席数が少ない値の解釈に注意。
2026,2026-08-16,宮﨑 敏郎,DeNA,井上 温大,巨人,8,8,1,0,0,1,0.125,0.125,0.125,0.25,はい,当該打者と投手のシーズン対戦成績。打席数が少ない値の解釈に注意。
2026,2026-08-16,宮﨑 敏郎,DeNA,村上 頌樹,阪神,8,7,3,1,1,2,0.4286,0.5,1.0,1.5,はい,当該打者と投手のシーズン対戦成績。打席数が少ない値の解釈に注意。
2026,2026-08-16,宮﨑 敏郎,DeNA,大竹 耕太郎,阪神,7,6,2,0,1,0,0.3333,0.4286,0.3333,0.7619,はい,当該打者と投手のシーズン対戦成績。打席数が少ない値の解釈に注意。
2026,2026-08-16,宮﨑 敏郎,DeNA,髙橋 遥人,阪神,7,7,1,0,0,2,0.1429,0.1429,0.1429,0.2858,はい,当該打者と投手のシーズン対戦成績。打席数が少ない値の解釈に注意。
2026,2026-08-16,宮﨑 敏郎,DeNA,吉村 貢司郎,ヤクルト,6,6,0,0,0,1,0.0,0.0,0.0,0.0,はい,当該打者と投手のシーズン対戦成績。打席数が少ない値の解釈に注意。
2026,2026-08-16,宮﨑 敏郎,DeNA,小川 泰弘,ヤクルト,6,4,1,0,1,0,0.25,0.5,0.25,0.75,はい,当該打者と投手のシーズン対戦成績。打席数が少ない値の解釈に注意。
2026,2026-08-16,宮﨑 敏郎,DeNA,才木 浩人,阪神,6,5,2,0,1,1,0.4,0.5,0.4,0.9,はい,当該打者と投手のシーズン対戦成績。打席数が少ない値の解釈に注意。
2026,2026-08-16,宮﨑 敏郎,DeNA,森下 暢仁,広島,6,6,1,0,0,2,0.1667,0.1667,0.3333,0.5,はい,当該打者と投手のシーズン対戦成績。打席数が少ない値の解釈に注意。
2026,2026-08-16,宮﨑 敏郎,DeNA,竹丸 和幸,巨人,6,6,0,0,0,1,0.0,0.0,0.0,0.0,はい,当該打者と投手のシーズン対戦成績。打席数が少ない値の解釈に注意。
2026,2026-08-16,宮﨑 敏郎,DeNA,高橋 奎二,ヤクルト,6,6,4,1,0,0,0.6667,0.6667,1.3333,2.0,はい,当該打者と投手のシーズン対戦成績。打席数が少ない値の解釈に注意。
2026,2026-08-16,宮﨑 敏郎,DeNA,中西 聖輝,中日,5,4,1,0,1,1,0.25,0.4,0.25,0.65,はい,当該打者と投手のシーズン対戦成績。打席数が少ない値の解釈に注意。
2026,2026-08-16,宮﨑 敏郎,DeNA,岡本 駿,広島,5,5,2,0,0,0,0.4,0.4,0.6,1.0,はい,当該打者と投手のシーズン対戦成績。打席数が少ない値の解釈に注意。
2026,2026-08-16,伏見 寅威,阪神,髙橋 宏斗,中日,8,7,0,0,0,2,0.0,0.0,0.0,0.0,はい,当該打者と投手のシーズン対戦成績。打席数が少ない値の解釈に注意。
2026,2026-08-16,伏見 寅威,阪神,マラー,中日,5,5,0,0,0,2,0.0,0.0,0.0,0.0,はい,当該打者と投手のシーズン対戦成績。打席数が少ない値の解釈に注意。
2026,2026-08-16,上川畑 大悟,日本ハム,荘司 康誠,楽天,5,5,2,0,0,0,0.4,0.4,0.4,0.8,はい,当該打者と投手のシーズン対戦成績。打席数が少ない値の解釈に注意。
2026,2026-08-16,上川畑 大悟,日本ハム,髙島 泰都,オリックス,5,4,1,0,0,1,0.25,0.25,0.25,0.5,はい,当該打者と投手のシーズン対戦成績。打席数が少ない値の解釈に注意。
2026,2026-08-16,森 友哉,オリックス,ジャクソン,ロッテ,12,11,2,0,1,4,0.1818,0.25,0.1818,0.4318,いいえ,当該打者と投手のシーズン対戦成績。打席数が少ない値の解釈に注意。
2026,2026-08-16,森 友哉,オリックス,隅田 知一郎,西武,12,12,4,0,0,1,0.3333,0.3333,0.3333,0.6666,いいえ,当該打者と投手のシーズン対戦成績。打席数が少ない値の解釈に注意。
2026,2026-08-16,森 友哉,オリックス,加藤 貴之,日本ハム,9,9,1,0,0,2,0.1111,0.1111,0.1111,0.2222,はい,当該打者と投手のシーズン対戦成績。打席数が少ない値の解釈に注意。
2026,2026-08-16,森 友哉,オリックス,荘司 康誠,楽天,9,9,1,0,0,2,0.1111,0.1111,0.2222,0.3333,はい,当該打者と投手のシーズン対戦成績。打席数が少ない値の解釈に注意。
2026,2026-08-16,森 友哉,オリックス,北山 亘基,日本ハム,8,7,1,0,1,1,0.1429,0.25,0.1429,0.3929,はい,当該打者と投手のシーズン対戦成績。打席数が少ない値の解釈に注意。
2026,2026-08-16,森 友哉,オリックス,廣池 康志郎,ロッテ,8,5,1,1,3,2,0.2,0.5,0.8,1.3,はい,当該打者と投手のシーズン対戦成績。打席数が少ない値の解釈に注意。
2026,2026-08-16,森 友哉,オリックス,髙橋 光成,西武,8,6,2,1,1,0,0.3333,0.5,0.8333,1.3333,はい,当該打者と投手のシーズン対戦成績。打席数が少ない値の解釈に注意。
2026,2026-08-16,森 友哉,オリックス,瀧中 瞭太,楽天,7,6,1,0,1,3,0.1667,0.2857,0.3333,0.619,はい,当該打者と投手のシーズン対戦成績。打席数が少ない値の解釈に注意。
2026,2026-08-16,森 友哉,オリックス,上沢 直之,ソフトバンク,6,6,1,0,0,3,0.1667,0.1667,0.1667,0.3334,はい,当該打者と投手のシーズン対戦成績。打席数が少ない値の解釈に注意。
2026,2026-08-16,森 友哉,オリックス,岸 孝之,楽天,6,6,0,0,0,1,0.0,0.0,0.0,0.0,はい,当該打者と投手のシーズン対戦成績。打席数が少ない値の解釈に注意。
2026,2026-08-16,森 友哉,オリックス,松本 晴,ソフトバンク,6,6,1,1,0,3,0.1667,0.1667,0.6667,0.8334,はい,当該打者と投手のシーズン対戦成績。打席数が少ない値の解釈に注意。
2026,2026-08-16,森 友哉,オリックス,伊藤 大海,日本ハム,5,4,1,0,1,0,0.25,0.4,0.25,0.65,はい,当該打者と投手のシーズン対戦成績。打席数が少ない値の解釈に注意。
2026,2026-08-16,森 友哉,オリックス,有原 航平,日本ハム,5,5,1,0,0,0,0.2,0.2,0.2,0.4,はい,当該打者と投手のシーズン対戦成績。打席数が少ない値の解釈に注意。
2026,2026-08-16,森 友哉,オリックス,菅井 信也,西武,5,3,1,0,2,1,0.3333,0.6,0.3333,0.9333,はい,当該打者と投手のシーズン対戦成績。打席数が少ない値の解釈に注意。
2026,2026-08-16,森 友哉,オリックス,達 孝太,日本ハム,5,4,1,1,1,2,0.25,0.4,1.0,1.4,はい,当該打者と投手のシーズン対戦成績。打席数が少ない値の解釈に注意。
2026,2026-08-16,山川 穂高,ソフトバンク,古謝 樹,楽天,11,9,1,0,2,0,0.1111,0.2727,0.1111,0.3838,いいえ,当該打者と投手のシーズン対戦成績。打席数が少ない値の解釈に注意。
2026,2026-08-16,山川 穂高,ソフトバンク,髙橋 光成,西武,11,10,0,0,1,3,0.0,0.0909,0.0,0.0909,いいえ,当該打者と投手のシーズン対戦成績。打席数が少ない値の解釈に注意。
2026,2026-08-16,山川 穂高,ソフトバンク,ウレーニャ,楽天,6,6,2,1,0,2,0.3333,0.3333,0.8333,1.1666,はい,当該打者と投手のシーズン対戦成績。打席数が少ない値の解釈に注意。
2026,2026-08-16,山川 穂高,ソフトバンク,伊藤 大海,日本ハム,6,3,1,1,3,1,0.3333,0.6667,1.3333,2.0,はい,当該打者と投手のシーズン対戦成績。打席数が少ない値の解釈に注意。
2026,2026-08-16,山川 穂高,ソフトバンク,早川 隆久,楽天,6,4,0,0,2,2,0.0,0.3333,0.0,0.3333,はい,当該打者と投手のシーズン対戦成績。打席数が少ない値の解釈に注意。
2026,2026-08-16,山川 穂高,ソフトバンク,有原 航平,日本ハム,6,5,2,0,0,1,0.4,0.5,0.4,0.9,はい,当該打者と投手のシーズン対戦成績。打席数が少ない値の解釈に注意。
2026,2026-08-16,山川 穂高,ソフトバンク,渡邉 勇太朗,西武,6,5,0,0,0,2,0.0,0.0,0.0,0.0,はい,当該打者と投手のシーズン対戦成績。打席数が少ない値の解釈に注意。
2026,2026-08-16,山川 穂高,ソフトバンク,隅田 知一郎,西武,6,6,1,1,0,0,0.1667,0.1667,0.6667,0.8334,はい,当該打者と投手のシーズン対戦成績。打席数が少ない値の解釈に注意。
2026,2026-08-16,山川 穂高,ソフトバンク,ジェリー,オリックス,5,5,1,0,0,2,0.2,0.2,0.2,0.4,はい,当該打者と投手のシーズン対戦成績。打席数が少ない値の解釈に注意。
2026,2026-08-16,山川 穂高,ソフトバンク,九里 亜蓮,オリックス,5,3,0,0,2,0,0.0,0.4,0.0,0.4,はい,当該打者と投手のシーズン対戦成績。打席数が少ない値の解釈に注意。
2026,2026-08-16,山川 穂高,ソフトバンク,毛利 海大,ロッテ,5,4,1,0,1,1,0.25,0.4,0.25,0.65,はい,当該打者と投手のシーズン対戦成績。打席数が少ない値の解釈に注意。
2026,2026-08-16,山川 穂高,ソフトバンク,田中 晴也,ロッテ,5,4,2,2,0,1,0.5,0.6,2.0,2.6,はい,当該打者と投手のシーズン対戦成績。打席数が少ない値の解釈に注意。
2026,2026-08-16,山川 穂高,ソフトバンク,菅井 信也,西武,5,4,0,0,1,1,0.0,0.2,0.0,0.2,はい,当該打者と投手のシーズン対戦成績。打席数が少ない値の解釈に注意。
2026,2026-08-16,若月 健矢,オリックス,隅田 知一郎,西武,11,10,3,0,1,1,0.3,0.3636,0.4,0.7636,いいえ,当該打者と投手のシーズン対戦成績。打席数が少ない値の解釈に注意。
2026,2026-08-16,若月 健矢,オリックス,加藤 貴之,日本ハム,10,9,2,0,1,1,0.2222,0.3,0.2222,0.5222,いいえ,当該打者と投手のシーズン対戦成績。打席数が少ない値の解釈に注意。
2026,2026-08-16,若月 健矢,オリックス,上沢 直之,ソフトバンク,8,8,1,1,0,2,0.125,0.125,0.5,0.625,はい,当該打者と投手のシーズン対戦成績。打席数が少ない値の解釈に注意。
2026,2026-08-16,若月 健矢,オリックス,廣池 康志郎,ロッテ,8,7,1,0,0,2,0.1429,0.1429,0.1429,0.2858,はい,当該打者と投手のシーズン対戦成績。打席数が少ない値の解釈に注意。
2026,2026-08-16,若月 健矢,オリックス,瀧中 瞭太,楽天,8,6,2,0,1,1,0.3333,0.375,0.3333,0.7083,はい,当該打者と投手のシーズン対戦成績。打席数が少ない値の解釈に注意。
2026,2026-08-16,若月 健矢,オリックス,荘司 康誠,楽天,8,8,2,0,0,4,0.25,0.25,0.25,0.5,はい,当該打者と投手のシーズン対戦成績。打席数が少ない値の解釈に注意。
2026,2026-08-16,若月 健矢,オリックス,達 孝太,日本ハム,8,6,1,0,0,4,0.1667,0.1667,0.1667,0.3334,はい,当該打者と投手のシーズン対戦成績。打席数が少ない値の解釈に注意。
2026,2026-08-16,若月 健矢,オリックス,北山 亘基,日本ハム,6,6,0,0,0,3,0.0,0.0,0.0,0.0,はい,当該打者と投手のシーズン対戦成績。打席数が少ない値の解釈に注意。
2026,2026-08-16,若月 健矢,オリックス,小島 和哉,ロッテ,5,5,1,0,0,0,0.2,0.2,0.2,0.4,はい,当該打者と投手のシーズン対戦成績。打席数が少ない値の解釈に注意。
2026,2026-08-16,若月 健矢,オリックス,有原 航平,日本ハム,5,5,1,0,0,2,0.2,0.2,0.2,0.4,はい,当該打者と投手のシーズン対戦成績。打席数が少ない値の解釈に注意。
2026,2026-08-16,若月 健矢,オリックス,渡邉 勇太朗,西武,5,5,2,0,0,0,0.4,0.4,0.6,1.0,はい,当該打者と投手のシーズン対戦成績。打席数が少ない値の解釈に注意。
2026,2026-08-16,清水 優心,日本ハム,古謝 樹,楽天,7,7,1,0,0,0,0.1429,0.1429,0.1429,0.2858,はい,当該打者と投手のシーズン対戦成績。打席数が少ない値の解釈に注意。
2026,2026-08-16,淺間 大基,日本ハム,荘司 康誠,楽天,6,6,1,0,0,3,0.1667,0.1667,0.1667,0.3334,はい,当該打者と投手のシーズン対戦成績。打席数が少ない値の解釈に注意。
2026,2026-08-16,淺間 大基,日本ハム,瀧中 瞭太,楽天,5,4,2,0,1,0,0.5,0.6,0.75,1.35,はい,当該打者と投手のシーズン対戦成績。打席数が少ない値の解釈に注意。
2026,2026-08-16,栗原 陵矢,ソフトバンク,古謝 樹,楽天,21,18,5,2,2,4,0.2778,0.381,0.6111,0.9921,いいえ,当該打者と投手のシーズン対戦成績。打席数が少ない値の解釈に注意。
2026,2026-08-16,栗原 陵矢,ソフトバンク,髙橋 光成,西武,20,16,2,1,4,5,0.125,0.3,0.3125,0.6125,いいえ,当該打者と投手のシーズン対戦成績。打席数が少ない値の解釈に注意。
2026,2026-08-16,栗原 陵矢,ソフトバンク,伊藤 大海,日本ハム,15,14,4,1,1,5,0.2857,0.3333,0.5714,0.9047,いいえ,当該打者と投手のシーズン対戦成績。打席数が少ない値の解釈に注意。
2026,2026-08-16,栗原 陵矢,ソフトバンク,早川 隆久,楽天,15,14,2,0,1,4,0.1429,0.2,0.1429,0.3429,いいえ,当該打者と投手のシーズン対戦成績。打席数が少ない値の解釈に注意。
2026,2026-08-16,栗原 陵矢,ソフトバンク,ジェリー,オリックス,11,9,2,0,2,2,0.2222,0.3636,0.3333,0.6969,いいえ,当該打者と投手のシーズン対戦成績。打席数が少ない値の解釈に注意。
2026,2026-08-16,栗原 陵矢,ソフトバンク,ロング,ロッテ,10,7,1,0,3,1,0.1429,0.4,0.1429,0.5429,いいえ,当該打者と投手のシーズン対戦成績。打席数が少ない値の解釈に注意。
2026,2026-08-16,栗原 陵矢,ソフトバンク,廣池 康志郎,ロッテ,10,7,2,0,3,0,0.2857,0.5,0.4286,0.9286,いいえ,当該打者と投手のシーズン対戦成績。打席数が少ない値の解釈に注意。
2026,2026-08-16,栗原 陵矢,ソフトバンク,ウレーニャ,楽天,9,7,2,1,2,2,0.2857,0.4444,0.7143,1.1587,はい,当該打者と投手のシーズン対戦成績。打席数が少ない値の解釈に注意。
2026,2026-08-16,栗原 陵矢,ソフトバンク,渡邉 勇太朗,西武,9,8,5,1,1,0,0.625,0.6667,1.0,1.6667,はい,当該打者と投手のシーズン対戦成績。打席数が少ない値の解釈に注意。
2026,2026-08-16,栗原 陵矢,ソフトバンク,菅井 信也,西武,9,7,2,1,2,2,0.2857,0.4444,0.8571,1.3015,はい,当該打者と投手のシーズン対戦成績。打席数が少ない値の解釈に注意。
2026,2026-08-16,栗原 陵矢,ソフトバンク,隅田 知一郎,西武,9,8,1,0,1,3,0.125,0.2222,0.25,0.4722,はい,当該打者と投手のシーズン対戦成績。打席数が少ない値の解釈に注意。
2026,2026-08-16,栗原 陵矢,ソフトバンク,九里 亜蓮,オリックス,8,7,0,0,1,1,0.0,0.125,0.0,0.125,はい,当該打者と投手のシーズン対戦成績。打席数が少ない値の解釈に注意。
2026,2026-08-16,栗原 陵矢,ソフトバンク,北山 亘基,日本ハム,8,8,2,0,0,2,0.25,0.25,0.25,0.5,はい,当該打者と投手のシーズン対戦成績。打席数が少ない値の解釈に注意。
2026,2026-08-16,栗原 陵矢,ソフトバンク,田中 晴也,ロッテ,8,7,1,0,1,1,0.1429,0.25,0.1429,0.3929,はい,当該打者と投手のシーズン対戦成績。打席数が少ない値の解釈に注意。
2026,2026-08-16,栗原 陵矢,ソフトバンク,小島 和哉,ロッテ,7,5,0,0,1,2,0.0,0.1429,0.0,0.1429,はい,当該打者と投手のシーズン対戦成績。打席数が少ない値の解釈に注意。
2026,2026-08-16,栗原 陵矢,ソフトバンク,田嶋 大樹,オリックス,7,5,2,1,1,0,0.4,0.5714,1.4,1.9714,はい,当該打者と投手のシーズン対戦成績。打席数が少ない値の解釈に注意。
2026,2026-08-16,栗原 陵矢,ソフトバンク,達 孝太,日本ハム,7,6,0,0,1,3,0.0,0.1429,0.0,0.1429,はい,当該打者と投手のシーズン対戦成績。打席数が少ない値の解釈に注意。
2026,2026-08-16,栗原 陵矢,ソフトバンク,エスピノーザ,オリックス,6,5,0,0,1,1,0.0,0.1667,0.0,0.1667,はい,当該打者と投手のシーズン対戦成績。打席数が少ない値の解釈に注意。
2026,2026-08-16,栗原 陵矢,ソフトバンク,有原 航平,日本ハム,6,5,1,0,1,1,0.2,0.3333,0.4,0.7333,はい,当該打者と投手のシーズン対戦成績。打席数が少ない値の解釈に注意。
2026,2026-08-16,栗原 陵矢,ソフトバンク,武内 夏暉,西武,6,4,1,1,1,0,0.25,0.5,1.0,1.5,はい,当該打者と投手のシーズン対戦成績。打席数が少ない値の解釈に注意。
2026,2026-08-16,栗原 陵矢,ソフトバンク,藤井 聖,楽天,6,5,2,1,0,1,0.4,0.3333,1.2,1.5333,はい,当該打者と投手のシーズン対戦成績。打席数が少ない値の解釈に注意。
2026,2026-08-16,栗原 陵矢,ソフトバンク,毛利 海大,ロッテ,5,4,3,2,1,1,0.75,0.8,2.25,3.05,はい,当該打者と投手のシーズン対戦成績。打席数が少ない値の解釈に注意。
2026,2026-08-16,栗原 陵矢,ソフトバンク,細野 晴希,日本ハム,5,3,0,0,0,1,0.0,0.4,0.0,0.4,はい,当該打者と投手のシーズン対戦成績。打席数が少ない値の解釈に注意。
2026,2026-08-16,栗原 陵矢,ソフトバンク,髙島 泰都,オリックス,5,5,2,0,0,1,0.4,0.4,0.4,0.8,はい,当該打者と投手のシーズン対戦成績。打席数が少ない値の解釈に注意。
2026,2026-08-16,加藤 匠馬,中日,入江 大生,DeNA,5,5,0,0,0,1,0.0,0.0,0.0,0.0,はい,当該打者と投手のシーズン対戦成績。打席数が少ない値の解釈に注意。
2026,2026-08-16,加藤 匠馬,中日,竹丸 和幸,巨人,5,5,1,0,0,2,0.2,0.2,0.2,0.4,はい,当該打者と投手のシーズン対戦成績。打席数が少ない値の解釈に注意。
2026,2026-08-16,加藤 匠馬,中日,髙橋 遥人,阪神,5,4,1,0,1,1,0.25,0.4,0.25,0.65,はい,当該打者と投手のシーズン対戦成績。打席数が少ない値の解釈に注意。
2026,2026-08-16,野間 峻祥,広島,村上 頌樹,阪神,14,13,4,0,1,3,0.3077,0.3571,0.3846,0.7417,いいえ,当該打者と投手のシーズン対戦成績。打席数が少ない値の解釈に注意。
2026,2026-08-16,野間 峻祥,広島,松本 健吾,ヤクルト,6,6,2,0,0,1,0.3333,0.3333,0.3333,0.6666,はい,当該打者と投手のシーズン対戦成績。打席数が少ない値の解釈に注意。
2026,2026-08-16,野間 峻祥,広島,竹田 祐,DeNA,5,4,1,0,1,1,0.25,0.4,0.25,0.65,はい,当該打者と投手のシーズン対戦成績。打席数が少ない値の解釈に注意。
2026,2026-08-16,野間 峻祥,広島,高梨 裕稔,ヤクルト,5,4,1,0,1,0,0.25,0.4,0.25,0.65,はい,当該打者と投手のシーズン対戦成績。打席数が少ない値の解釈に注意。
2026,2026-08-16,外崎 修汰,西武,小島 和哉,ロッテ,5,3,0,0,0,0,0.0,0.2,0.0,0.2,はい,当該打者と投手のシーズン対戦成績。打席数が少ない値の解釈に注意。
2026,2026-08-16,外崎 修汰,西武,岸 孝之,楽天,5,5,2,0,0,1,0.4,0.4,0.4,0.8,はい,当該打者と投手のシーズン対戦成績。打席数が少ない値の解釈に注意。
2026,2026-08-16,宗 佑磨,オリックス,ジャクソン,ロッテ,17,15,3,0,2,0,0.2,0.2941,0.2667,0.5608,いいえ,当該打者と投手のシーズン対戦成績。打席数が少ない値の解釈に注意。
2026,2026-08-16,宗 佑磨,オリックス,有原 航平,日本ハム,16,15,5,1,0,1,0.3333,0.3125,0.6,0.9125,いいえ,当該打者と投手のシーズン対戦成績。打席数が少ない値の解釈に注意。
2026,2026-08-16,宗 佑磨,オリックス,隅田 知一郎,西武,15,14,4,0,0,2,0.2857,0.2857,0.4286,0.7143,いいえ,当該打者と投手のシーズン対戦成績。打席数が少ない値の解釈に注意。
2026,2026-08-16,宗 佑磨,オリックス,瀧中 瞭太,楽天,14,12,2,0,1,1,0.1667,0.2857,0.25,0.5357,いいえ,当該打者と投手のシーズン対戦成績。打席数が少ない値の解釈に注意。
2026,2026-08-16,宗 佑磨,オリックス,加藤 貴之,日本ハム,12,11,2,0,0,0,0.1818,0.1667,0.1818,0.3485,いいえ,当該打者と投手のシーズン対戦成績。打席数が少ない値の解釈に注意。
2026,2026-08-16,宗 佑磨,オリックス,廣池 康志郎,ロッテ,12,11,1,0,1,5,0.0909,0.1667,0.0909,0.2576,いいえ,当該打者と投手のシーズン対戦成績。打席数が少ない値の解釈に注意。
2026,2026-08-16,宗 佑磨,オリックス,上沢 直之,ソフトバンク,11,9,2,0,1,1,0.2222,0.2727,0.2222,0.4949,いいえ,当該打者と投手のシーズン対戦成績。打席数が少ない値の解釈に注意。
2026,2026-08-16,宗 佑磨,オリックス,髙橋 光成,西武,11,9,3,0,2,0,0.3333,0.4545,0.3333,0.7878,いいえ,当該打者と投手のシーズン対戦成績。打席数が少ない値の解釈に注意。
2026,2026-08-16,宗 佑磨,オリックス,達 孝太,日本ハム,10,9,2,2,1,2,0.2222,0.3,0.8889,1.1889,いいえ,当該打者と投手のシーズン対戦成績。打席数が少ない値の解釈に注意。
2026,2026-08-16,宗 佑磨,オリックス,松本 晴,ソフトバンク,9,6,3,0,2,0,0.5,0.6667,0.5,1.1667,はい,当該打者と投手のシーズン対戦成績。打席数が少ない値の解釈に注意。
2026,2026-08-16,宗 佑磨,オリックス,伊藤 大海,日本ハム,7,7,2,0,0,3,0.2857,0.2857,0.4286,0.7143,はい,当該打者と投手のシーズン対戦成績。打席数が少ない値の解釈に注意。
2026,2026-08-16,宗 佑磨,オリックス,荘司 康誠,楽天,7,7,0,0,0,2,0.0,0.0,0.0,0.0,はい,当該打者と投手のシーズン対戦成績。打席数が少ない値の解釈に注意。
2026,2026-08-16,宗 佑磨,オリックス,西野 勇士,ロッテ,6,4,1,0,2,0,0.25,0.5,0.25,0.75,はい,当該打者と投手のシーズン対戦成績。打席数が少ない値の解釈に注意。
2026,2026-08-16,宗 佑磨,オリックス,ロング,ロッテ,5,4,1,0,0,2,0.25,0.4,0.5,0.9,はい,当該打者と投手のシーズン対戦成績。打席数が少ない値の解釈に注意。
2026,2026-08-16,宗 佑磨,オリックス,岸 孝之,楽天,5,5,0,0,0,0,0.0,0.0,0.0,0.0,はい,当該打者と投手のシーズン対戦成績。打席数が少ない値の解釈に注意。
2026,2026-08-16,西野 真弘,オリックス,北山 亘基,日本ハム,12,12,3,0,0,1,0.25,0.25,0.25,0.5,いいえ,当該打者と投手のシーズン対戦成績。打席数が少ない値の解釈に注意。
2026,2026-08-16,西野 真弘,オリックス,髙橋 光成,西武,8,7,4,0,1,0,0.5714,0.625,0.5714,1.1964,はい,当該打者と投手のシーズン対戦成績。打席数が少ない値の解釈に注意。
2026,2026-08-16,西野 真弘,オリックス,伊藤 大海,日本ハム,6,6,1,0,0,1,0.1667,0.1667,0.1667,0.3334,はい,当該打者と投手のシーズン対戦成績。打席数が少ない値の解釈に注意。
2026,2026-08-16,ポランコ,ロッテ,平良 海馬,西武,8,8,3,0,0,2,0.375,0.375,0.5,0.875,はい,当該打者と投手のシーズン対戦成績。打席数が少ない値の解釈に注意。
2026,2026-08-16,ポランコ,ロッテ,髙島 泰都,オリックス,8,8,1,0,0,3,0.125,0.125,0.25,0.375,はい,当該打者と投手のシーズン対戦成績。打席数が少ない値の解釈に注意。
2026,2026-08-16,ポランコ,ロッテ,上沢 直之,ソフトバンク,7,7,2,0,0,1,0.2857,0.2857,0.4286,0.7143,はい,当該打者と投手のシーズン対戦成績。打席数が少ない値の解釈に注意。
2026,2026-08-16,ポランコ,ロッテ,荘司 康誠,楽天,7,7,1,0,0,3,0.1429,0.1429,0.1429,0.2858,はい,当該打者と投手のシーズン対戦成績。打席数が少ない値の解釈に注意。
2026,2026-08-16,ポランコ,ロッテ,武内 夏暉,西武,6,6,0,0,0,1,0.0,0.0,0.0,0.0,はい,当該打者と投手のシーズン対戦成績。打席数が少ない値の解釈に注意。
2026,2026-08-16,ポランコ,ロッテ,渡邉 勇太朗,西武,6,3,1,0,3,0,0.3333,0.6667,0.6667,1.3334,はい,当該打者と投手のシーズン対戦成績。打席数が少ない値の解釈に注意。
2026,2026-08-16,廣岡 大志,オリックス,隅田 知一郎,西武,5,4,2,0,0,1,0.5,0.4,0.5,0.9,はい,当該打者と投手のシーズン対戦成績。打席数が少ない値の解釈に注意。
2026,2026-08-16,増田 大輝,巨人,金丸 夢斗,中日,5,4,3,0,0,1,0.75,0.75,0.75,1.5,はい,当該打者と投手のシーズン対戦成績。打席数が少ない値の解釈に注意。
2026,2026-08-16,戸柱 恭孝,DeNA,奥川 恭伸,ヤクルト,5,4,1,0,1,0,0.25,0.4,0.25,0.65,はい,当該打者と投手のシーズン対戦成績。打席数が少ない値の解釈に注意。
2026,2026-08-16,木下 拓哉,中日,山野 太一,ヤクルト,5,5,1,0,0,1,0.2,0.2,0.2,0.4,はい,当該打者と投手のシーズン対戦成績。打席数が少ない値の解釈に注意。
2026,2026-08-16,木下 拓哉,中日,村上 頌樹,阪神,5,5,1,0,0,1,0.2,0.2,0.2,0.4,はい,当該打者と投手のシーズン対戦成績。打席数が少ない値の解釈に注意。
2026,2026-08-16,阿部 寿樹,中日,東 克樹,DeNA,6,4,1,1,2,1,0.25,0.5,1.0,1.5,はい,当該打者と投手のシーズン対戦成績。打席数が少ない値の解釈に注意。
2026,2026-08-16,坂本 誠志郎,阪神,柳 裕也,中日,10,10,1,0,0,3,0.1,0.1,0.2,0.3,いいえ,当該打者と投手のシーズン対戦成績。打席数が少ない値の解釈に注意。
2026,2026-08-16,坂本 誠志郎,阪神,床田 寛樹,広島,7,4,1,0,2,2,0.25,0.4286,0.5,0.9286,はい,当該打者と投手のシーズン対戦成績。打席数が少ない値の解釈に注意。
2026,2026-08-16,坂本 誠志郎,阪神,森 翔平,広島,7,5,1,0,2,2,0.2,0.4286,0.2,0.6286,はい,当該打者と投手のシーズン対戦成績。打席数が少ない値の解釈に注意。
2026,2026-08-16,坂本 誠志郎,阪神,栗林 良吏,広島,6,6,1,0,0,2,0.1667,0.1667,0.1667,0.3334,はい,当該打者と投手のシーズン対戦成績。打席数が少ない値の解釈に注意。
2026,2026-08-16,坂本 誠志郎,阪神,田中 将大,巨人,6,6,1,0,0,1,0.1667,0.1667,0.1667,0.3334,はい,当該打者と投手のシーズン対戦成績。打席数が少ない値の解釈に注意。
2026,2026-08-16,坂本 誠志郎,阪神,ターノック,広島,5,4,1,0,1,0,0.25,0.4,0.25,0.65,はい,当該打者と投手のシーズン対戦成績。打席数が少ない値の解釈に注意。
2026,2026-08-16,坂本 誠志郎,阪神,マラー,中日,5,5,1,0,0,2,0.2,0.2,0.2,0.4,はい,当該打者と投手のシーズン対戦成績。打席数が少ない値の解釈に注意。
2026,2026-08-16,坂本 誠志郎,阪神,吉村 貢司郎,ヤクルト,5,5,1,0,0,0,0.2,0.2,0.2,0.4,はい,当該打者と投手のシーズン対戦成績。打席数が少ない値の解釈に注意。
2026,2026-08-16,坂本 誠志郎,阪神,篠木 健太郎,DeNA,5,5,1,0,0,2,0.2,0.2,0.4,0.6,はい,当該打者と投手のシーズン対戦成績。打席数が少ない値の解釈に注意。
2026,2026-08-16,坂本 誠志郎,阪神,高橋 奎二,ヤクルト,5,5,3,1,0,2,0.6,0.6,1.2,1.8,はい,当該打者と投手のシーズン対戦成績。打席数が少ない値の解釈に注意。
2026,2026-08-16,板山 祐太郎,中日,奥川 恭伸,ヤクルト,9,6,2,0,3,0,0.3333,0.5556,0.5,1.0556,はい,当該打者と投手のシーズン対戦成績。打席数が少ない値の解釈に注意。
2026,2026-08-16,板山 祐太郎,中日,吉村 貢司郎,ヤクルト,6,6,1,0,0,2,0.1667,0.1667,0.1667,0.3334,はい,当該打者と投手のシーズン対戦成績。打席数が少ない値の解釈に注意。
2026,2026-08-16,板山 祐太郎,中日,才木 浩人,阪神,6,6,2,0,0,4,0.3333,0.3333,0.3333,0.6666,はい,当該打者と投手のシーズン対戦成績。打席数が少ない値の解釈に注意。
2026,2026-08-16,板山 祐太郎,中日,松本 健吾,ヤクルト,6,6,1,0,0,1,0.1667,0.1667,0.1667,0.3334,はい,当該打者と投手のシーズン対戦成績。打席数が少ない値の解釈に注意。
2026,2026-08-16,板山 祐太郎,中日,尾形 崇斗,DeNA,5,4,1,0,1,2,0.25,0.4,0.5,0.9,はい,当該打者と投手のシーズン対戦成績。打席数が少ない値の解釈に注意。
2026,2026-08-16,板山 祐太郎,中日,平良 拳太郎,DeNA,5,5,1,0,0,1,0.2,0.2,0.2,0.4,はい,当該打者と投手のシーズン対戦成績。打席数が少ない値の解釈に注意。
2026,2026-08-16,板山 祐太郎,中日,栗林 良吏,広島,5,5,1,0,0,2,0.2,0.2,0.2,0.4,はい,当該打者と投手のシーズン対戦成績。打席数が少ない値の解釈に注意。
2026,2026-08-16,板山 祐太郎,中日,田中 瑛斗,巨人,5,4,1,0,1,0,0.25,0.4,0.5,0.9,はい,当該打者と投手のシーズン対戦成績。打席数が少ない値の解釈に注意。
2026,2026-08-16,西川 龍馬,オリックス,隅田 知一郎,西武,19,19,8,0,0,2,0.4211,0.4211,0.5263,0.9474,いいえ,当該打者と投手のシーズン対戦成績。打席数が少ない値の解釈に注意。
2026,2026-08-16,西川 龍馬,オリックス,ジャクソン,ロッテ,16,15,6,0,1,2,0.4,0.4375,0.5333,0.9708,いいえ,当該打者と投手のシーズン対戦成績。打席数が少ない値の解釈に注意。
2026,2026-08-16,西川 龍馬,オリックス,北山 亘基,日本ハム,14,14,6,0,0,2,0.4286,0.4286,0.4286,0.8572,いいえ,当該打者と投手のシーズン対戦成績。打席数が少ない値の解釈に注意。
2026,2026-08-16,西川 龍馬,オリックス,有原 航平,日本ハム,14,14,3,1,0,0,0.2143,0.2143,0.4286,0.6429,いいえ,当該打者と投手のシーズン対戦成績。打席数が少ない値の解釈に注意。
2026,2026-08-16,西川 龍馬,オリックス,瀧中 瞭太,楽天,14,14,4,2,0,0,0.2857,0.2857,0.7857,1.0714,いいえ,当該打者と投手のシーズン対戦成績。打席数が少ない値の解釈に注意。
2026,2026-08-16,西川 龍馬,オリックス,上沢 直之,ソフトバンク,13,13,4,0,0,0,0.3077,0.3077,0.3846,0.6923,いいえ,当該打者と投手のシーズン対戦成績。打席数が少ない値の解釈に注意。
2026,2026-08-16,西川 龍馬,オリックス,加藤 貴之,日本ハム,12,12,4,0,0,0,0.3333,0.3333,0.4167,0.75,いいえ,当該打者と投手のシーズン対戦成績。打席数が少ない値の解釈に注意。
2026,2026-08-16,西川 龍馬,オリックス,廣池 康志郎,ロッテ,12,11,3,1,0,1,0.2727,0.25,0.7273,0.9773,いいえ,当該打者と投手のシーズン対戦成績。打席数が少ない値の解釈に注意。
2026,2026-08-16,西川 龍馬,オリックス,荘司 康誠,楽天,12,12,4,0,0,3,0.3333,0.3333,0.6667,1.0,いいえ,当該打者と投手のシーズン対戦成績。打席数が少ない値の解釈に注意。
2026,2026-08-16,西川 龍馬,オリックス,髙橋 光成,西武,11,10,2,0,1,2,0.2,0.2727,0.3,0.5727,いいえ,当該打者と投手のシーズン対戦成績。打席数が少ない値の解釈に注意。
2026,2026-08-16,西川 龍馬,オリックス,松本 晴,ソフトバンク,10,10,2,0,0,3,0.2,0.2,0.2,0.4,いいえ,当該打者と投手のシーズン対戦成績。打席数が少ない値の解釈に注意。
2026,2026-08-16,西川 龍馬,オリックス,達 孝太,日本ハム,9,9,3,0,0,2,0.3333,0.3333,0.3333,0.6666,はい,当該打者と投手のシーズン対戦成績。打席数が少ない値の解釈に注意。
2026,2026-08-16,西川 龍馬,オリックス,伊藤 大海,日本ハム,7,7,2,0,0,1,0.2857,0.2857,0.4286,0.7143,はい,当該打者と投手のシーズン対戦成績。打席数が少ない値の解釈に注意。
2026,2026-08-16,西川 龍馬,オリックス,ロング,ロッテ,6,6,1,1,0,2,0.1667,0.1667,0.6667,0.8334,はい,当該打者と投手のシーズン対戦成績。打席数が少ない値の解釈に注意。
2026,2026-08-16,西川 龍馬,オリックス,前田 健太,楽天,6,6,1,0,0,1,0.1667,0.1667,0.1667,0.3334,はい,当該打者と投手のシーズン対戦成績。打席数が少ない値の解釈に注意。
2026,2026-08-16,西川 龍馬,オリックス,小島 和哉,ロッテ,6,5,2,0,0,0,0.4,0.3333,0.4,0.7333,はい,当該打者と投手のシーズン対戦成績。打席数が少ない値の解釈に注意。
2026,2026-08-16,西川 龍馬,オリックス,岸 孝之,楽天,6,6,2,0,0,0,0.3333,0.3333,0.6667,1.0,はい,当該打者と投手のシーズン対戦成績。打席数が少ない値の解釈に注意。
2026,2026-08-16,西川 龍馬,オリックス,渡邉 勇太朗,西武,6,5,0,0,1,1,0.0,0.1667,0.0,0.1667,はい,当該打者と投手のシーズン対戦成績。打席数が少ない値の解釈に注意。
2026,2026-08-16,西川 龍馬,オリックス,西野 勇士,ロッテ,6,6,1,0,0,0,0.1667,0.1667,0.1667,0.3334,はい,当該打者と投手のシーズン対戦成績。打席数が少ない値の解釈に注意。
2026,2026-08-16,西川 龍馬,オリックス,鈴木 昭汰,ロッテ,6,6,3,1,0,2,0.5,0.5,1.1667,1.6667,はい,当該打者と投手のシーズン対戦成績。打席数が少ない値の解釈に注意。
2026,2026-08-16,西川 龍馬,オリックス,菅井 信也,西武,5,5,1,0,0,0,0.2,0.2,0.2,0.4,はい,当該打者と投手のシーズン対戦成績。打席数が少ない値の解釈に注意。
2026,2026-08-16,愛斗,ロッテ,平良 海馬,西武,6,6,3,0,0,1,0.5,0.5,0.5,1.0,はい,当該打者と投手のシーズン対戦成績。打席数が少ない値の解釈に注意。
2026,2026-08-16,愛斗,ロッテ,武内 夏暉,西武,5,5,1,0,0,1,0.2,0.2,0.4,0.6,はい,当該打者と投手のシーズン対戦成績。打席数が少ない値の解釈に注意。
2026,2026-08-16,平沢 大河,西武,伊藤 大海,日本ハム,10,8,0,0,2,5,0.0,0.2,0.0,0.2,いいえ,当該打者と投手のシーズン対戦成績。打席数が少ない値の解釈に注意。
2026,2026-08-16,平沢 大河,西武,エスピノーザ,オリックス,8,7,1,0,0,1,0.1429,0.125,0.1429,0.2679,はい,当該打者と投手のシーズン対戦成績。打席数が少ない値の解釈に注意。
2026,2026-08-16,平沢 大河,西武,上茶谷 大河,ソフトバンク,8,8,1,0,0,2,0.125,0.125,0.125,0.25,はい,当該打者と投手のシーズン対戦成績。打席数が少ない値の解釈に注意。
2026,2026-08-16,平沢 大河,西武,北山 亘基,日本ハム,8,8,2,0,0,2,0.25,0.25,0.25,0.5,はい,当該打者と投手のシーズン対戦成績。打席数が少ない値の解釈に注意。
2026,2026-08-16,平沢 大河,西武,大関 友久,ソフトバンク,8,8,4,0,0,0,0.5,0.5,0.625,1.125,はい,当該打者と投手のシーズン対戦成績。打席数が少ない値の解釈に注意。
2026,2026-08-16,平沢 大河,西武,髙島 泰都,オリックス,7,7,2,0,0,0,0.2857,0.2857,0.4286,0.7143,はい,当該打者と投手のシーズン対戦成績。打席数が少ない値の解釈に注意。
2026,2026-08-16,平沢 大河,西武,大津 亮介,ソフトバンク,6,6,2,0,0,0,0.3333,0.3333,0.5,0.8333,はい,当該打者と投手のシーズン対戦成績。打席数が少ない値の解釈に注意。
2026,2026-08-16,平沢 大河,西武,徐 若熙,ソフトバンク,6,5,1,0,1,2,0.2,0.3333,0.2,0.5333,はい,当該打者と投手のシーズン対戦成績。打席数が少ない値の解釈に注意。
2026,2026-08-16,平沢 大河,西武,早川 隆久,楽天,6,5,0,0,1,3,0.0,0.1667,0.0,0.1667,はい,当該打者と投手のシーズン対戦成績。打席数が少ない値の解釈に注意。
2026,2026-08-16,平沢 大河,西武,達 孝太,日本ハム,6,6,2,0,0,0,0.3333,0.3333,0.5,0.8333,はい,当該打者と投手のシーズン対戦成績。打席数が少ない値の解釈に注意。
2026,2026-08-16,平沢 大河,西武,ウレーニャ,楽天,5,5,1,0,0,1,0.2,0.2,0.4,0.6,はい,当該打者と投手のシーズン対戦成績。打席数が少ない値の解釈に注意。
2026,2026-08-16,平沢 大河,西武,ジェリー,オリックス,5,5,1,0,0,0,0.2,0.2,0.2,0.4,はい,当該打者と投手のシーズン対戦成績。打席数が少ない値の解釈に注意。
2026,2026-08-16,平沢 大河,西武,松本 晴,ソフトバンク,5,4,1,0,0,0,0.25,0.4,0.25,0.65,はい,当該打者と投手のシーズン対戦成績。打席数が少ない値の解釈に注意。
2026,2026-08-16,平沢 大河,西武,毛利 海大,ロッテ,5,5,1,0,0,1,0.2,0.2,0.2,0.4,はい,当該打者と投手のシーズン対戦成績。打席数が少ない値の解釈に注意。
2026,2026-08-16,平沢 大河,西武,河村 説人,ロッテ,5,5,1,0,0,0,0.2,0.2,0.4,0.6,はい,当該打者と投手のシーズン対戦成績。打席数が少ない値の解釈に注意。
2026,2026-08-16,谷川原 健太,ソフトバンク,隅田 知一郎,西武,6,6,3,0,0,3,0.5,0.5,0.6667,1.1667,はい,当該打者と投手のシーズン対戦成績。打席数が少ない値の解釈に注意。
2026,2026-08-16,川瀬 晃,ソフトバンク,髙橋 光成,西武,17,16,1,0,1,3,0.0625,0.1176,0.0625,0.1801,いいえ,当該打者と投手のシーズン対戦成績。打席数が少ない値の解釈に注意。
2026,2026-08-16,川瀬 晃,ソフトバンク,伊藤 大海,日本ハム,8,8,2,0,0,0,0.25,0.25,0.375,0.625,はい,当該打者と投手のシーズン対戦成績。打席数が少ない値の解釈に注意。
2026,2026-08-16,川瀬 晃,ソフトバンク,九里 亜蓮,オリックス,6,5,1,0,1,0,0.2,0.3333,0.2,0.5333,はい,当該打者と投手のシーズン対戦成績。打席数が少ない値の解釈に注意。
2026,2026-08-16,川瀬 晃,ソフトバンク,早川 隆久,楽天,6,6,1,0,0,0,0.1667,0.1667,0.3333,0.5,はい,当該打者と投手のシーズン対戦成績。打席数が少ない値の解釈に注意。
2026,2026-08-16,川瀬 晃,ソフトバンク,有原 航平,日本ハム,6,5,2,0,0,0,0.4,0.3333,0.4,0.7333,はい,当該打者と投手のシーズン対戦成績。打席数が少ない値の解釈に注意。
2026,2026-08-16,川瀬 晃,ソフトバンク,武内 夏暉,西武,6,5,1,0,0,0,0.2,0.2,0.6,0.8,はい,当該打者と投手のシーズン対戦成績。打席数が少ない値の解釈に注意。
2026,2026-08-16,川瀬 晃,ソフトバンク,廣池 康志郎,ロッテ,5,5,1,0,0,0,0.2,0.2,0.6,0.8,はい,当該打者と投手のシーズン対戦成績。打席数が少ない値の解釈に注意。
2026,2026-08-16,カリステ,中日,ウィットリー,巨人,6,6,2,0,0,1,0.3333,0.3333,0.3333,0.6666,はい,当該打者と投手のシーズン対戦成績。打席数が少ない値の解釈に注意。
2026,2026-08-16,ダルベック,巨人,大野 雄大,中日,16,14,2,0,2,4,0.1429,0.25,0.1429,0.3929,いいえ,当該打者と投手のシーズン対戦成績。打席数が少ない値の解釈に注意。
2026,2026-08-16,ダルベック,巨人,才木 浩人,阪神,16,15,2,1,1,9,0.1333,0.1875,0.3333,0.5208,いいえ,当該打者と投手のシーズン対戦成績。打席数が少ない値の解釈に注意。
2026,2026-08-16,ダルベック,巨人,村上 頌樹,阪神,16,13,4,3,3,5,0.3077,0.4375,1.0,1.4375,いいえ,当該打者と投手のシーズン対戦成績。打席数が少ない値の解釈に注意。
2026,2026-08-16,ダルベック,巨人,奥川 恭伸,ヤクルト,15,15,5,3,0,4,0.3333,0.3333,0.9333,1.2666,いいえ,当該打者と投手のシーズン対戦成績。打席数が少ない値の解釈に注意。
2026,2026-08-16,ダルベック,巨人,金丸 夢斗,中日,15,14,4,0,1,4,0.2857,0.3333,0.2857,0.619,いいえ,当該打者と投手のシーズン対戦成績。打席数が少ない値の解釈に注意。
2026,2026-08-16,ダルベック,巨人,髙橋 遥人,阪神,13,12,5,2,1,3,0.4167,0.4615,1.0,1.4615,いいえ,当該打者と投手のシーズン対戦成績。打席数が少ない値の解釈に注意。
2026,2026-08-16,ダルベック,巨人,石田 裕太郎,DeNA,12,11,3,0,1,6,0.2727,0.3333,0.3636,0.6969,いいえ,当該打者と投手のシーズン対戦成績。打席数が少ない値の解釈に注意。
2026,2026-08-16,ダルベック,巨人,山野 太一,ヤクルト,11,11,1,0,0,5,0.0909,0.0909,0.0909,0.1818,いいえ,当該打者と投手のシーズン対戦成績。打席数が少ない値の解釈に注意。
2026,2026-08-16,ダルベック,巨人,床田 寛樹,広島,9,9,1,0,0,1,0.1111,0.1111,0.2222,0.3333,はい,当該打者と投手のシーズン対戦成績。打席数が少ない値の解釈に注意。
2026,2026-08-16,ダルベック,巨人,柳 裕也,中日,9,9,2,0,0,4,0.2222,0.2222,0.3333,0.5555,はい,当該打者と投手のシーズン対戦成績。打席数が少ない値の解釈に注意。
2026,2026-08-16,ダルベック,巨人,平良 拳太郎,DeNA,7,7,1,0,0,4,0.1429,0.1429,0.1429,0.2858,はい,当該打者と投手のシーズン対戦成績。打席数が少ない値の解釈に注意。
2026,2026-08-16,ダルベック,巨人,涌井 秀章,中日,7,7,2,0,0,1,0.2857,0.2857,0.2857,0.5714,はい,当該打者と投手のシーズン対戦成績。打席数が少ない値の解釈に注意。
2026,2026-08-16,ダルベック,巨人,篠木 健太郎,DeNA,7,6,1,0,1,2,0.1667,0.2857,0.1667,0.4524,はい,当該打者と投手のシーズン対戦成績。打席数が少ない値の解釈に注意。
2026,2026-08-16,ダルベック,巨人,吉村 貢司郎,ヤクルト,6,5,0,0,1,3,0.0,0.1667,0.0,0.1667,はい,当該打者と投手のシーズン対戦成績。打席数が少ない値の解釈に注意。
2026,2026-08-16,ダルベック,巨人,森 翔平,広島,6,6,1,0,0,2,0.1667,0.1667,0.1667,0.3334,はい,当該打者と投手のシーズン対戦成績。打席数が少ない値の解釈に注意。
2026,2026-08-16,ダルベック,巨人,森下 暢仁,広島,5,5,2,0,0,1,0.4,0.4,0.4,0.8,はい,当該打者と投手のシーズン対戦成績。打席数が少ない値の解釈に注意。
2026,2026-08-16,ダルベック,巨人,玉村 昇悟,広島,5,4,0,0,1,1,0.0,0.2,0.0,0.2,はい,当該打者と投手のシーズン対戦成績。打席数が少ない値の解釈に注意。
2026,2026-08-16,サノー,中日,ウィットリー,巨人,11,10,2,1,1,4,0.2,0.2727,0.5,0.7727,いいえ,当該打者と投手のシーズン対戦成績。打席数が少ない値の解釈に注意。
2026,2026-08-16,サノー,中日,東 克樹,DeNA,11,9,1,1,2,2,0.1111,0.2727,0.4444,0.7171,いいえ,当該打者と投手のシーズン対戦成績。打席数が少ない値の解釈に注意。
2026,2026-08-16,サノー,中日,竹丸 和幸,巨人,11,10,6,3,1,1,0.6,0.6364,1.6,2.2364,いいえ,当該打者と投手のシーズン対戦成績。打席数が少ない値の解釈に注意。
2026,2026-08-16,サノー,中日,床田 寛樹,広島,9,9,2,0,0,2,0.2222,0.2222,0.2222,0.4444,はい,当該打者と投手のシーズン対戦成績。打席数が少ない値の解釈に注意。
2026,2026-08-16,サノー,中日,吉村 貢司郎,ヤクルト,8,7,1,0,1,2,0.1429,0.25,0.1429,0.3929,はい,当該打者と投手のシーズン対戦成績。打席数が少ない値の解釈に注意。
2026,2026-08-16,サノー,中日,髙橋 遥人,阪神,8,8,2,0,0,4,0.25,0.25,0.25,0.5,はい,当該打者と投手のシーズン対戦成績。打席数が少ない値の解釈に注意。
2026,2026-08-16,サノー,中日,伊原 陵人,阪神,7,6,1,0,1,2,0.1667,0.2857,0.1667,0.4524,はい,当該打者と投手のシーズン対戦成績。打席数が少ない値の解釈に注意。
2026,2026-08-16,サノー,中日,山野 太一,ヤクルト,6,4,1,0,1,2,0.25,0.3333,0.25,0.5833,はい,当該打者と投手のシーズン対戦成績。打席数が少ない値の解釈に注意。
2026,2026-08-16,サノー,中日,才木 浩人,阪神,6,6,0,0,0,2,0.0,0.0,0.0,0.0,はい,当該打者と投手のシーズン対戦成績。打席数が少ない値の解釈に注意。
2026,2026-08-16,サノー,中日,井上 温大,巨人,5,3,0,0,2,1,0.0,0.4,0.0,0.4,はい,当該打者と投手のシーズン対戦成績。打席数が少ない値の解釈に注意。
2026,2026-08-16,サノー,中日,小笠原 慎之介,巨人,5,3,0,0,2,2,0.0,0.4,0.0,0.4,はい,当該打者と投手のシーズン対戦成績。打席数が少ない値の解釈に注意。
2026,2026-08-16,サノー,中日,平良 拳太郎,DeNA,5,4,1,0,0,2,0.25,0.4,0.25,0.65,はい,当該打者と投手のシーズン対戦成績。打席数が少ない値の解釈に注意。
2026,2026-08-16,堀内 謙伍,楽天,九里 亜蓮,オリックス,5,4,0,0,0,1,0.0,0.2,0.0,0.2,はい,当該打者と投手のシーズン対戦成績。打席数が少ない値の解釈に注意。
2026,2026-08-16,村林 一輝,楽天,九里 亜蓮,オリックス,19,17,5,0,2,3,0.2941,0.3684,0.2941,0.6625,いいえ,当該打者と投手のシーズン対戦成績。打席数が少ない値の解釈に注意。
2026,2026-08-16,村林 一輝,楽天,大津 亮介,ソフトバンク,15,15,7,1,0,2,0.4667,0.4667,0.8,1.2667,いいえ,当該打者と投手のシーズン対戦成績。打席数が少ない値の解釈に注意。
2026,2026-08-16,村林 一輝,楽天,加藤 貴之,日本ハム,10,10,5,0,0,1,0.5,0.5,0.8,1.3,いいえ,当該打者と投手のシーズン対戦成績。打席数が少ない値の解釈に注意。
2026,2026-08-16,村林 一輝,楽天,小島 和哉,ロッテ,10,9,3,0,0,0,0.3333,0.3333,0.8889,1.2222,いいえ,当該打者と投手のシーズン対戦成績。打席数が少ない値の解釈に注意。
2026,2026-08-16,村林 一輝,楽天,平良 海馬,西武,10,8,0,0,2,3,0.0,0.2,0.0,0.2,いいえ,当該打者と投手のシーズン対戦成績。打席数が少ない値の解釈に注意。
2026,2026-08-16,村林 一輝,楽天,武内 夏暉,西武,10,8,3,0,1,3,0.375,0.4,0.375,0.775,いいえ,当該打者と投手のシーズン対戦成績。打席数が少ない値の解釈に注意。
2026,2026-08-16,村林 一輝,楽天,伊藤 大海,日本ハム,9,8,3,0,1,0,0.375,0.4444,0.375,0.8194,はい,当該打者と投手のシーズン対戦成績。打席数が少ない値の解釈に注意。
2026,2026-08-16,村林 一輝,楽天,大関 友久,ソフトバンク,9,9,3,0,0,2,0.3333,0.3333,0.3333,0.6666,はい,当該打者と投手のシーズン対戦成績。打席数が少ない値の解釈に注意。
2026,2026-08-16,村林 一輝,楽天,福島 蓮,日本ハム,9,7,2,0,1,0,0.2857,0.3333,0.2857,0.619,はい,当該打者と投手のシーズン対戦成績。打席数が少ない値の解釈に注意。
2026,2026-08-16,村林 一輝,楽天,エスピノーザ,オリックス,8,7,1,0,1,1,0.1429,0.25,0.1429,0.3929,はい,当該打者と投手のシーズン対戦成績。打席数が少ない値の解釈に注意。
2026,2026-08-16,村林 一輝,楽天,細野 晴希,日本ハム,8,7,0,0,1,3,0.0,0.125,0.0,0.125,はい,当該打者と投手のシーズン対戦成績。打席数が少ない値の解釈に注意。
2026,2026-08-16,村林 一輝,楽天,前田 悠伍,ソフトバンク,7,6,2,0,0,0,0.3333,0.2857,0.3333,0.619,はい,当該打者と投手のシーズン対戦成績。打席数が少ない値の解釈に注意。
2026,2026-08-16,村林 一輝,楽天,達 孝太,日本ハム,7,7,1,0,0,1,0.1429,0.1429,0.1429,0.2858,はい,当該打者と投手のシーズン対戦成績。打席数が少ない値の解釈に注意。
2026,2026-08-16,村林 一輝,楽天,ジャクソン,ロッテ,6,3,0,0,2,2,0.0,0.5,0.0,0.5,はい,当該打者と投手のシーズン対戦成績。打席数が少ない値の解釈に注意。
2026,2026-08-16,村林 一輝,楽天,上沢 直之,ソフトバンク,6,4,1,0,2,1,0.25,0.5,0.25,0.75,はい,当該打者と投手のシーズン対戦成績。打席数が少ない値の解釈に注意。
2026,2026-08-16,村林 一輝,楽天,渡邉 勇太朗,西武,6,6,2,0,0,1,0.3333,0.3333,0.3333,0.6666,はい,当該打者と投手のシーズン対戦成績。打席数が少ない値の解釈に注意。
2026,2026-08-16,村林 一輝,楽天,オスナ,ソフトバンク,5,5,2,0,0,1,0.4,0.4,0.4,0.8,はい,当該打者と投手のシーズン対戦成績。打席数が少ない値の解釈に注意。
2026,2026-08-16,村林 一輝,楽天,スチュワート・ジュニア,ソフトバンク,5,4,2,1,1,0,0.5,0.6,1.25,1.85,はい,当該打者と投手のシーズン対戦成績。打席数が少ない値の解釈に注意。
2026,2026-08-16,村林 一輝,楽天,田中 正義,日本ハム,5,5,1,0,0,0,0.2,0.2,0.2,0.4,はい,当該打者と投手のシーズン対戦成績。打席数が少ない値の解釈に注意。
2026,2026-08-16,村林 一輝,楽天,篠原 響,西武,5,4,1,0,1,1,0.25,0.4,0.25,0.65,はい,当該打者と投手のシーズン対戦成績。打席数が少ない値の解釈に注意。
2026,2026-08-16,ビシエド,DeNA,井上 温大,巨人,6,6,1,0,0,0,0.1667,0.1667,0.1667,0.3334,はい,当該打者と投手のシーズン対戦成績。打席数が少ない値の解釈に注意。
2026,2026-08-16,吉川 尚輝,巨人,床田 寛樹,広島,9,8,2,0,1,0,0.25,0.3333,0.375,0.7083,はい,当該打者と投手のシーズン対戦成績。打席数が少ない値の解釈に注意。
2026,2026-08-16,吉川 尚輝,巨人,才木 浩人,阪神,7,6,1,1,1,1,0.1667,0.2857,0.6667,0.9524,はい,当該打者と投手のシーズン対戦成績。打席数が少ない値の解釈に注意。
2026,2026-08-16,吉川 尚輝,巨人,山野 太一,ヤクルト,6,6,1,0,0,0,0.1667,0.1667,0.1667,0.3334,はい,当該打者と投手のシーズン対戦成績。打席数が少ない値の解釈に注意。
2026,2026-08-16,吉川 尚輝,巨人,村上 頌樹,阪神,6,6,1,0,0,1,0.1667,0.1667,0.1667,0.3334,はい,当該打者と投手のシーズン対戦成績。打席数が少ない値の解釈に注意。
2026,2026-08-16,古賀 優大,ヤクルト,才木 浩人,阪神,10,10,5,0,0,2,0.5,0.5,0.6,1.1,いいえ,当該打者と投手のシーズン対戦成績。打席数が少ない値の解釈に注意。
2026,2026-08-16,古賀 優大,ヤクルト,森下 暢仁,広島,10,10,2,0,0,0,0.2,0.2,0.5,0.7,いいえ,当該打者と投手のシーズン対戦成績。打席数が少ない値の解釈に注意。
2026,2026-08-16,古賀 優大,ヤクルト,柳 裕也,中日,9,9,2,0,0,0,0.2222,0.2222,0.3333,0.5555,はい,当該打者と投手のシーズン対戦成績。打席数が少ない値の解釈に注意。
2026,2026-08-16,古賀 優大,ヤクルト,岡本 駿,広島,8,8,2,0,0,0,0.25,0.25,0.25,0.5,はい,当該打者と投手のシーズン対戦成績。打席数が少ない値の解釈に注意。
2026,2026-08-16,古賀 優大,ヤクルト,井上 温大,巨人,6,5,1,0,0,1,0.2,0.2,0.4,0.6,はい,当該打者と投手のシーズン対戦成績。打席数が少ない値の解釈に注意。
2026,2026-08-16,古賀 優大,ヤクルト,大野 雄大,中日,6,6,2,0,0,0,0.3333,0.3333,0.3333,0.6666,はい,当該打者と投手のシーズン対戦成績。打席数が少ない値の解釈に注意。
2026,2026-08-16,古賀 優大,ヤクルト,石田 裕太郎,DeNA,6,6,3,0,0,0,0.5,0.5,0.5,1.0,はい,当該打者と投手のシーズン対戦成績。打席数が少ない値の解釈に注意。
2026,2026-08-16,古賀 優大,ヤクルト,竹丸 和幸,巨人,6,6,3,0,0,0,0.5,0.5,0.5,1.0,はい,当該打者と投手のシーズン対戦成績。打席数が少ない値の解釈に注意。
2026,2026-08-16,古賀 優大,ヤクルト,金丸 夢斗,中日,6,6,3,0,0,0,0.5,0.5,0.5,1.0,はい,当該打者と投手のシーズン対戦成績。打席数が少ない値の解釈に注意。
2026,2026-08-16,古賀 優大,ヤクルト,下村 海翔,阪神,5,5,1,0,0,0,0.2,0.2,0.2,0.4,はい,当該打者と投手のシーズン対戦成績。打席数が少ない値の解釈に注意。
2026,2026-08-16,古賀 優大,ヤクルト,篠木 健太郎,DeNA,5,5,0,0,0,0,0.0,0.0,0.0,0.0,はい,当該打者と投手のシーズン対戦成績。打席数が少ない値の解釈に注意。
2026,2026-08-16,古賀 優大,ヤクルト,西 勇輝,阪神,5,4,1,0,0,0,0.25,0.4,0.25,0.65,はい,当該打者と投手のシーズン対戦成績。打席数が少ない値の解釈に注意。
2026,2026-08-16,古賀 優大,ヤクルト,遠藤 淳志,広島,5,4,2,1,0,0,0.5,0.4,1.25,1.65,はい,当該打者と投手のシーズン対戦成績。打席数が少ない値の解釈に注意。
2026,2026-08-16,古賀 優大,ヤクルト,髙橋 宏斗,中日,5,4,1,0,0,0,0.25,0.25,0.25,0.5,はい,当該打者と投手のシーズン対戦成績。打席数が少ない値の解釈に注意。
2026,2026-08-16,細川 成也,中日,東 克樹,DeNA,17,17,6,3,0,1,0.3529,0.3529,0.9412,1.2941,いいえ,当該打者と投手のシーズン対戦成績。打席数が少ない値の解釈に注意。
2026,2026-08-16,細川 成也,中日,竹丸 和幸,巨人,14,11,3,1,3,4,0.2727,0.4286,0.6364,1.065,いいえ,当該打者と投手のシーズン対戦成績。打席数が少ない値の解釈に注意。
2026,2026-08-16,細川 成也,中日,ウィットリー,巨人,13,12,0,0,1,7,0.0,0.0769,0.0,0.0769,いいえ,当該打者と投手のシーズン対戦成績。打席数が少ない値の解釈に注意。
2026,2026-08-16,細川 成也,中日,伊原 陵人,阪神,11,8,1,0,3,2,0.125,0.3636,0.125,0.4886,いいえ,当該打者と投手のシーズン対戦成績。打席数が少ない値の解釈に注意。
2026,2026-08-16,細川 成也,中日,髙橋 遥人,阪神,11,11,2,0,0,4,0.1818,0.1818,0.1818,0.3636,いいえ,当該打者と投手のシーズン対戦成績。打席数が少ない値の解釈に注意。
2026,2026-08-16,細川 成也,中日,奥川 恭伸,ヤクルト,10,8,1,1,2,2,0.125,0.3,0.5,0.8,いいえ,当該打者と投手のシーズン対戦成績。打席数が少ない値の解釈に注意。
2026,2026-08-16,細川 成也,中日,床田 寛樹,広島,10,10,3,0,0,0,0.3,0.3,0.3,0.6,いいえ,当該打者と投手のシーズン対戦成績。打席数が少ない値の解釈に注意。
2026,2026-08-16,細川 成也,中日,吉村 貢司郎,ヤクルト,9,8,2,0,1,2,0.25,0.3333,0.375,0.7083,はい,当該打者と投手のシーズン対戦成績。打席数が少ない値の解釈に注意。
2026,2026-08-16,細川 成也,中日,山野 太一,ヤクルト,9,4,4,1,4,0,1.0,0.8889,2.0,2.8889,はい,当該打者と投手のシーズン対戦成績。打席数が少ない値の解釈に注意。
2026,2026-08-16,細川 成也,中日,森下 暢仁,広島,8,5,2,1,2,2,0.4,0.5,1.0,1.5,はい,当該打者と投手のシーズン対戦成績。打席数が少ない値の解釈に注意。
2026,2026-08-16,細川 成也,中日,栗林 良吏,広島,7,5,1,0,1,2,0.2,0.4286,0.2,0.6286,はい,当該打者と投手のシーズン対戦成績。打席数が少ない値の解釈に注意。
2026,2026-08-16,細川 成也,中日,井上 温大,巨人,6,4,1,0,2,1,0.25,0.5,0.25,0.75,はい,当該打者と投手のシーズン対戦成績。打席数が少ない値の解釈に注意。
2026,2026-08-16,細川 成也,中日,入江 大生,DeNA,6,5,1,1,1,2,0.2,0.3333,0.8,1.1333,はい,当該打者と投手のシーズン対戦成績。打席数が少ない値の解釈に注意。
2026,2026-08-16,細川 成也,中日,則本 昂大,巨人,6,6,1,0,0,1,0.1667,0.1667,0.1667,0.3334,はい,当該打者と投手のシーズン対戦成績。打席数が少ない値の解釈に注意。
2026,2026-08-16,細川 成也,中日,小笠原 慎之介,巨人,6,6,2,0,0,3,0.3333,0.3333,0.3333,0.6666,はい,当該打者と投手のシーズン対戦成績。打席数が少ない値の解釈に注意。
2026,2026-08-16,細川 成也,中日,岡本 駿,広島,6,4,0,0,2,2,0.0,0.3333,0.0,0.3333,はい,当該打者と投手のシーズン対戦成績。打席数が少ない値の解釈に注意。
2026,2026-08-16,細川 成也,中日,工藤 泰成,阪神,6,6,2,0,0,3,0.3333,0.3333,0.3333,0.6666,はい,当該打者と投手のシーズン対戦成績。打席数が少ない値の解釈に注意。
2026,2026-08-16,細川 成也,中日,才木 浩人,阪神,6,5,1,0,1,2,0.2,0.3333,0.4,0.7333,はい,当該打者と投手のシーズン対戦成績。打席数が少ない値の解釈に注意。
2026,2026-08-16,細川 成也,中日,村上 頌樹,阪神,6,6,3,0,0,1,0.5,0.5,0.8333,1.3333,はい,当該打者と投手のシーズン対戦成績。打席数が少ない値の解釈に注意。
2026,2026-08-16,細川 成也,中日,松本 健吾,ヤクルト,6,4,1,0,2,1,0.25,0.5,0.25,0.75,はい,当該打者と投手のシーズン対戦成績。打席数が少ない値の解釈に注意。
2026,2026-08-16,細川 成也,中日,田中 将大,巨人,6,4,2,0,2,1,0.5,0.6667,0.5,1.1667,はい,当該打者と投手のシーズン対戦成績。打席数が少ない値の解釈に注意。
2026,2026-08-16,細川 成也,中日,高梨 裕稔,ヤクルト,6,5,2,0,0,2,0.4,0.5,0.4,0.9,はい,当該打者と投手のシーズン対戦成績。打席数が少ない値の解釈に注意。
2026,2026-08-16,細川 成也,中日,ターノック,広島,5,5,2,0,0,2,0.4,0.4,0.4,0.8,はい,当該打者と投手のシーズン対戦成績。打席数が少ない値の解釈に注意。
2026,2026-08-16,細川 成也,中日,ドリス,阪神,5,5,1,0,0,2,0.2,0.2,0.2,0.4,はい,当該打者と投手のシーズン対戦成績。打席数が少ない値の解釈に注意。
2026,2026-08-16,細川 成也,中日,マルセリーノ,DeNA,5,3,1,0,1,2,0.3333,0.6,0.3333,0.9333,はい,当該打者と投手のシーズン対戦成績。打席数が少ない値の解釈に注意。
2026,2026-08-16,細川 成也,中日,レイノルズ,DeNA,5,5,0,0,0,2,0.0,0.0,0.0,0.0,はい,当該打者と投手のシーズン対戦成績。打席数が少ない値の解釈に注意。
2026,2026-08-16,細川 成也,中日,尾形 崇斗,DeNA,5,4,0,0,1,4,0.0,0.2,0.0,0.2,はい,当該打者と投手のシーズン対戦成績。打席数が少ない値の解釈に注意。
2026,2026-08-16,細川 成也,中日,平良 拳太郎,DeNA,5,5,2,0,0,2,0.4,0.4,0.6,1.0,はい,当該打者と投手のシーズン対戦成績。打席数が少ない値の解釈に注意。
2026,2026-08-16,細川 成也,中日,深沢 鳳介,DeNA,5,4,1,0,1,2,0.25,0.4,0.25,0.65,はい,当該打者と投手のシーズン対戦成績。打席数が少ない値の解釈に注意。
2026,2026-08-16,佐野 恵太,DeNA,井上 温大,巨人,15,14,2,1,1,3,0.1429,0.2,0.3571,0.5571,いいえ,当該打者と投手のシーズン対戦成績。打席数が少ない値の解釈に注意。
2026,2026-08-16,佐野 恵太,DeNA,松本 健吾,ヤクルト,14,13,7,2,1,0,0.5385,0.5714,1.1538,1.7252,いいえ,当該打者と投手のシーズン対戦成績。打席数が少ない値の解釈に注意。
2026,2026-08-16,佐野 恵太,DeNA,床田 寛樹,広島,13,12,3,0,1,1,0.25,0.3077,0.3333,0.641,いいえ,当該打者と投手のシーズン対戦成績。打席数が少ない値の解釈に注意。
2026,2026-08-16,佐野 恵太,DeNA,マラー,中日,12,11,2,0,1,1,0.1818,0.25,0.1818,0.4318,いいえ,当該打者と投手のシーズン対戦成績。打席数が少ない値の解釈に注意。
2026,2026-08-16,佐野 恵太,DeNA,金丸 夢斗,中日,12,11,0,0,1,2,0.0,0.0833,0.0,0.0833,いいえ,当該打者と投手のシーズン対戦成績。打席数が少ない値の解釈に注意。
2026,2026-08-16,佐野 恵太,DeNA,大竹 耕太郎,阪神,10,10,1,0,0,1,0.1,0.1,0.1,0.2,いいえ,当該打者と投手のシーズン対戦成績。打席数が少ない値の解釈に注意。
2026,2026-08-16,佐野 恵太,DeNA,髙橋 遥人,阪神,10,10,2,0,0,1,0.2,0.2,0.2,0.4,いいえ,当該打者と投手のシーズン対戦成績。打席数が少ない値の解釈に注意。
2026,2026-08-16,佐野 恵太,DeNA,吉村 貢司郎,ヤクルト,9,8,3,1,1,0,0.375,0.4444,0.75,1.1944,はい,当該打者と投手のシーズン対戦成績。打席数が少ない値の解釈に注意。
2026,2026-08-16,佐野 恵太,DeNA,才木 浩人,阪神,9,8,3,0,1,2,0.375,0.4444,0.375,0.8194,はい,当該打者と投手のシーズン対戦成績。打席数が少ない値の解釈に注意。
2026,2026-08-16,佐野 恵太,DeNA,竹丸 和幸,巨人,8,8,3,0,0,1,0.375,0.375,0.5,0.875,はい,当該打者と投手のシーズン対戦成績。打席数が少ない値の解釈に注意。
2026,2026-08-16,佐野 恵太,DeNA,中西 聖輝,中日,7,6,1,0,1,1,0.1667,0.2857,0.3333,0.619,はい,当該打者と投手のシーズン対戦成績。打席数が少ない値の解釈に注意。
2026,2026-08-16,佐野 恵太,DeNA,ターノック,広島,6,4,1,0,2,1,0.25,0.5,0.5,1.0,はい,当該打者と投手のシーズン対戦成績。打席数が少ない値の解釈に注意。
2026,2026-08-16,佐野 恵太,DeNA,マルティネス,巨人,6,5,0,0,1,0,0.0,0.1667,0.0,0.1667,はい,当該打者と投手のシーズン対戦成績。打席数が少ない値の解釈に注意。
2026,2026-08-16,佐野 恵太,DeNA,小川 泰弘,ヤクルト,6,5,2,0,1,2,0.4,0.5,0.4,0.9,はい,当該打者と投手のシーズン対戦成績。打席数が少ない値の解釈に注意。
2026,2026-08-16,佐野 恵太,DeNA,岡本 駿,広島,6,5,3,0,1,0,0.6,0.6667,0.6,1.2667,はい,当該打者と投手のシーズン対戦成績。打席数が少ない値の解釈に注意。
2026,2026-08-16,佐野 恵太,DeNA,村上 頌樹,阪神,6,5,1,0,1,0,0.2,0.3333,0.2,0.5333,はい,当該打者と投手のシーズン対戦成績。打席数が少ない値の解釈に注意。
2026,2026-08-16,佐野 恵太,DeNA,櫻井 頼之介,中日,6,5,0,0,1,1,0.0,0.1667,0.0,0.1667,はい,当該打者と投手のシーズン対戦成績。打席数が少ない値の解釈に注意。
2026,2026-08-16,佐野 恵太,DeNA,高梨 裕稔,ヤクルト,6,6,0,0,0,1,0.0,0.0,0.0,0.0,はい,当該打者と投手のシーズン対戦成績。打席数が少ない値の解釈に注意。
2026,2026-08-16,佐野 恵太,DeNA,高橋 奎二,ヤクルト,6,5,2,0,1,0,0.4,0.5,0.4,0.9,はい,当該打者と投手のシーズン対戦成績。打席数が少ない値の解釈に注意。
2026,2026-08-16,佐野 恵太,DeNA,斉藤 優汰,広島,5,4,2,0,1,0,0.5,0.6,0.75,1.35,はい,当該打者と投手のシーズン対戦成績。打席数が少ない値の解釈に注意。
2026,2026-08-16,佐野 恵太,DeNA,星 知弥,ヤクルト,5,4,2,0,1,0,0.5,0.6,0.5,1.1,はい,当該打者と投手のシーズン対戦成績。打席数が少ない値の解釈に注意。
2026,2026-08-16,佐野 恵太,DeNA,松山 晋也,中日,5,5,1,0,0,2,0.2,0.2,0.4,0.6,はい,当該打者と投手のシーズン対戦成績。打席数が少ない値の解釈に注意。
2026,2026-08-16,佐野 恵太,DeNA,柳 裕也,中日,5,5,0,0,0,1,0.0,0.0,0.0,0.0,はい,当該打者と投手のシーズン対戦成績。打席数が少ない値の解釈に注意。
2026,2026-08-16,佐野 恵太,DeNA,涌井 秀章,中日,5,5,1,0,0,0,0.2,0.2,0.2,0.4,はい,当該打者と投手のシーズン対戦成績。打席数が少ない値の解釈に注意。
2026,2026-08-16,佐野 恵太,DeNA,玉村 昇悟,広島,5,5,1,0,0,0,0.2,0.2,0.4,0.6,はい,当該打者と投手のシーズン対戦成績。打席数が少ない値の解釈に注意。
2026,2026-08-16,京田 陽太,DeNA,村上 頌樹,阪神,5,5,2,0,0,2,0.4,0.4,0.4,0.8,はい,当該打者と投手のシーズン対戦成績。打席数が少ない値の解釈に注意。
2026,2026-08-16,大山 悠輔,阪神,柳 裕也,中日,14,14,5,0,0,0,0.3571,0.3571,0.4286,0.7857,いいえ,当該打者と投手のシーズン対戦成績。打席数が少ない値の解釈に注意。
2026,2026-08-16,大山 悠輔,阪神,栗林 良吏,広島,12,12,3,0,0,0,0.25,0.25,0.25,0.5,いいえ,当該打者と投手のシーズン対戦成績。打席数が少ない値の解釈に注意。
2026,2026-08-16,大山 悠輔,阪神,マラー,中日,10,10,2,0,0,1,0.2,0.2,0.2,0.4,いいえ,当該打者と投手のシーズン対戦成績。打席数が少ない値の解釈に注意。
2026,2026-08-16,大山 悠輔,阪神,髙橋 宏斗,中日,10,9,1,0,1,4,0.1111,0.2,0.1111,0.3111,いいえ,当該打者と投手のシーズン対戦成績。打席数が少ない値の解釈に注意。
2026,2026-08-16,大山 悠輔,阪神,山野 太一,ヤクルト,9,6,2,0,3,1,0.3333,0.5556,0.5,1.0556,はい,当該打者と投手のシーズン対戦成績。打席数が少ない値の解釈に注意。
2026,2026-08-16,大山 悠輔,阪神,井上 温大,巨人,8,6,1,1,1,1,0.1667,0.25,0.6667,0.9167,はい,当該打者と投手のシーズン対戦成績。打席数が少ない値の解釈に注意。
2026,2026-08-16,大山 悠輔,阪神,床田 寛樹,広島,8,7,2,0,1,4,0.2857,0.375,0.2857,0.6607,はい,当該打者と投手のシーズン対戦成績。打席数が少ない値の解釈に注意。
2026,2026-08-16,大山 悠輔,阪神,森 翔平,広島,8,8,1,0,0,2,0.125,0.125,0.125,0.25,はい,当該打者と投手のシーズン対戦成績。打席数が少ない値の解釈に注意。
2026,2026-08-16,大山 悠輔,阪神,竹丸 和幸,巨人,8,6,1,0,1,1,0.1667,0.25,0.3333,0.5833,はい,当該打者と投手のシーズン対戦成績。打席数が少ない値の解釈に注意。
2026,2026-08-16,大山 悠輔,阪神,ウィットリー,巨人,6,5,0,0,1,3,0.0,0.1667,0.0,0.1667,はい,当該打者と投手のシーズン対戦成績。打席数が少ない値の解釈に注意。
2026,2026-08-16,大山 悠輔,阪神,ターノック,広島,6,5,1,0,0,2,0.2,0.1667,0.2,0.3667,はい,当該打者と投手のシーズン対戦成績。打席数が少ない値の解釈に注意。
2026,2026-08-16,大山 悠輔,阪神,中西 聖輝,中日,6,5,0,0,0,2,0.0,0.1667,0.0,0.1667,はい,当該打者と投手のシーズン対戦成績。打席数が少ない値の解釈に注意。
2026,2026-08-16,大山 悠輔,阪神,尾形 崇斗,DeNA,6,6,2,0,0,2,0.3333,0.3333,0.3333,0.6666,はい,当該打者と投手のシーズン対戦成績。打席数が少ない値の解釈に注意。
2026,2026-08-16,大山 悠輔,阪神,岡本 駿,広島,6,5,1,0,1,1,0.2,0.3333,0.4,0.7333,はい,当該打者と投手のシーズン対戦成績。打席数が少ない値の解釈に注意。
2026,2026-08-16,大山 悠輔,阪神,平良 拳太郎,DeNA,6,6,2,0,0,1,0.3333,0.3333,0.3333,0.6666,はい,当該打者と投手のシーズン対戦成績。打席数が少ない値の解釈に注意。
2026,2026-08-16,大山 悠輔,阪神,田中 将大,巨人,6,6,1,0,0,1,0.1667,0.1667,0.1667,0.3334,はい,当該打者と投手のシーズン対戦成績。打席数が少ない値の解釈に注意。
2026,2026-08-16,大山 悠輔,阪神,金丸 夢斗,中日,6,6,3,0,0,0,0.5,0.5,0.5,1.0,はい,当該打者と投手のシーズン対戦成績。打席数が少ない値の解釈に注意。
2026,2026-08-16,大山 悠輔,阪神,高橋 奎二,ヤクルト,6,6,3,0,0,3,0.5,0.5,0.8333,1.3333,はい,当該打者と投手のシーズン対戦成績。打席数が少ない値の解釈に注意。
2026,2026-08-16,大山 悠輔,阪神,レイノルズ,DeNA,5,3,1,0,2,0,0.3333,0.6,0.3333,0.9333,はい,当該打者と投手のシーズン対戦成績。打席数が少ない値の解釈に注意。
2026,2026-08-16,大山 悠輔,阪神,則本 昂大,巨人,5,5,2,0,0,0,0.4,0.4,0.4,0.8,はい,当該打者と投手のシーズン対戦成績。打席数が少ない値の解釈に注意。
2026,2026-08-16,大山 悠輔,阪神,吉村 貢司郎,ヤクルト,5,5,2,2,0,1,0.4,0.4,1.6,2.0,はい,当該打者と投手のシーズン対戦成績。打席数が少ない値の解釈に注意。
2026,2026-08-16,大山 悠輔,阪神,堀田 賢慎,巨人,5,4,0,0,1,0,0.0,0.2,0.0,0.2,はい,当該打者と投手のシーズン対戦成績。打席数が少ない値の解釈に注意。
2026,2026-08-16,大山 悠輔,阪神,大野 雄大,中日,5,4,2,1,1,1,0.5,0.6,1.25,1.85,はい,当該打者と投手のシーズン対戦成績。打席数が少ない値の解釈に注意。
2026,2026-08-16,大山 悠輔,阪神,奥川 恭伸,ヤクルト,5,5,2,0,0,0,0.4,0.4,0.4,0.8,はい,当該打者と投手のシーズン対戦成績。打席数が少ない値の解釈に注意。
2026,2026-08-16,大山 悠輔,阪神,松本 健吾,ヤクルト,5,4,1,0,1,0,0.25,0.4,0.25,0.65,はい,当該打者と投手のシーズン対戦成績。打席数が少ない値の解釈に注意。
2026,2026-08-16,大山 悠輔,阪神,森下 暢仁,広島,5,4,1,0,0,0,0.25,0.2,0.25,0.45,はい,当該打者と投手のシーズン対戦成績。打席数が少ない値の解釈に注意。
2026,2026-08-16,大山 悠輔,阪神,荘司 宏太,ヤクルト,5,5,0,0,0,1,0.0,0.0,0.0,0.0,はい,当該打者と投手のシーズン対戦成績。打席数が少ない値の解釈に注意。
2026,2026-08-16,大山 悠輔,阪神,西舘 勇陽,巨人,5,4,1,0,1,1,0.25,0.4,0.5,0.9,はい,当該打者と投手のシーズン対戦成績。打席数が少ない値の解釈に注意。
2026,2026-08-16,大山 悠輔,阪神,赤星 優志,巨人,5,5,1,0,0,0,0.2,0.2,0.2,0.4,はい,当該打者と投手のシーズン対戦成績。打席数が少ない値の解釈に注意。
2026,2026-08-16,坂倉 将吾,広島,村上 頌樹,阪神,20,19,5,0,1,3,0.2632,0.3,0.2632,0.5632,いいえ,当該打者と投手のシーズン対戦成績。打席数が少ない値の解釈に注意。
2026,2026-08-16,坂倉 将吾,広島,東 克樹,DeNA,18,17,4,1,1,3,0.2353,0.2778,0.4118,0.6896,いいえ,当該打者と投手のシーズン対戦成績。打席数が少ない値の解釈に注意。
2026,2026-08-16,坂倉 将吾,広島,柳 裕也,中日,12,11,4,0,1,1,0.3636,0.4167,0.3636,0.7803,いいえ,当該打者と投手のシーズン対戦成績。打席数が少ない値の解釈に注意。
2026,2026-08-16,坂倉 将吾,広島,吉村 貢司郎,ヤクルト,9,8,1,0,1,3,0.125,0.2222,0.125,0.3472,はい,当該打者と投手のシーズン対戦成績。打席数が少ない値の解釈に注意。
2026,2026-08-16,坂倉 将吾,広島,大竹 耕太郎,阪神,9,9,3,0,0,0,0.3333,0.3333,0.3333,0.6666,はい,当該打者と投手のシーズン対戦成績。打席数が少ない値の解釈に注意。
2026,2026-08-16,坂倉 将吾,広島,大野 雄大,中日,9,8,4,0,1,0,0.5,0.5556,0.5,1.0556,はい,当該打者と投手のシーズン対戦成績。打席数が少ない値の解釈に注意。
2026,2026-08-16,坂倉 将吾,広島,平良 拳太郎,DeNA,9,8,1,0,1,1,0.125,0.2222,0.125,0.3472,はい,当該打者と投手のシーズン対戦成績。打席数が少ない値の解釈に注意。
2026,2026-08-16,坂倉 将吾,広島,髙橋 宏斗,中日,9,8,2,0,1,2,0.25,0.3333,0.5,0.8333,はい,当該打者と投手のシーズン対戦成績。打席数が少ない値の解釈に注意。
2026,2026-08-16,坂倉 将吾,広島,才木 浩人,阪神,8,7,1,0,1,2,0.1429,0.25,0.2857,0.5357,はい,当該打者と投手のシーズン対戦成績。打席数が少ない値の解釈に注意。
2026,2026-08-16,坂倉 将吾,広島,松本 健吾,ヤクルト,7,5,0,0,2,1,0.0,0.2857,0.0,0.2857,はい,当該打者と投手のシーズン対戦成績。打席数が少ない値の解釈に注意。
2026,2026-08-16,坂倉 将吾,広島,井上 温大,巨人,6,6,1,0,0,1,0.1667,0.1667,0.1667,0.3334,はい,当該打者と投手のシーズン対戦成績。打席数が少ない値の解釈に注意。
2026,2026-08-16,坂倉 将吾,広島,則本 昂大,巨人,6,6,2,1,0,2,0.3333,0.3333,1.0,1.3333,はい,当該打者と投手のシーズン対戦成績。打席数が少ない値の解釈に注意。
2026,2026-08-16,坂倉 将吾,広島,奥川 恭伸,ヤクルト,6,6,2,0,0,2,0.3333,0.3333,0.5,0.8333,はい,当該打者と投手のシーズン対戦成績。打席数が少ない値の解釈に注意。
2026,2026-08-16,坂倉 将吾,広島,山野 太一,ヤクルト,6,5,0,0,0,2,0.0,0.1667,0.0,0.1667,はい,当該打者と投手のシーズン対戦成績。打席数が少ない値の解釈に注意。
2026,2026-08-16,坂倉 将吾,広島,山﨑 伊織,巨人,6,6,2,0,0,0,0.3333,0.3333,0.3333,0.6666,はい,当該打者と投手のシーズン対戦成績。打席数が少ない値の解釈に注意。
2026,2026-08-16,坂倉 将吾,広島,戸郷 翔征,巨人,6,4,2,1,2,0,0.5,0.6667,1.5,2.1667,はい,当該打者と投手のシーズン対戦成績。打席数が少ない値の解釈に注意。
2026,2026-08-16,坂倉 将吾,広島,金丸 夢斗,中日,6,5,0,0,1,2,0.0,0.1667,0.0,0.1667,はい,当該打者と投手のシーズン対戦成績。打席数が少ない値の解釈に注意。
2026,2026-08-16,坂倉 将吾,広島,高梨 裕稔,ヤクルト,6,6,3,1,0,1,0.5,0.5,1.1667,1.6667,はい,当該打者と投手のシーズン対戦成績。打席数が少ない値の解釈に注意。
2026,2026-08-16,坂倉 将吾,広島,髙橋 遥人,阪神,6,6,1,0,0,1,0.1667,0.1667,0.1667,0.3334,はい,当該打者と投手のシーズン対戦成績。打席数が少ない値の解釈に注意。
2026,2026-08-16,坂倉 将吾,広島,ウィットリー,巨人,5,5,0,0,0,2,0.0,0.0,0.0,0.0,はい,当該打者と投手のシーズン対戦成績。打席数が少ない値の解釈に注意。
2026,2026-08-16,坂倉 将吾,広島,マラー,中日,5,4,1,0,1,0,0.25,0.4,0.25,0.65,はい,当該打者と投手のシーズン対戦成績。打席数が少ない値の解釈に注意。
2026,2026-08-16,坂倉 将吾,広島,レイノルズ,DeNA,5,5,1,0,0,2,0.2,0.2,0.4,0.6,はい,当該打者と投手のシーズン対戦成績。打席数が少ない値の解釈に注意。
2026,2026-08-16,坂倉 将吾,広島,清水 昇,ヤクルト,5,5,2,0,0,0,0.4,0.4,0.6,1.0,はい,当該打者と投手のシーズン対戦成績。打席数が少ない値の解釈に注意。
2026,2026-08-16,坂倉 将吾,広島,石田 裕太郎,DeNA,5,3,1,0,1,0,0.3333,0.4,0.3333,0.7333,はい,当該打者と投手のシーズン対戦成績。打席数が少ない値の解釈に注意。
2026,2026-08-16,坂倉 将吾,広島,竹田 祐,DeNA,5,5,2,1,0,1,0.4,0.4,1.0,1.4,はい,当該打者と投手のシーズン対戦成績。打席数が少ない値の解釈に注意。
2026,2026-08-16,源田 壮亮,西武,北山 亘基,日本ハム,9,5,1,0,2,1,0.2,0.375,0.2,0.575,はい,当該打者と投手のシーズン対戦成績。打席数が少ない値の解釈に注意。
2026,2026-08-16,源田 壮亮,西武,エスピノーザ,オリックス,8,7,2,0,1,0,0.2857,0.375,0.2857,0.6607,はい,当該打者と投手のシーズン対戦成績。打席数が少ない値の解釈に注意。
2026,2026-08-16,源田 壮亮,西武,田中 晴也,ロッテ,8,7,3,0,1,1,0.4286,0.5,0.4286,0.9286,はい,当該打者と投手のシーズン対戦成績。打席数が少ない値の解釈に注意。
2026,2026-08-16,源田 壮亮,西武,大関 友久,ソフトバンク,7,6,0,0,0,1,0.0,0.0,0.0,0.0,はい,当該打者と投手のシーズン対戦成績。打席数が少ない値の解釈に注意。
2026,2026-08-16,源田 壮亮,西武,早川 隆久,楽天,6,4,2,0,0,0,0.5,0.5,0.75,1.25,はい,当該打者と投手のシーズン対戦成績。打席数が少ない値の解釈に注意。
2026,2026-08-16,源田 壮亮,西武,ジェリー,オリックス,5,5,1,0,0,1,0.2,0.2,0.2,0.4,はい,当該打者と投手のシーズン対戦成績。打席数が少ない値の解釈に注意。
2026,2026-08-16,源田 壮亮,西武,伊藤 大海,日本ハム,5,5,2,0,0,1,0.4,0.4,0.4,0.8,はい,当該打者と投手のシーズン対戦成績。打席数が少ない値の解釈に注意。
2026,2026-08-16,石井 一成,西武,伊藤 大海,日本ハム,15,14,3,0,1,3,0.2143,0.2667,0.2857,0.5524,いいえ,当該打者と投手のシーズン対戦成績。打席数が少ない値の解釈に注意。
2026,2026-08-16,石井 一成,西武,毛利 海大,ロッテ,10,10,3,0,0,3,0.3,0.3,0.4,0.7,いいえ,当該打者と投手のシーズン対戦成績。打席数が少ない値の解釈に注意。
2026,2026-08-16,石井 一成,西武,エスピノーザ,オリックス,9,9,3,0,0,3,0.3333,0.3333,0.3333,0.6666,はい,当該打者と投手のシーズン対戦成績。打席数が少ない値の解釈に注意。
2026,2026-08-16,石井 一成,西武,松本 晴,ソフトバンク,8,7,1,1,1,4,0.1429,0.25,0.5714,0.8214,はい,当該打者と投手のシーズン対戦成績。打席数が少ない値の解釈に注意。
2026,2026-08-16,石井 一成,西武,瀧中 瞭太,楽天,7,7,2,0,0,2,0.2857,0.2857,0.5714,0.8571,はい,当該打者と投手のシーズン対戦成績。打席数が少ない値の解釈に注意。
2026,2026-08-16,石井 一成,西武,ウレーニャ,楽天,6,6,1,0,0,1,0.1667,0.1667,0.1667,0.3334,はい,当該打者と投手のシーズン対戦成績。打席数が少ない値の解釈に注意。
2026,2026-08-16,石井 一成,西武,大津 亮介,ソフトバンク,6,6,1,1,0,1,0.1667,0.1667,0.6667,0.8334,はい,当該打者と投手のシーズン対戦成績。打席数が少ない値の解釈に注意。
2026,2026-08-16,石井 一成,西武,岸 孝之,楽天,6,6,1,0,0,1,0.1667,0.1667,0.1667,0.3334,はい,当該打者と投手のシーズン対戦成績。打席数が少ない値の解釈に注意。
2026,2026-08-16,石井 一成,西武,田中 晴也,ロッテ,6,6,1,1,0,1,0.1667,0.1667,0.6667,0.8334,はい,当該打者と投手のシーズン対戦成績。打席数が少ない値の解釈に注意。
2026,2026-08-16,石井 一成,西武,荘司 康誠,楽天,6,5,3,1,1,2,0.6,0.6667,1.4,2.0667,はい,当該打者と投手のシーズン対戦成績。打席数が少ない値の解釈に注意。
2026,2026-08-16,石井 一成,西武,ジャクソン,ロッテ,5,3,1,0,1,1,0.3333,0.6,0.3333,0.9333,はい,当該打者と投手のシーズン対戦成績。打席数が少ない値の解釈に注意。
2026,2026-08-16,石井 一成,西武,山﨑 福也,日本ハム,5,5,2,0,0,0,0.4,0.4,0.4,0.8,はい,当該打者と投手のシーズン対戦成績。打席数が少ない値の解釈に注意。
2026,2026-08-16,石井 一成,西武,髙島 泰都,オリックス,5,5,1,0,0,0,0.2,0.2,0.2,0.4,はい,当該打者と投手のシーズン対戦成績。打席数が少ない値の解釈に注意。
2026,2026-08-16,三森 大貴,DeNA,井上 温大,巨人,11,11,5,0,0,1,0.4545,0.4545,0.4545,0.909,いいえ,当該打者と投手のシーズン対戦成績。打席数が少ない値の解釈に注意。
2026,2026-08-16,三森 大貴,DeNA,金丸 夢斗,中日,8,8,1,0,0,2,0.125,0.125,0.125,0.25,はい,当該打者と投手のシーズン対戦成績。打席数が少ない値の解釈に注意。
2026,2026-08-16,三森 大貴,DeNA,才木 浩人,阪神,6,5,2,0,1,1,0.4,0.5,0.4,0.9,はい,当該打者と投手のシーズン対戦成績。打席数が少ない値の解釈に注意。
2026,2026-08-16,三森 大貴,DeNA,ターノック,広島,5,5,3,0,0,1,0.6,0.6,0.6,1.2,はい,当該打者と投手のシーズン対戦成績。打席数が少ない値の解釈に注意。
2026,2026-08-16,福永 奨,オリックス,ジャクソン,ロッテ,5,4,0,0,1,1,0.0,0.2,0.0,0.2,はい,当該打者と投手のシーズン対戦成績。打席数が少ない値の解釈に注意。
2026,2026-08-16,丸山 和郁,ヤクルト,髙橋 宏斗,中日,9,9,2,0,0,0,0.2222,0.2222,0.2222,0.4444,はい,当該打者と投手のシーズン対戦成績。打席数が少ない値の解釈に注意。
2026,2026-08-16,丸山 和郁,ヤクルト,才木 浩人,阪神,8,8,5,1,0,2,0.625,0.625,1.125,1.75,はい,当該打者と投手のシーズン対戦成績。打席数が少ない値の解釈に注意。
2026,2026-08-16,丸山 和郁,ヤクルト,岡本 駿,広島,5,5,2,0,0,0,0.4,0.4,0.4,0.8,はい,当該打者と投手のシーズン対戦成績。打席数が少ない値の解釈に注意。
2026,2026-08-16,丸山 和郁,ヤクルト,西 勇輝,阪神,5,5,3,0,0,0,0.6,0.6,1.0,1.6,はい,当該打者と投手のシーズン対戦成績。打席数が少ない値の解釈に注意。
2026,2026-08-16,杉澤 龍,オリックス,上沢 直之,ソフトバンク,7,7,2,1,0,3,0.2857,0.2857,0.7143,1.0,はい,当該打者と投手のシーズン対戦成績。打席数が少ない値の解釈に注意。
2026,2026-08-16,杉澤 龍,オリックス,有原 航平,日本ハム,7,7,4,0,0,0,0.5714,0.5714,0.7143,1.2857,はい,当該打者と投手のシーズン対戦成績。打席数が少ない値の解釈に注意。
2026,2026-08-16,杉澤 龍,オリックス,ジャクソン,ロッテ,6,5,2,0,0,1,0.4,0.5,0.4,0.9,はい,当該打者と投手のシーズン対戦成績。打席数が少ない値の解釈に注意。
2026,2026-08-16,林 安可,西武,ウレーニャ,楽天,8,7,4,0,0,0,0.5714,0.625,0.7143,1.3393,はい,当該打者と投手のシーズン対戦成績。打席数が少ない値の解釈に注意。
2026,2026-08-16,林 安可,西武,大津 亮介,ソフトバンク,8,6,0,0,2,1,0.0,0.25,0.0,0.25,はい,当該打者と投手のシーズン対戦成績。打席数が少ない値の解釈に注意。
2026,2026-08-16,林 安可,西武,荘司 康誠,楽天,8,8,3,0,0,2,0.375,0.375,0.5,0.875,はい,当該打者と投手のシーズン対戦成績。打席数が少ない値の解釈に注意。
2026,2026-08-16,林 安可,西武,エスピノーザ,オリックス,7,7,1,0,0,2,0.1429,0.1429,0.2857,0.4286,はい,当該打者と投手のシーズン対戦成績。打席数が少ない値の解釈に注意。
2026,2026-08-16,林 安可,西武,上茶谷 大河,ソフトバンク,6,5,1,1,1,3,0.2,0.3333,0.8,1.1333,はい,当該打者と投手のシーズン対戦成績。打席数が少ない値の解釈に注意。
2026,2026-08-16,林 安可,西武,伊藤 大海,日本ハム,6,6,1,0,0,0,0.1667,0.1667,0.3333,0.5,はい,当該打者と投手のシーズン対戦成績。打席数が少ない値の解釈に注意。
2026,2026-08-16,林 安可,西武,北山 亘基,日本ハム,6,6,2,0,0,2,0.3333,0.3333,0.5,0.8333,はい,当該打者と投手のシーズン対戦成績。打席数が少ない値の解釈に注意。
2026,2026-08-16,林 安可,西武,寺西 成騎,オリックス,6,5,3,0,1,1,0.6,0.6667,0.8,1.4667,はい,当該打者と投手のシーズン対戦成績。打席数が少ない値の解釈に注意。
2026,2026-08-16,林 安可,西武,徐 若熙,ソフトバンク,6,6,3,0,0,0,0.5,0.5,0.5,1.0,はい,当該打者と投手のシーズン対戦成績。打席数が少ない値の解釈に注意。
2026,2026-08-16,林 安可,西武,田中 晴也,ロッテ,6,5,1,0,1,0,0.2,0.3333,0.2,0.5333,はい,当該打者と投手のシーズン対戦成績。打席数が少ない値の解釈に注意。
2026,2026-08-16,林 安可,西武,小島 和哉,ロッテ,5,4,0,0,0,2,0.0,0.2,0.0,0.2,はい,当該打者と投手のシーズン対戦成績。打席数が少ない値の解釈に注意。
2026,2026-08-16,林 安可,西武,松本 晴,ソフトバンク,5,4,0,0,1,2,0.0,0.2,0.0,0.2,はい,当該打者と投手のシーズン対戦成績。打席数が少ない値の解釈に注意。
2026,2026-08-16,林 安可,西武,髙島 泰都,オリックス,5,5,1,0,0,2,0.2,0.2,0.2,0.4,はい,当該打者と投手のシーズン対戦成績。打席数が少ない値の解釈に注意。
2026,2026-08-16,ソト,ロッテ,武内 夏暉,西武,14,14,4,0,0,3,0.2857,0.2857,0.4286,0.7143,いいえ,当該打者と投手のシーズン対戦成績。打席数が少ない値の解釈に注意。
2026,2026-08-16,ソト,ロッテ,平良 海馬,西武,13,12,2,0,1,1,0.1667,0.2308,0.1667,0.3975,いいえ,当該打者と投手のシーズン対戦成績。打席数が少ない値の解釈に注意。
2026,2026-08-16,ソト,ロッテ,加藤 貴之,日本ハム,11,9,2,0,1,0,0.2222,0.2727,0.2222,0.4949,いいえ,当該打者と投手のシーズン対戦成績。打席数が少ない値の解釈に注意。
2026,2026-08-16,ソト,ロッテ,早川 隆久,楽天,9,9,1,1,0,3,0.1111,0.1111,0.4444,0.5555,はい,当該打者と投手のシーズン対戦成績。打席数が少ない値の解釈に注意。
2026,2026-08-16,ソト,ロッテ,髙島 泰都,オリックス,9,8,2,0,1,3,0.25,0.3333,0.25,0.5833,はい,当該打者と投手のシーズン対戦成績。打席数が少ない値の解釈に注意。
2026,2026-08-16,ソト,ロッテ,ジェリー,オリックス,8,6,1,0,1,2,0.1667,0.375,0.1667,0.5417,はい,当該打者と投手のシーズン対戦成績。打席数が少ない値の解釈に注意。
2026,2026-08-16,ソト,ロッテ,上沢 直之,ソフトバンク,8,8,2,0,0,0,0.25,0.25,0.25,0.5,はい,当該打者と投手のシーズン対戦成績。打席数が少ない値の解釈に注意。
2026,2026-08-16,ソト,ロッテ,佐藤 爽,西武,8,7,2,0,0,2,0.2857,0.375,0.2857,0.6607,はい,当該打者と投手のシーズン対戦成績。打席数が少ない値の解釈に注意。
2026,2026-08-16,ソト,ロッテ,松本 晴,ソフトバンク,8,4,0,0,4,3,0.0,0.5,0.0,0.5,はい,当該打者と投手のシーズン対戦成績。打席数が少ない値の解釈に注意。
2026,2026-08-16,ソト,ロッテ,スチュワート・ジュニア,ソフトバンク,7,7,1,0,0,1,0.1429,0.1429,0.1429,0.2858,はい,当該打者と投手のシーズン対戦成績。打席数が少ない値の解釈に注意。
2026,2026-08-16,ソト,ロッテ,北山 亘基,日本ハム,7,7,2,2,0,1,0.2857,0.2857,1.1429,1.4286,はい,当該打者と投手のシーズン対戦成績。打席数が少ない値の解釈に注意。
2026,2026-08-16,ソト,ロッテ,荘司 康誠,楽天,7,7,1,0,0,4,0.1429,0.1429,0.2857,0.4286,はい,当該打者と投手のシーズン対戦成績。打席数が少ない値の解釈に注意。
2026,2026-08-16,ソト,ロッテ,エスピノーザ,オリックス,6,6,1,0,0,2,0.1667,0.1667,0.1667,0.3334,はい,当該打者と投手のシーズン対戦成績。打席数が少ない値の解釈に注意。
2026,2026-08-16,ソト,ロッテ,寺西 成騎,オリックス,6,5,1,1,1,1,0.2,0.3333,0.8,1.1333,はい,当該打者と投手のシーズン対戦成績。打席数が少ない値の解釈に注意。
2026,2026-08-16,ソト,ロッテ,曽谷 龍平,オリックス,6,6,3,2,0,2,0.5,0.5,1.5,2.0,はい,当該打者と投手のシーズン対戦成績。打席数が少ない値の解釈に注意。
2026,2026-08-16,ソト,ロッテ,渡邉 勇太朗,西武,6,6,2,0,0,1,0.3333,0.3333,0.5,0.8333,はい,当該打者と投手のシーズン対戦成績。打席数が少ない値の解釈に注意。
2026,2026-08-16,ソト,ロッテ,細野 晴希,日本ハム,6,6,2,0,0,2,0.3333,0.3333,0.3333,0.6666,はい,当該打者と投手のシーズン対戦成績。打席数が少ない値の解釈に注意。
2026,2026-08-16,ソト,ロッテ,達 孝太,日本ハム,6,6,1,0,0,2,0.1667,0.1667,0.1667,0.3334,はい,当該打者と投手のシーズン対戦成績。打席数が少ない値の解釈に注意。
2026,2026-08-16,ソト,ロッテ,椋木 蓮,オリックス,5,5,0,0,0,3,0.0,0.0,0.0,0.0,はい,当該打者と投手のシーズン対戦成績。打席数が少ない値の解釈に注意。
2026,2026-08-16,清宮 幸太郎,日本ハム,ジャクソン,ロッテ,14,11,1,0,3,4,0.0909,0.2857,0.2727,0.5584,いいえ,当該打者と投手のシーズン対戦成績。打席数が少ない値の解釈に注意。
2026,2026-08-16,清宮 幸太郎,日本ハム,上沢 直之,ソフトバンク,13,13,4,1,0,4,0.3077,0.3077,0.5385,0.8462,いいえ,当該打者と投手のシーズン対戦成績。打席数が少ない値の解釈に注意。
2026,2026-08-16,清宮 幸太郎,日本ハム,九里 亜蓮,オリックス,13,10,3,0,2,1,0.3,0.3846,0.4,0.7846,いいえ,当該打者と投手のシーズン対戦成績。打席数が少ない値の解釈に注意。
2026,2026-08-16,清宮 幸太郎,日本ハム,平良 海馬,西武,11,9,0,0,2,1,0.0,0.1818,0.0,0.1818,いいえ,当該打者と投手のシーズン対戦成績。打席数が少ない値の解釈に注意。
2026,2026-08-16,清宮 幸太郎,日本ハム,古謝 樹,楽天,10,10,1,0,0,2,0.1,0.1,0.1,0.2,いいえ,当該打者と投手のシーズン対戦成績。打席数が少ない値の解釈に注意。
2026,2026-08-16,清宮 幸太郎,日本ハム,荘司 康誠,楽天,10,8,1,1,1,1,0.125,0.3,0.5,0.8,いいえ,当該打者と投手のシーズン対戦成績。打席数が少ない値の解釈に注意。
2026,2026-08-16,清宮 幸太郎,日本ハム,エスピノーザ,オリックス,8,5,2,1,3,1,0.4,0.625,1.2,1.825,はい,当該打者と投手のシーズン対戦成績。打席数が少ない値の解釈に注意。
2026,2026-08-16,清宮 幸太郎,日本ハム,スチュワート・ジュニア,ソフトバンク,8,7,2,1,1,1,0.2857,0.375,0.7143,1.0893,はい,当該打者と投手のシーズン対戦成績。打席数が少ない値の解釈に注意。
2026,2026-08-16,清宮 幸太郎,日本ハム,渡邉 勇太朗,西武,8,8,2,1,0,2,0.25,0.25,0.625,0.875,はい,当該打者と投手のシーズン対戦成績。打席数が少ない値の解釈に注意。
2026,2026-08-16,清宮 幸太郎,日本ハム,瀧中 瞭太,楽天,8,7,1,0,1,1,0.1429,0.25,0.1429,0.3929,はい,当該打者と投手のシーズン対戦成績。打席数が少ない値の解釈に注意。
2026,2026-08-16,清宮 幸太郎,日本ハム,ジェリー,オリックス,7,7,1,0,0,2,0.1429,0.1429,0.2857,0.4286,はい,当該打者と投手のシーズン対戦成績。打席数が少ない値の解釈に注意。
2026,2026-08-16,清宮 幸太郎,日本ハム,前田 健太,楽天,7,6,1,0,1,1,0.1667,0.2857,0.1667,0.4524,はい,当該打者と投手のシーズン対戦成績。打席数が少ない値の解釈に注意。
2026,2026-08-16,清宮 幸太郎,日本ハム,松本 晴,ソフトバンク,7,5,4,0,0,1,0.8,0.8571,0.8,1.6571,はい,当該打者と投手のシーズン対戦成績。打席数が少ない値の解釈に注意。
2026,2026-08-16,清宮 幸太郎,日本ハム,河村 説人,ロッテ,7,5,2,0,2,1,0.4,0.5714,0.6,1.1714,はい,当該打者と投手のシーズン対戦成績。打席数が少ない値の解釈に注意。
2026,2026-08-16,清宮 幸太郎,日本ハム,甲斐野 央,西武,7,4,1,0,3,2,0.25,0.5714,0.25,0.8214,はい,当該打者と投手のシーズン対戦成績。打席数が少ない値の解釈に注意。
2026,2026-08-16,清宮 幸太郎,日本ハム,髙島 泰都,オリックス,7,6,3,1,1,2,0.5,0.5714,1.0,1.5714,はい,当該打者と投手のシーズン対戦成績。打席数が少ない値の解釈に注意。
2026,2026-08-16,清宮 幸太郎,日本ハム,上茶谷 大河,ソフトバンク,6,6,0,0,0,1,0.0,0.0,0.0,0.0,はい,当該打者と投手のシーズン対戦成績。打席数が少ない値の解釈に注意。
2026,2026-08-16,清宮 幸太郎,日本ハム,寺西 成騎,オリックス,6,5,2,0,0,1,0.4,0.3333,0.6,0.9333,はい,当該打者と投手のシーズン対戦成績。打席数が少ない値の解釈に注意。
2026,2026-08-16,清宮 幸太郎,日本ハム,曽谷 龍平,オリックス,6,6,1,0,0,1,0.1667,0.1667,0.1667,0.3334,はい,当該打者と投手のシーズン対戦成績。打席数が少ない値の解釈に注意。
2026,2026-08-16,清宮 幸太郎,日本ハム,杉山 一樹,ソフトバンク,6,6,4,1,0,0,0.6667,0.6667,1.1667,1.8334,はい,当該打者と投手のシーズン対戦成績。打席数が少ない値の解釈に注意。
2026,2026-08-16,清宮 幸太郎,日本ハム,武内 夏暉,西武,6,6,1,0,0,1,0.1667,0.1667,0.1667,0.3334,はい,当該打者と投手のシーズン対戦成績。打席数が少ない値の解釈に注意。
2026,2026-08-16,清宮 幸太郎,日本ハム,西野 勇士,ロッテ,6,6,1,0,0,0,0.1667,0.1667,0.1667,0.3334,はい,当該打者と投手のシーズン対戦成績。打席数が少ない値の解釈に注意。
2026,2026-08-16,清宮 幸太郎,日本ハム,髙橋 光成,西武,6,5,0,0,1,1,0.0,0.1667,0.0,0.1667,はい,当該打者と投手のシーズン対戦成績。打席数が少ない値の解釈に注意。
2026,2026-08-16,清宮 幸太郎,日本ハム,ワイナンス,西武,5,3,0,0,1,1,0.0,0.4,0.0,0.4,はい,当該打者と投手のシーズン対戦成績。打席数が少ない値の解釈に注意。
2026,2026-08-16,清宮 幸太郎,日本ハム,前田 悠伍,ソフトバンク,5,5,1,0,0,2,0.2,0.2,0.4,0.6,はい,当該打者と投手のシーズン対戦成績。打席数が少ない値の解釈に注意。
2026,2026-08-16,清宮 幸太郎,日本ハム,木村 優人,ロッテ,5,5,2,1,0,2,0.4,0.4,1.0,1.4,はい,当該打者と投手のシーズン対戦成績。打席数が少ない値の解釈に注意。
2026,2026-08-16,岸田 行倫,巨人,石田 裕太郎,DeNA,12,11,5,0,0,1,0.4545,0.5,0.4545,0.9545,いいえ,当該打者と投手のシーズン対戦成績。打席数が少ない値の解釈に注意。
2026,2026-08-16,岸田 行倫,巨人,金丸 夢斗,中日,12,12,4,1,0,2,0.3333,0.3333,0.75,1.0833,いいえ,当該打者と投手のシーズン対戦成績。打席数が少ない値の解釈に注意。
2026,2026-08-16,岸田 行倫,巨人,髙橋 遥人,阪神,10,8,1,0,2,2,0.125,0.3,0.125,0.425,いいえ,当該打者と投手のシーズン対戦成績。打席数が少ない値の解釈に注意。
2026,2026-08-16,岸田 行倫,巨人,大野 雄大,中日,6,6,0,0,0,0,0.0,0.0,0.0,0.0,はい,当該打者と投手のシーズン対戦成績。打席数が少ない値の解釈に注意。
2026,2026-08-16,岸田 行倫,巨人,奥川 恭伸,ヤクルト,6,6,0,0,0,2,0.0,0.0,0.0,0.0,はい,当該打者と投手のシーズン対戦成績。打席数が少ない値の解釈に注意。
2026,2026-08-16,岸田 行倫,巨人,山野 太一,ヤクルト,6,6,2,0,0,1,0.3333,0.3333,0.3333,0.6666,はい,当該打者と投手のシーズン対戦成績。打席数が少ない値の解釈に注意。
2026,2026-08-16,岸田 行倫,巨人,村上 頌樹,阪神,6,6,0,0,0,2,0.0,0.0,0.0,0.0,はい,当該打者と投手のシーズン対戦成績。打席数が少ない値の解釈に注意。
2026,2026-08-16,岸田 行倫,巨人,森 翔平,広島,6,5,0,0,1,1,0.0,0.1667,0.0,0.1667,はい,当該打者と投手のシーズン対戦成績。打席数が少ない値の解釈に注意。
2026,2026-08-16,大城 卓三,巨人,才木 浩人,阪神,13,12,3,0,1,3,0.25,0.3077,0.3333,0.641,いいえ,当該打者と投手のシーズン対戦成績。打席数が少ない値の解釈に注意。
2026,2026-08-16,大城 卓三,巨人,奥川 恭伸,ヤクルト,9,8,1,0,1,1,0.125,0.2222,0.125,0.3472,はい,当該打者と投手のシーズン対戦成績。打席数が少ない値の解釈に注意。
2026,2026-08-16,大城 卓三,巨人,柳 裕也,中日,9,9,2,0,0,2,0.2222,0.2222,0.3333,0.5555,はい,当該打者と投手のシーズン対戦成績。打席数が少ない値の解釈に注意。
2026,2026-08-16,大城 卓三,巨人,大野 雄大,中日,8,8,1,0,0,3,0.125,0.125,0.125,0.25,はい,当該打者と投手のシーズン対戦成績。打席数が少ない値の解釈に注意。
2026,2026-08-16,大城 卓三,巨人,平良 拳太郎,DeNA,7,6,0,0,1,3,0.0,0.1429,0.0,0.1429,はい,当該打者と投手のシーズン対戦成績。打席数が少ない値の解釈に注意。
2026,2026-08-16,大城 卓三,巨人,村上 頌樹,阪神,7,5,1,0,2,0,0.2,0.4286,0.2,0.6286,はい,当該打者と投手のシーズン対戦成績。打席数が少ない値の解釈に注意。
2026,2026-08-16,大城 卓三,巨人,山野 太一,ヤクルト,5,4,0,0,1,1,0.0,0.2,0.0,0.2,はい,当該打者と投手のシーズン対戦成績。打席数が少ない値の解釈に注意。
2026,2026-08-16,大城 卓三,巨人,岡本 駿,広島,5,5,2,0,0,1,0.4,0.4,0.6,1.0,はい,当該打者と投手のシーズン対戦成績。打席数が少ない値の解釈に注意。
2026,2026-08-16,大城 卓三,巨人,床田 寛樹,広島,5,5,4,1,0,0,0.8,0.8,1.4,2.2,はい,当該打者と投手のシーズン対戦成績。打席数が少ない値の解釈に注意。
2026,2026-08-16,大城 卓三,巨人,玉村 昇悟,広島,5,5,1,0,0,1,0.2,0.2,0.2,0.4,はい,当該打者と投手のシーズン対戦成績。打席数が少ない値の解釈に注意。
2026,2026-08-16,大城 卓三,巨人,篠木 健太郎,DeNA,5,5,1,0,0,1,0.2,0.2,0.4,0.6,はい,当該打者と投手のシーズン対戦成績。打席数が少ない値の解釈に注意。
2026,2026-08-16,東 克樹,DeNA,金丸 夢斗,中日,5,4,0,0,0,0,0.0,0.0,0.0,0.0,はい,当該打者と投手のシーズン対戦成績。打席数が少ない値の解釈に注意。
2026,2026-08-16,山本 祐大,ソフトバンク,床田 寛樹,広島,9,9,4,0,0,1,0.4444,0.4444,0.6667,1.1111,はい,当該打者と投手のシーズン対戦成績。打席数が少ない値の解釈に注意。
2026,2026-08-16,山本 祐大,ソフトバンク,才木 浩人,阪神,9,8,2,0,0,1,0.25,0.3333,0.5,0.8333,はい,当該打者と投手のシーズン対戦成績。打席数が少ない値の解釈に注意。
2026,2026-08-16,山本 祐大,ソフトバンク,古謝 樹,楽天,8,7,5,0,1,0,0.7143,0.75,0.7143,1.4643,はい,当該打者と投手のシーズン対戦成績。打席数が少ない値の解釈に注意。
2026,2026-08-16,山本 祐大,ソフトバンク,髙橋 光成,西武,8,8,1,0,0,0,0.125,0.125,0.25,0.375,はい,当該打者と投手のシーズン対戦成績。打席数が少ない値の解釈に注意。
2026,2026-08-16,山本 祐大,ソフトバンク,金丸 夢斗,中日,6,6,1,0,0,2,0.1667,0.1667,0.1667,0.3334,はい,当該打者と投手のシーズン対戦成績。打席数が少ない値の解釈に注意。
2026,2026-08-16,山本 祐大,ソフトバンク,ターノック,広島,5,4,1,0,1,1,0.25,0.4,0.25,0.65,はい,当該打者と投手のシーズン対戦成績。打席数が少ない値の解釈に注意。
2026,2026-08-16,山本 祐大,ソフトバンク,井上 温大,巨人,5,5,0,0,0,1,0.0,0.0,0.0,0.0,はい,当該打者と投手のシーズン対戦成績。打席数が少ない値の解釈に注意。
2026,2026-08-16,山本 祐大,ソフトバンク,細野 晴希,日本ハム,5,4,1,0,1,1,0.25,0.4,0.25,0.65,はい,当該打者と投手のシーズン対戦成績。打席数が少ない値の解釈に注意。
2026,2026-08-16,中村 奨成,広島,髙橋 宏斗,中日,6,5,1,0,0,1,0.2,0.2,0.2,0.4,はい,当該打者と投手のシーズン対戦成績。打席数が少ない値の解釈に注意。
2026,2026-08-16,髙橋 遥人,阪神,髙橋 宏斗,中日,5,4,1,0,0,2,0.25,0.25,0.25,0.5,はい,当該打者と投手のシーズン対戦成績。打席数が少ない値の解釈に注意。
2026,2026-08-16,熊谷 敬宥,阪神,マラー,中日,11,11,3,0,0,0,0.2727,0.2727,0.2727,0.5454,いいえ,当該打者と投手のシーズン対戦成績。打席数が少ない値の解釈に注意。
2026,2026-08-16,熊谷 敬宥,阪神,山野 太一,ヤクルト,5,5,1,0,0,1,0.2,0.2,0.2,0.4,はい,当該打者と投手のシーズン対戦成績。打席数が少ない値の解釈に注意。
2026,2026-08-16,安田 尚憲,ロッテ,加藤 貴之,日本ハム,7,7,3,0,0,0,0.4286,0.4286,0.4286,0.8572,はい,当該打者と投手のシーズン対戦成績。打席数が少ない値の解釈に注意。
2026,2026-08-16,安田 尚憲,ロッテ,ジェリー,オリックス,5,5,1,0,0,1,0.2,0.2,0.4,0.6,はい,当該打者と投手のシーズン対戦成績。打席数が少ない値の解釈に注意。
2026,2026-08-16,安田 尚憲,ロッテ,寺西 成騎,オリックス,5,4,1,1,1,1,0.25,0.4,1.0,1.4,はい,当該打者と投手のシーズン対戦成績。打席数が少ない値の解釈に注意。
2026,2026-08-16,西川 愛也,西武,毛利 海大,ロッテ,12,12,5,0,0,0,0.4167,0.4167,0.6667,1.0834,いいえ,当該打者と投手のシーズン対戦成績。打席数が少ない値の解釈に注意。
2026,2026-08-16,西川 愛也,西武,ウレーニャ,楽天,9,9,3,0,0,0,0.3333,0.3333,0.4444,0.7777,はい,当該打者と投手のシーズン対戦成績。打席数が少ない値の解釈に注意。
2026,2026-08-16,西川 愛也,西武,エスピノーザ,オリックス,8,8,0,0,0,1,0.0,0.0,0.0,0.0,はい,当該打者と投手のシーズン対戦成績。打席数が少ない値の解釈に注意。
2026,2026-08-16,西川 愛也,西武,ジャクソン,ロッテ,8,8,3,1,0,2,0.375,0.375,0.875,1.25,はい,当該打者と投手のシーズン対戦成績。打席数が少ない値の解釈に注意。
2026,2026-08-16,西川 愛也,西武,荘司 康誠,楽天,7,7,0,0,0,1,0.0,0.0,0.0,0.0,はい,当該打者と投手のシーズン対戦成績。打席数が少ない値の解釈に注意。
2026,2026-08-16,西川 愛也,西武,達 孝太,日本ハム,7,5,0,0,1,1,0.0,0.1667,0.0,0.1667,はい,当該打者と投手のシーズン対戦成績。打席数が少ない値の解釈に注意。
2026,2026-08-16,西川 愛也,西武,髙島 泰都,オリックス,7,5,1,0,1,2,0.2,0.4286,0.2,0.6286,はい,当該打者と投手のシーズン対戦成績。打席数が少ない値の解釈に注意。
2026,2026-08-16,西川 愛也,西武,北山 亘基,日本ハム,6,6,2,0,0,1,0.3333,0.3333,0.3333,0.6666,はい,当該打者と投手のシーズン対戦成績。打席数が少ない値の解釈に注意。
2026,2026-08-16,西川 愛也,西武,大関 友久,ソフトバンク,6,6,3,0,0,0,0.5,0.5,0.6667,1.1667,はい,当該打者と投手のシーズン対戦成績。打席数が少ない値の解釈に注意。
2026,2026-08-16,西川 愛也,西武,松本 晴,ソフトバンク,6,6,2,0,0,1,0.3333,0.3333,0.3333,0.6666,はい,当該打者と投手のシーズン対戦成績。打席数が少ない値の解釈に注意。
2026,2026-08-16,西川 愛也,西武,瀧中 瞭太,楽天,6,5,1,0,0,1,0.2,0.1667,0.2,0.3667,はい,当該打者と投手のシーズン対戦成績。打席数が少ない値の解釈に注意。
2026,2026-08-16,西川 愛也,西武,田中 晴也,ロッテ,6,6,1,0,0,0,0.1667,0.1667,0.1667,0.3334,はい,当該打者と投手のシーズン対戦成績。打席数が少ない値の解釈に注意。
2026,2026-08-16,西川 愛也,西武,大津 亮介,ソフトバンク,5,4,1,0,1,2,0.25,0.4,0.25,0.65,はい,当該打者と投手のシーズン対戦成績。打席数が少ない値の解釈に注意。
2026,2026-08-16,西川 愛也,西武,小島 和哉,ロッテ,5,5,2,0,0,2,0.4,0.4,0.8,1.2,はい,当該打者と投手のシーズン対戦成績。打席数が少ない値の解釈に注意。
2026,2026-08-16,西川 愛也,西武,岸 孝之,楽天,5,5,1,1,0,0,0.2,0.2,0.8,1.0,はい,当該打者と投手のシーズン対戦成績。打席数が少ない値の解釈に注意。
2026,2026-08-16,西川 愛也,西武,福島 蓮,日本ハム,5,5,3,0,0,1,0.6,0.6,1.2,1.8,はい,当該打者と投手のシーズン対戦成績。打席数が少ない値の解釈に注意。
2026,2026-08-16,西川 愛也,西武,高野 脩汰,ロッテ,5,5,1,0,0,1,0.2,0.2,0.2,0.4,はい,当該打者と投手のシーズン対戦成績。打席数が少ない値の解釈に注意。
2026,2026-08-16,増田 珠,ヤクルト,髙橋 宏斗,中日,10,9,3,0,1,2,0.3333,0.4,0.3333,0.7333,いいえ,当該打者と投手のシーズン対戦成績。打席数が少ない値の解釈に注意。
2026,2026-08-16,増田 珠,ヤクルト,大野 雄大,中日,9,8,2,0,0,0,0.25,0.3333,0.375,0.7083,はい,当該打者と投手のシーズン対戦成績。打席数が少ない値の解釈に注意。
2026,2026-08-16,増田 珠,ヤクルト,栗林 良吏,広島,9,9,6,0,0,0,0.6667,0.6667,0.7778,1.4445,はい,当該打者と投手のシーズン対戦成績。打席数が少ない値の解釈に注意。
2026,2026-08-16,増田 珠,ヤクルト,竹丸 和幸,巨人,8,7,4,0,0,0,0.5714,0.5,0.5714,1.0714,はい,当該打者と投手のシーズン対戦成績。打席数が少ない値の解釈に注意。
2026,2026-08-16,増田 珠,ヤクルト,戸郷 翔征,巨人,7,6,1,0,1,0,0.1667,0.2857,0.1667,0.4524,はい,当該打者と投手のシーズン対戦成績。打席数が少ない値の解釈に注意。
2026,2026-08-16,増田 珠,ヤクルト,森下 暢仁,広島,7,6,3,1,0,1,0.5,0.5714,1.3333,1.9047,はい,当該打者と投手のシーズン対戦成績。打席数が少ない値の解釈に注意。
2026,2026-08-16,増田 珠,ヤクルト,下村 海翔,阪神,6,6,2,0,0,1,0.3333,0.3333,0.3333,0.6666,はい,当該打者と投手のシーズン対戦成績。打席数が少ない値の解釈に注意。
2026,2026-08-16,増田 珠,ヤクルト,尾形 崇斗,DeNA,6,6,1,0,0,1,0.1667,0.1667,0.1667,0.3334,はい,当該打者と投手のシーズン対戦成績。打席数が少ない値の解釈に注意。
2026,2026-08-16,増田 珠,ヤクルト,柳 裕也,中日,6,6,2,0,0,1,0.3333,0.3333,0.5,0.8333,はい,当該打者と投手のシーズン対戦成績。打席数が少ない値の解釈に注意。
2026,2026-08-16,増田 珠,ヤクルト,篠木 健太郎,DeNA,6,5,0,0,0,2,0.0,0.0,0.0,0.0,はい,当該打者と投手のシーズン対戦成績。打席数が少ない値の解釈に注意。
2026,2026-08-16,増田 珠,ヤクルト,髙橋 遥人,阪神,6,6,2,0,0,0,0.3333,0.3333,0.3333,0.6666,はい,当該打者と投手のシーズン対戦成績。打席数が少ない値の解釈に注意。
2026,2026-08-16,増田 珠,ヤクルト,マタ,巨人,5,4,0,0,0,1,0.0,0.2,0.0,0.2,はい,当該打者と投手のシーズン対戦成績。打席数が少ない値の解釈に注意。
2026,2026-08-16,増田 珠,ヤクルト,伊藤 将司,阪神,5,5,0,0,0,2,0.0,0.0,0.0,0.0,はい,当該打者と投手のシーズン対戦成績。打席数が少ない値の解釈に注意。
2026,2026-08-16,増田 珠,ヤクルト,片山 皓心,DeNA,5,4,0,0,1,1,0.0,0.2,0.0,0.2,はい,当該打者と投手のシーズン対戦成績。打席数が少ない値の解釈に注意。
2026,2026-08-16,増田 珠,ヤクルト,石田 裕太郎,DeNA,5,5,1,0,0,1,0.2,0.2,0.4,0.6,はい,当該打者と投手のシーズン対戦成績。打席数が少ない値の解釈に注意。
2026,2026-08-16,増田 珠,ヤクルト,鈴木 健矢,広島,5,5,3,1,0,0,0.6,0.6,1.2,1.8,はい,当該打者と投手のシーズン対戦成績。打席数が少ない値の解釈に注意。
2026,2026-08-16,周東 佑京,ソフトバンク,古謝 樹,楽天,21,19,4,0,1,7,0.2105,0.25,0.2632,0.5132,いいえ,当該打者と投手のシーズン対戦成績。打席数が少ない値の解釈に注意。
2026,2026-08-16,周東 佑京,ソフトバンク,髙橋 光成,西武,18,16,4,0,2,1,0.25,0.3333,0.375,0.7083,いいえ,当該打者と投手のシーズン対戦成績。打席数が少ない値の解釈に注意。
2026,2026-08-16,周東 佑京,ソフトバンク,早川 隆久,楽天,16,15,3,0,0,3,0.2,0.25,0.2,0.45,いいえ,当該打者と投手のシーズン対戦成績。打席数が少ない値の解釈に注意。
2026,2026-08-16,周東 佑京,ソフトバンク,伊藤 大海,日本ハム,14,14,3,0,0,2,0.2143,0.2143,0.2143,0.4286,いいえ,当該打者と投手のシーズン対戦成績。打席数が少ない値の解釈に注意。
2026,2026-08-16,周東 佑京,ソフトバンク,隅田 知一郎,西武,11,11,3,0,0,3,0.2727,0.2727,0.3636,0.6363,いいえ,当該打者と投手のシーズン対戦成績。打席数が少ない値の解釈に注意。
2026,2026-08-16,周東 佑京,ソフトバンク,ジェリー,オリックス,10,9,3,0,1,0,0.3333,0.4,0.3333,0.7333,いいえ,当該打者と投手のシーズン対戦成績。打席数が少ない値の解釈に注意。
2026,2026-08-16,周東 佑京,ソフトバンク,ロング,ロッテ,10,7,3,0,3,2,0.4286,0.6,0.4286,1.0286,いいえ,当該打者と投手のシーズン対戦成績。打席数が少ない値の解釈に注意。
2026,2026-08-16,周東 佑京,ソフトバンク,武内 夏暉,西武,10,10,2,0,0,2,0.2,0.2,0.2,0.4,いいえ,当該打者と投手のシーズン対戦成績。打席数が少ない値の解釈に注意。
2026,2026-08-16,周東 佑京,ソフトバンク,ウレーニャ,楽天,9,9,4,0,0,1,0.4444,0.4444,0.4444,0.8888,はい,当該打者と投手のシーズン対戦成績。打席数が少ない値の解釈に注意。
2026,2026-08-16,周東 佑京,ソフトバンク,九里 亜蓮,オリックス,9,8,1,0,1,2,0.125,0.2222,0.125,0.3472,はい,当該打者と投手のシーズン対戦成績。打席数が少ない値の解釈に注意。
2026,2026-08-16,周東 佑京,ソフトバンク,渡邉 勇太朗,西武,9,9,3,0,0,2,0.3333,0.3333,0.4444,0.7777,はい,当該打者と投手のシーズン対戦成績。打席数が少ない値の解釈に注意。
2026,2026-08-16,周東 佑京,ソフトバンク,北山 亘基,日本ハム,8,6,1,0,1,2,0.1667,0.2857,0.5,0.7857,はい,当該打者と投手のシーズン対戦成績。打席数が少ない値の解釈に注意。
2026,2026-08-16,周東 佑京,ソフトバンク,廣池 康志郎,ロッテ,8,6,1,0,2,0,0.1667,0.375,0.3333,0.7083,はい,当該打者と投手のシーズン対戦成績。打席数が少ない値の解釈に注意。
2026,2026-08-16,周東 佑京,ソフトバンク,有原 航平,日本ハム,7,7,3,0,0,1,0.4286,0.4286,0.4286,0.8572,はい,当該打者と投手のシーズン対戦成績。打席数が少ない値の解釈に注意。
2026,2026-08-16,周東 佑京,ソフトバンク,田中 晴也,ロッテ,7,6,2,0,1,1,0.3333,0.4286,0.3333,0.7619,はい,当該打者と投手のシーズン対戦成績。打席数が少ない値の解釈に注意。
2026,2026-08-16,周東 佑京,ソフトバンク,達 孝太,日本ハム,7,6,2,0,0,0,0.3333,0.4286,0.6667,1.0953,はい,当該打者と投手のシーズン対戦成績。打席数が少ない値の解釈に注意。
2026,2026-08-16,周東 佑京,ソフトバンク,エスピノーザ,オリックス,6,6,1,0,0,3,0.1667,0.1667,0.3333,0.5,はい,当該打者と投手のシーズン対戦成績。打席数が少ない値の解釈に注意。
2026,2026-08-16,周東 佑京,ソフトバンク,小島 和哉,ロッテ,6,5,1,0,0,0,0.2,0.3333,0.4,0.7333,はい,当該打者と投手のシーズン対戦成績。打席数が少ない値の解釈に注意。
2026,2026-08-16,周東 佑京,ソフトバンク,毛利 海大,ロッテ,6,6,3,0,0,1,0.5,0.5,0.8333,1.3333,はい,当該打者と投手のシーズン対戦成績。打席数が少ない値の解釈に注意。
2026,2026-08-16,周東 佑京,ソフトバンク,菅井 信也,西武,6,5,0,0,0,1,0.0,0.0,0.0,0.0,はい,当該打者と投手のシーズン対戦成績。打席数が少ない値の解釈に注意。
2026,2026-08-16,周東 佑京,ソフトバンク,田嶋 大樹,オリックス,5,5,3,0,0,1,0.6,0.6,0.6,1.2,はい,当該打者と投手のシーズン対戦成績。打席数が少ない値の解釈に注意。
2026,2026-08-16,周東 佑京,ソフトバンク,細野 晴希,日本ハム,5,4,1,0,1,1,0.25,0.4,0.25,0.65,はい,当該打者と投手のシーズン対戦成績。打席数が少ない値の解釈に注意。
2026,2026-08-16,周東 佑京,ソフトバンク,藤井 聖,楽天,5,4,2,0,1,0,0.5,0.6,1.0,1.6,はい,当該打者と投手のシーズン対戦成績。打席数が少ない値の解釈に注意。
2026,2026-08-16,周東 佑京,ソフトバンク,鈴木 昭汰,ロッテ,5,5,0,0,0,0,0.0,0.0,0.0,0.0,はい,当該打者と投手のシーズン対戦成績。打席数が少ない値の解釈に注意。
2026,2026-08-16,村松 開人,中日,東 克樹,DeNA,16,16,5,0,0,3,0.3125,0.3125,0.5,0.8125,いいえ,当該打者と投手のシーズン対戦成績。打席数が少ない値の解釈に注意。
2026,2026-08-16,村松 開人,中日,ウィットリー,巨人,14,10,4,0,2,4,0.4,0.5714,0.7,1.2714,いいえ,当該打者と投手のシーズン対戦成績。打席数が少ない値の解釈に注意。
2026,2026-08-16,村松 開人,中日,髙橋 遥人,阪神,11,11,4,1,0,0,0.3636,0.3636,0.6364,1.0,いいえ,当該打者と投手のシーズン対戦成績。打席数が少ない値の解釈に注意。
2026,2026-08-16,村松 開人,中日,伊原 陵人,阪神,9,8,3,0,1,1,0.375,0.4444,0.375,0.8194,はい,当該打者と投手のシーズン対戦成績。打席数が少ない値の解釈に注意。
2026,2026-08-16,村松 開人,中日,奥川 恭伸,ヤクルト,9,9,5,1,0,0,0.5556,0.5556,1.2222,1.7778,はい,当該打者と投手のシーズン対戦成績。打席数が少ない値の解釈に注意。
2026,2026-08-16,村松 開人,中日,竹丸 和幸,巨人,9,8,2,0,0,5,0.25,0.3333,0.375,0.7083,はい,当該打者と投手のシーズン対戦成績。打席数が少ない値の解釈に注意。
2026,2026-08-16,村松 開人,中日,吉村 貢司郎,ヤクルト,8,8,5,0,0,2,0.625,0.625,0.75,1.375,はい,当該打者と投手のシーズン対戦成績。打席数が少ない値の解釈に注意。
2026,2026-08-16,村松 開人,中日,床田 寛樹,広島,8,6,2,1,2,1,0.3333,0.5,1.1667,1.6667,はい,当該打者と投手のシーズン対戦成績。打席数が少ない値の解釈に注意。
2026,2026-08-16,村松 開人,中日,森下 暢仁,広島,8,7,1,0,1,1,0.1429,0.25,0.1429,0.3929,はい,当該打者と投手のシーズン対戦成績。打席数が少ない値の解釈に注意。
2026,2026-08-16,村松 開人,中日,栗林 良吏,広島,7,7,2,0,0,3,0.2857,0.2857,0.2857,0.5714,はい,当該打者と投手のシーズン対戦成績。打席数が少ない値の解釈に注意。
2026,2026-08-16,村松 開人,中日,入江 大生,DeNA,6,5,3,0,1,0,0.6,0.6667,0.6,1.2667,はい,当該打者と投手のシーズン対戦成績。打席数が少ない値の解釈に注意。
2026,2026-08-16,村松 開人,中日,山野 太一,ヤクルト,6,5,0,0,0,2,0.0,0.0,0.0,0.0,はい,当該打者と投手のシーズン対戦成績。打席数が少ない値の解釈に注意。
2026,2026-08-16,村松 開人,中日,岡本 駿,広島,6,6,2,0,0,0,0.3333,0.3333,0.3333,0.6666,はい,当該打者と投手のシーズン対戦成績。打席数が少ない値の解釈に注意。
2026,2026-08-16,村松 開人,中日,才木 浩人,阪神,6,5,0,0,1,0,0.0,0.1667,0.0,0.1667,はい,当該打者と投手のシーズン対戦成績。打席数が少ない値の解釈に注意。
2026,2026-08-16,村松 開人,中日,村上 頌樹,阪神,6,5,2,0,1,0,0.4,0.5,0.6,1.1,はい,当該打者と投手のシーズン対戦成績。打席数が少ない値の解釈に注意。
2026,2026-08-16,村松 開人,中日,ターノック,広島,5,4,0,0,1,1,0.0,0.2,0.0,0.2,はい,当該打者と投手のシーズン対戦成績。打席数が少ない値の解釈に注意。
2026,2026-08-16,村松 開人,中日,井上 温大,巨人,5,5,1,0,0,1,0.2,0.2,0.2,0.4,はい,当該打者と投手のシーズン対戦成績。打席数が少ない値の解釈に注意。
2026,2026-08-16,村松 開人,中日,則本 昂大,巨人,5,5,0,0,0,1,0.0,0.0,0.0,0.0,はい,当該打者と投手のシーズン対戦成績。打席数が少ない値の解釈に注意。
2026,2026-08-16,村松 開人,中日,尾形 崇斗,DeNA,5,4,1,0,1,0,0.25,0.4,0.25,0.65,はい,当該打者と投手のシーズン対戦成績。打席数が少ない値の解釈に注意。
2026,2026-08-16,村松 開人,中日,島田 舜也,DeNA,5,5,0,0,0,2,0.0,0.0,0.0,0.0,はい,当該打者と投手のシーズン対戦成績。打席数が少ない値の解釈に注意。
2026,2026-08-16,村松 開人,中日,松本 健吾,ヤクルト,5,5,1,1,0,2,0.2,0.2,0.8,1.0,はい,当該打者と投手のシーズン対戦成績。打席数が少ない値の解釈に注意。
2026,2026-08-16,村松 開人,中日,深沢 鳳介,DeNA,5,4,1,0,1,0,0.25,0.4,0.25,0.65,はい,当該打者と投手のシーズン対戦成績。打席数が少ない値の解釈に注意。
2026,2026-08-16,村松 開人,中日,田中 将大,巨人,5,5,2,0,0,0,0.4,0.4,0.6,1.0,はい,当該打者と投手のシーズン対戦成績。打席数が少ない値の解釈に注意。
2026,2026-08-16,村松 開人,中日,高梨 裕稔,ヤクルト,5,4,0,0,1,0,0.0,0.2,0.0,0.2,はい,当該打者と投手のシーズン対戦成績。打席数が少ない値の解釈に注意。
2026,2026-08-16,泉口 友汰,巨人,大野 雄大,中日,16,16,1,0,0,3,0.0625,0.0625,0.0625,0.125,いいえ,当該打者と投手のシーズン対戦成績。打席数が少ない値の解釈に注意。
2026,2026-08-16,泉口 友汰,巨人,奥川 恭伸,ヤクルト,15,14,3,0,1,5,0.2143,0.2667,0.2857,0.5524,いいえ,当該打者と投手のシーズン対戦成績。打席数が少ない値の解釈に注意。
2026,2026-08-16,泉口 友汰,巨人,山野 太一,ヤクルト,15,14,3,0,0,1,0.2143,0.2667,0.2143,0.481,いいえ,当該打者と投手のシーズン対戦成績。打席数が少ない値の解釈に注意。
2026,2026-08-16,泉口 友汰,巨人,才木 浩人,阪神,12,12,3,0,0,0,0.25,0.25,0.25,0.5,いいえ,当該打者と投手のシーズン対戦成績。打席数が少ない値の解釈に注意。
2026,2026-08-16,泉口 友汰,巨人,村上 頌樹,阪神,12,12,4,0,0,1,0.3333,0.3333,0.4167,0.75,いいえ,当該打者と投手のシーズン対戦成績。打席数が少ない値の解釈に注意。
2026,2026-08-16,泉口 友汰,巨人,金丸 夢斗,中日,12,12,1,0,0,5,0.0833,0.0833,0.0833,0.1666,いいえ,当該打者と投手のシーズン対戦成績。打席数が少ない値の解釈に注意。
2026,2026-08-16,泉口 友汰,巨人,髙橋 遥人,阪神,12,10,3,0,2,1,0.3,0.4167,0.5,0.9167,いいえ,当該打者と投手のシーズン対戦成績。打席数が少ない値の解釈に注意。
2026,2026-08-16,泉口 友汰,巨人,柳 裕也,中日,9,8,3,1,1,1,0.375,0.4444,0.875,1.3194,はい,当該打者と投手のシーズン対戦成績。打席数が少ない値の解釈に注意。
2026,2026-08-16,泉口 友汰,巨人,石田 裕太郎,DeNA,9,8,3,0,0,0,0.375,0.4444,0.375,0.8194,はい,当該打者と投手のシーズン対戦成績。打席数が少ない値の解釈に注意。
2026,2026-08-16,泉口 友汰,巨人,吉村 貢司郎,ヤクルト,7,6,1,0,1,1,0.1667,0.2857,0.3333,0.619,はい,当該打者と投手のシーズン対戦成績。打席数が少ない値の解釈に注意。
2026,2026-08-16,泉口 友汰,巨人,涌井 秀章,中日,7,7,3,0,0,0,0.4286,0.4286,0.5714,1.0,はい,当該打者と投手のシーズン対戦成績。打席数が少ない値の解釈に注意。
2026,2026-08-16,泉口 友汰,巨人,森 翔平,広島,6,6,2,0,0,1,0.3333,0.3333,0.3333,0.6666,はい,当該打者と投手のシーズン対戦成績。打席数が少ない値の解釈に注意。
2026,2026-08-16,泉口 友汰,巨人,玉村 昇悟,広島,6,6,1,0,0,0,0.1667,0.1667,0.3333,0.5,はい,当該打者と投手のシーズン対戦成績。打席数が少ない値の解釈に注意。
2026,2026-08-16,泉口 友汰,巨人,篠木 健太郎,DeNA,6,6,1,0,0,1,0.1667,0.1667,0.1667,0.3334,はい,当該打者と投手のシーズン対戦成績。打席数が少ない値の解釈に注意。
2026,2026-08-16,泉口 友汰,巨人,岡本 駿,広島,5,3,2,0,0,0,0.6667,0.4,0.6667,1.0667,はい,当該打者と投手のシーズン対戦成績。打席数が少ない値の解釈に注意。
2026,2026-08-16,泉口 友汰,巨人,高橋 奎二,ヤクルト,5,4,1,0,1,0,0.25,0.4,0.25,0.65,はい,当該打者と投手のシーズン対戦成績。打席数が少ない値の解釈に注意。
2026,2026-08-16,古賀 悠斗,西武,大関 友久,ソフトバンク,8,7,2,0,0,1,0.2857,0.25,0.4286,0.6786,はい,当該打者と投手のシーズン対戦成績。打席数が少ない値の解釈に注意。
2026,2026-08-16,古賀 悠斗,西武,伊藤 大海,日本ハム,6,5,2,0,1,1,0.4,0.5,0.4,0.9,はい,当該打者と投手のシーズン対戦成績。打席数が少ない値の解釈に注意。
2026,2026-08-16,古賀 悠斗,西武,前田 悠伍,ソフトバンク,6,6,1,0,0,0,0.1667,0.1667,0.3333,0.5,はい,当該打者と投手のシーズン対戦成績。打席数が少ない値の解釈に注意。
2026,2026-08-16,古賀 悠斗,西武,ジェリー,オリックス,5,3,1,0,1,0,0.3333,0.6,1.0,1.6,はい,当該打者と投手のシーズン対戦成績。打席数が少ない値の解釈に注意。
2026,2026-08-16,古賀 悠斗,西武,北山 亘基,日本ハム,5,5,3,0,0,0,0.6,0.6,0.6,1.2,はい,当該打者と投手のシーズン対戦成績。打席数が少ない値の解釈に注意。
2026,2026-08-16,古賀 悠斗,西武,山﨑 福也,日本ハム,5,4,0,0,1,1,0.0,0.2,0.0,0.2,はい,当該打者と投手のシーズン対戦成績。打席数が少ない値の解釈に注意。
2026,2026-08-16,古賀 悠斗,西武,岸 孝之,楽天,5,4,2,1,1,0,0.5,0.6,1.25,1.85,はい,当該打者と投手のシーズン対戦成績。打席数が少ない値の解釈に注意。
2026,2026-08-16,山中 稜真,オリックス,隅田 知一郎,西武,13,13,4,0,0,2,0.3077,0.3077,0.3846,0.6923,いいえ,当該打者と投手のシーズン対戦成績。打席数が少ない値の解釈に注意。
2026,2026-08-16,山中 稜真,オリックス,上沢 直之,ソフトバンク,9,8,3,0,1,3,0.375,0.4444,0.375,0.8194,はい,当該打者と投手のシーズン対戦成績。打席数が少ない値の解釈に注意。
2026,2026-08-16,山中 稜真,オリックス,瀧中 瞭太,楽天,9,9,2,0,0,0,0.2222,0.2222,0.3333,0.5555,はい,当該打者と投手のシーズン対戦成績。打席数が少ない値の解釈に注意。
2026,2026-08-16,山中 稜真,オリックス,廣池 康志郎,ロッテ,8,8,5,1,0,0,0.625,0.625,1.25,1.875,はい,当該打者と投手のシーズン対戦成績。打席数が少ない値の解釈に注意。
2026,2026-08-16,山中 稜真,オリックス,有原 航平,日本ハム,8,8,1,0,0,1,0.125,0.125,0.25,0.375,はい,当該打者と投手のシーズン対戦成績。打席数が少ない値の解釈に注意。
2026,2026-08-16,山中 稜真,オリックス,ジャクソン,ロッテ,7,5,2,0,2,1,0.4,0.5714,0.6,1.1714,はい,当該打者と投手のシーズン対戦成績。打席数が少ない値の解釈に注意。
2026,2026-08-16,山中 稜真,オリックス,前田 健太,楽天,6,5,0,0,0,0,0.0,0.0,0.0,0.0,はい,当該打者と投手のシーズン対戦成績。打席数が少ない値の解釈に注意。
2026,2026-08-16,山中 稜真,オリックス,加藤 貴之,日本ハム,6,6,0,0,0,1,0.0,0.0,0.0,0.0,はい,当該打者と投手のシーズン対戦成績。打席数が少ない値の解釈に注意。
2026,2026-08-16,山中 稜真,オリックス,岸 孝之,楽天,6,5,1,0,0,0,0.2,0.1667,0.2,0.3667,はい,当該打者と投手のシーズン対戦成績。打席数が少ない値の解釈に注意。
2026,2026-08-16,山中 稜真,オリックス,渡邉 勇太朗,西武,6,4,1,0,2,0,0.25,0.5,0.5,1.0,はい,当該打者と投手のシーズン対戦成績。打席数が少ない値の解釈に注意。
2026,2026-08-16,山中 稜真,オリックス,荘司 康誠,楽天,6,5,1,0,1,0,0.2,0.3333,0.2,0.5333,はい,当該打者と投手のシーズン対戦成績。打席数が少ない値の解釈に注意。
2026,2026-08-16,山中 稜真,オリックス,髙橋 光成,西武,5,4,1,0,1,1,0.25,0.4,0.25,0.65,はい,当該打者と投手のシーズン対戦成績。打席数が少ない値の解釈に注意。
2026,2026-08-16,田中 幹也,中日,ウィットリー,巨人,11,9,2,0,2,1,0.2222,0.3636,0.2222,0.5858,いいえ,当該打者と投手のシーズン対戦成績。打席数が少ない値の解釈に注意。
2026,2026-08-16,田中 幹也,中日,竹丸 和幸,巨人,11,9,3,0,1,2,0.3333,0.3636,0.4444,0.808,いいえ,当該打者と投手のシーズン対戦成績。打席数が少ない値の解釈に注意。
2026,2026-08-16,田中 幹也,中日,東 克樹,DeNA,10,9,1,0,0,2,0.1111,0.2,0.1111,0.3111,いいえ,当該打者と投手のシーズン対戦成績。打席数が少ない値の解釈に注意。
2026,2026-08-16,田中 幹也,中日,髙橋 遥人,阪神,7,6,0,0,0,0,0.0,0.0,0.0,0.0,はい,当該打者と投手のシーズン対戦成績。打席数が少ない値の解釈に注意。
2026,2026-08-16,田中 幹也,中日,吉村 貢司郎,ヤクルト,6,3,0,0,3,0,0.0,0.5,0.0,0.5,はい,当該打者と投手のシーズン対戦成績。打席数が少ない値の解釈に注意。
2026,2026-08-16,田中 幹也,中日,山野 太一,ヤクルト,6,6,3,0,0,0,0.5,0.5,0.5,1.0,はい,当該打者と投手のシーズン対戦成績。打席数が少ない値の解釈に注意。
2026,2026-08-16,田中 幹也,中日,村上 頌樹,阪神,6,5,0,0,0,1,0.0,0.0,0.0,0.0,はい,当該打者と投手のシーズン対戦成績。打席数が少ない値の解釈に注意。
2026,2026-08-16,田中 幹也,中日,高梨 裕稔,ヤクルト,6,5,2,0,1,0,0.4,0.5,0.8,1.3,はい,当該打者と投手のシーズン対戦成績。打席数が少ない値の解釈に注意。
2026,2026-08-16,田中 幹也,中日,ターノック,広島,5,5,2,0,0,1,0.4,0.4,0.4,0.8,はい,当該打者と投手のシーズン対戦成績。打席数が少ない値の解釈に注意。
2026,2026-08-16,田中 幹也,中日,井上 温大,巨人,5,4,0,0,0,2,0.0,0.0,0.0,0.0,はい,当該打者と投手のシーズン対戦成績。打席数が少ない値の解釈に注意。
2026,2026-08-16,田中 幹也,中日,則本 昂大,巨人,5,5,3,0,0,0,0.6,0.6,0.6,1.2,はい,当該打者と投手のシーズン対戦成績。打席数が少ない値の解釈に注意。
2026,2026-08-16,田中 幹也,中日,床田 寛樹,広島,5,5,2,0,0,2,0.4,0.4,0.4,0.8,はい,当該打者と投手のシーズン対戦成績。打席数が少ない値の解釈に注意。
2026,2026-08-16,田中 幹也,中日,森下 暢仁,広島,5,5,1,0,0,0,0.2,0.2,0.2,0.4,はい,当該打者と投手のシーズン対戦成績。打席数が少ない値の解釈に注意。
2026,2026-08-16,田中 幹也,中日,田中 将大,巨人,5,5,2,0,0,0,0.4,0.4,0.4,0.8,はい,当該打者と投手のシーズン対戦成績。打席数が少ない値の解釈に注意。
2026,2026-08-16,野口 智哉,オリックス,加藤 貴之,日本ハム,5,5,1,0,0,0,0.2,0.2,0.2,0.4,はい,当該打者と投手のシーズン対戦成績。打席数が少ない値の解釈に注意。
2026,2026-08-16,野口 智哉,オリックス,北山 亘基,日本ハム,5,5,1,0,0,1,0.2,0.2,0.2,0.4,はい,当該打者と投手のシーズン対戦成績。打席数が少ない値の解釈に注意。
2026,2026-08-16,野口 智哉,オリックス,有原 航平,日本ハム,5,4,0,0,1,0,0.0,0.2,0.0,0.2,はい,当該打者と投手のシーズン対戦成績。打席数が少ない値の解釈に注意。
2026,2026-08-16,野口 智哉,オリックス,荘司 康誠,楽天,5,3,1,1,2,1,0.3333,0.6,1.3333,1.9333,はい,当該打者と投手のシーズン対戦成績。打席数が少ない値の解釈に注意。
2026,2026-08-16,ボイト,楽天,上沢 直之,ソフトバンク,5,5,0,0,0,1,0.0,0.0,0.0,0.0,はい,当該打者と投手のシーズン対戦成績。打席数が少ない値の解釈に注意。
2026,2026-08-16,ボイト,楽天,加藤 貴之,日本ハム,5,5,1,0,0,1,0.2,0.2,0.2,0.4,はい,当該打者と投手のシーズン対戦成績。打席数が少ない値の解釈に注意。
2026,2026-08-16,ボイト,楽天,平良 海馬,西武,5,4,0,0,1,0,0.0,0.2,0.0,0.2,はい,当該打者と投手のシーズン対戦成績。打席数が少ない値の解釈に注意。
2026,2026-08-16,増田 陸,巨人,吉村 貢司郎,ヤクルト,6,6,1,0,0,0,0.1667,0.1667,0.3333,0.5,はい,当該打者と投手のシーズン対戦成績。打席数が少ない値の解釈に注意。
2026,2026-08-16,増田 陸,巨人,奥川 恭伸,ヤクルト,6,6,2,0,0,0,0.3333,0.3333,0.3333,0.6666,はい,当該打者と投手のシーズン対戦成績。打席数が少ない値の解釈に注意。
2026,2026-08-16,増田 陸,巨人,山野 太一,ヤクルト,6,6,1,0,0,2,0.1667,0.1667,0.1667,0.3334,はい,当該打者と投手のシーズン対戦成績。打席数が少ない値の解釈に注意。
2026,2026-08-16,増田 陸,巨人,才木 浩人,阪神,6,6,3,0,0,1,0.5,0.5,0.8333,1.3333,はい,当該打者と投手のシーズン対戦成績。打席数が少ない値の解釈に注意。
2026,2026-08-16,増田 陸,巨人,髙橋 遥人,阪神,6,6,0,0,0,3,0.0,0.0,0.0,0.0,はい,当該打者と投手のシーズン対戦成績。打席数が少ない値の解釈に注意。
2026,2026-08-16,増田 陸,巨人,中﨑 翔太,広島,5,5,2,0,0,1,0.4,0.4,0.4,0.8,はい,当該打者と投手のシーズン対戦成績。打席数が少ない値の解釈に注意。
2026,2026-08-16,増田 陸,巨人,床田 寛樹,広島,5,5,1,0,0,0,0.2,0.2,0.2,0.4,はい,当該打者と投手のシーズン対戦成績。打席数が少ない値の解釈に注意。
2026,2026-08-16,増田 陸,巨人,森下 暢仁,広島,5,5,2,0,0,1,0.4,0.4,0.4,0.8,はい,当該打者と投手のシーズン対戦成績。打席数が少ない値の解釈に注意。
2026,2026-08-16,勝又 温史,DeNA,松本 健吾,ヤクルト,12,12,5,0,0,2,0.4167,0.4167,0.4167,0.8334,いいえ,当該打者と投手のシーズン対戦成績。打席数が少ない値の解釈に注意。
2026,2026-08-16,勝又 温史,DeNA,井上 温大,巨人,11,11,1,0,0,3,0.0909,0.0909,0.0909,0.1818,いいえ,当該打者と投手のシーズン対戦成績。打席数が少ない値の解釈に注意。
2026,2026-08-16,勝又 温史,DeNA,村上 頌樹,阪神,8,8,2,0,0,1,0.25,0.25,0.25,0.5,はい,当該打者と投手のシーズン対戦成績。打席数が少ない値の解釈に注意。
2026,2026-08-16,勝又 温史,DeNA,吉村 貢司郎,ヤクルト,7,7,2,0,0,2,0.2857,0.2857,0.4286,0.7143,はい,当該打者と投手のシーズン対戦成績。打席数が少ない値の解釈に注意。
2026,2026-08-16,勝又 温史,DeNA,床田 寛樹,広島,7,7,4,0,0,0,0.5714,0.5714,0.8571,1.4285,はい,当該打者と投手のシーズン対戦成績。打席数が少ない値の解釈に注意。
2026,2026-08-16,勝又 温史,DeNA,森下 暢仁,広島,7,7,1,0,0,1,0.1429,0.1429,0.1429,0.2858,はい,当該打者と投手のシーズン対戦成績。打席数が少ない値の解釈に注意。
2026,2026-08-16,勝又 温史,DeNA,髙橋 遥人,阪神,7,7,3,0,0,1,0.4286,0.4286,0.4286,0.8572,はい,当該打者と投手のシーズン対戦成績。打席数が少ない値の解釈に注意。
2026,2026-08-16,勝又 温史,DeNA,マラー,中日,6,6,1,1,0,1,0.1667,0.1667,0.6667,0.8334,はい,当該打者と投手のシーズン対戦成績。打席数が少ない値の解釈に注意。
2026,2026-08-16,勝又 温史,DeNA,大竹 耕太郎,阪神,6,6,3,0,0,0,0.5,0.5,0.5,1.0,はい,当該打者と投手のシーズン対戦成績。打席数が少ない値の解釈に注意。
2026,2026-08-16,勝又 温史,DeNA,才木 浩人,阪神,6,5,1,0,0,1,0.2,0.3333,0.2,0.5333,はい,当該打者と投手のシーズン対戦成績。打席数が少ない値の解釈に注意。
2026,2026-08-16,勝又 温史,DeNA,柳 裕也,中日,6,6,3,0,0,1,0.5,0.5,0.5,1.0,はい,当該打者と投手のシーズン対戦成績。打席数が少ない値の解釈に注意。
2026,2026-08-16,勝又 温史,DeNA,櫻井 頼之介,中日,6,6,3,0,0,3,0.5,0.5,0.6667,1.1667,はい,当該打者と投手のシーズン対戦成績。打席数が少ない値の解釈に注意。
2026,2026-08-16,勝又 温史,DeNA,遠藤 淳志,広島,6,5,0,0,1,2,0.0,0.1667,0.0,0.1667,はい,当該打者と投手のシーズン対戦成績。打席数が少ない値の解釈に注意。
2026,2026-08-16,勝又 温史,DeNA,高橋 奎二,ヤクルト,6,5,2,0,0,0,0.4,0.5,0.4,0.9,はい,当該打者と投手のシーズン対戦成績。打席数が少ない値の解釈に注意。
2026,2026-08-16,勝又 温史,DeNA,中西 聖輝,中日,5,4,2,0,0,0,0.5,0.4,0.75,1.15,はい,当該打者と投手のシーズン対戦成績。打席数が少ない値の解釈に注意。
2026,2026-08-16,勝又 温史,DeNA,岡本 駿,広島,5,4,1,0,1,0,0.25,0.4,0.25,0.65,はい,当該打者と投手のシーズン対戦成績。打席数が少ない値の解釈に注意。
2026,2026-08-16,勝又 温史,DeNA,森浦 大輔,広島,5,5,2,0,0,1,0.4,0.4,0.6,1.0,はい,当該打者と投手のシーズン対戦成績。打席数が少ない値の解釈に注意。
2026,2026-08-16,勝又 温史,DeNA,涌井 秀章,中日,5,5,2,0,0,0,0.4,0.4,0.6,1.0,はい,当該打者と投手のシーズン対戦成績。打席数が少ない値の解釈に注意。
2026,2026-08-16,勝又 温史,DeNA,玉村 昇悟,広島,5,4,1,0,0,2,0.25,0.4,0.25,0.65,はい,当該打者と投手のシーズン対戦成績。打席数が少ない値の解釈に注意。
2026,2026-08-16,勝又 温史,DeNA,竹丸 和幸,巨人,5,4,0,0,1,1,0.0,0.2,0.0,0.2,はい,当該打者と投手のシーズン対戦成績。打席数が少ない値の解釈に注意。
2026,2026-08-16,勝又 温史,DeNA,金丸 夢斗,中日,5,5,0,0,0,0,0.0,0.0,0.0,0.0,はい,当該打者と投手のシーズン対戦成績。打席数が少ない値の解釈に注意。
2026,2026-08-16,藤原 恭大,ロッテ,上沢 直之,ソフトバンク,13,12,2,0,1,2,0.1667,0.2308,0.1667,0.3975,いいえ,当該打者と投手のシーズン対戦成績。打席数が少ない値の解釈に注意。
2026,2026-08-16,藤原 恭大,ロッテ,平良 海馬,西武,13,10,4,0,3,1,0.4,0.5385,0.4,0.9385,いいえ,当該打者と投手のシーズン対戦成績。打席数が少ない値の解釈に注意。
2026,2026-08-16,藤原 恭大,ロッテ,武内 夏暉,西武,13,11,4,0,0,1,0.3636,0.3846,0.3636,0.7482,いいえ,当該打者と投手のシーズン対戦成績。打席数が少ない値の解釈に注意。
2026,2026-08-16,藤原 恭大,ロッテ,加藤 貴之,日本ハム,12,12,4,0,0,1,0.3333,0.3333,0.3333,0.6666,いいえ,当該打者と投手のシーズン対戦成績。打席数が少ない値の解釈に注意。
2026,2026-08-16,藤原 恭大,ロッテ,髙島 泰都,オリックス,11,7,1,0,3,1,0.1429,0.4545,0.1429,0.5974,いいえ,当該打者と投手のシーズン対戦成績。打席数が少ない値の解釈に注意。
2026,2026-08-16,藤原 恭大,ロッテ,佐藤 爽,西武,10,9,3,0,1,1,0.3333,0.4,0.3333,0.7333,いいえ,当該打者と投手のシーズン対戦成績。打席数が少ない値の解釈に注意。
2026,2026-08-16,藤原 恭大,ロッテ,渡邉 勇太朗,西武,10,10,2,0,0,2,0.2,0.2,0.2,0.4,いいえ,当該打者と投手のシーズン対戦成績。打席数が少ない値の解釈に注意。
2026,2026-08-16,藤原 恭大,ロッテ,ジェリー,オリックス,9,9,3,0,0,1,0.3333,0.3333,0.6667,1.0,はい,当該打者と投手のシーズン対戦成績。打席数が少ない値の解釈に注意。
2026,2026-08-16,藤原 恭大,ロッテ,スチュワート・ジュニア,ソフトバンク,8,8,1,0,0,0,0.125,0.125,0.125,0.25,はい,当該打者と投手のシーズン対戦成績。打席数が少ない値の解釈に注意。
2026,2026-08-16,藤原 恭大,ロッテ,田嶋 大樹,オリックス,8,8,5,0,0,0,0.625,0.625,1.0,1.625,はい,当該打者と投手のシーズン対戦成績。打席数が少ない値の解釈に注意。
2026,2026-08-16,藤原 恭大,ロッテ,大津 亮介,ソフトバンク,7,6,0,0,1,1,0.0,0.1429,0.0,0.1429,はい,当該打者と投手のシーズン対戦成績。打席数が少ない値の解釈に注意。
2026,2026-08-16,藤原 恭大,ロッテ,細野 晴希,日本ハム,7,5,1,0,0,2,0.2,0.4286,0.2,0.6286,はい,当該打者と投手のシーズン対戦成績。打席数が少ない値の解釈に注意。
2026,2026-08-16,藤原 恭大,ロッテ,達 孝太,日本ハム,7,7,2,0,0,3,0.2857,0.2857,0.2857,0.5714,はい,当該打者と投手のシーズン対戦成績。打席数が少ない値の解釈に注意。
2026,2026-08-16,藤原 恭大,ロッテ,エスピノーザ,オリックス,6,6,1,0,0,1,0.1667,0.1667,0.1667,0.3334,はい,当該打者と投手のシーズン対戦成績。打席数が少ない値の解釈に注意。
2026,2026-08-16,藤原 恭大,ロッテ,前田 悠伍,ソフトバンク,6,5,1,0,1,2,0.2,0.3333,0.2,0.5333,はい,当該打者と投手のシーズン対戦成績。打席数が少ない値の解釈に注意。
2026,2026-08-16,藤原 恭大,ロッテ,早川 隆久,楽天,6,6,4,0,0,1,0.6667,0.6667,0.8333,1.5,はい,当該打者と投手のシーズン対戦成績。打席数が少ない値の解釈に注意。
2026,2026-08-16,藤原 恭大,ロッテ,曽谷 龍平,オリックス,6,5,0,0,0,1,0.0,0.1667,0.0,0.1667,はい,当該打者と投手のシーズン対戦成績。打席数が少ない値の解釈に注意。
2026,2026-08-16,藤原 恭大,ロッテ,松本 晴,ソフトバンク,6,5,2,0,1,1,0.4,0.5,0.6,1.1,はい,当該打者と投手のシーズン対戦成績。打席数が少ない値の解釈に注意。
2026,2026-08-16,藤原 恭大,ロッテ,荘司 康誠,楽天,6,4,0,0,2,4,0.0,0.3333,0.0,0.3333,はい,当該打者と投手のシーズン対戦成績。打席数が少ない値の解釈に注意。
2026,2026-08-16,藤原 恭大,ロッテ,九里 亜蓮,オリックス,5,4,2,0,1,0,0.5,0.6,0.5,1.1,はい,当該打者と投手のシーズン対戦成績。打席数が少ない値の解釈に注意。
2026,2026-08-16,藤原 恭大,ロッテ,北山 亘基,日本ハム,5,3,0,0,1,0,0.0,0.4,0.0,0.4,はい,当該打者と投手のシーズン対戦成績。打席数が少ない値の解釈に注意。
2026,2026-08-16,藤原 恭大,ロッテ,寺西 成騎,オリックス,5,5,2,0,0,0,0.4,0.4,0.4,0.8,はい,当該打者と投手のシーズン対戦成績。打席数が少ない値の解釈に注意。
2026,2026-08-16,山口 航輝,ロッテ,加藤 貴之,日本ハム,9,9,2,0,0,1,0.2222,0.2222,0.4444,0.6666,はい,当該打者と投手のシーズン対戦成績。打席数が少ない値の解釈に注意。
2026,2026-08-16,山口 航輝,ロッテ,ジェリー,オリックス,6,6,1,1,0,4,0.1667,0.1667,0.6667,0.8334,はい,当該打者と投手のシーズン対戦成績。打席数が少ない値の解釈に注意。
2026,2026-08-16,山口 航輝,ロッテ,寺西 成騎,オリックス,6,6,1,1,0,2,0.1667,0.1667,0.6667,0.8334,はい,当該打者と投手のシーズン対戦成績。打席数が少ない値の解釈に注意。
2026,2026-08-16,山口 航輝,ロッテ,早川 隆久,楽天,6,5,1,1,1,2,0.2,0.3333,0.8,1.1333,はい,当該打者と投手のシーズン対戦成績。打席数が少ない値の解釈に注意。
2026,2026-08-16,山口 航輝,ロッテ,武内 夏暉,西武,6,6,1,0,0,1,0.1667,0.1667,0.1667,0.3334,はい,当該打者と投手のシーズン対戦成績。打席数が少ない値の解釈に注意。
2026,2026-08-16,山口 航輝,ロッテ,上沢 直之,ソフトバンク,5,5,0,0,0,0,0.0,0.0,0.0,0.0,はい,当該打者と投手のシーズン対戦成績。打席数が少ない値の解釈に注意。
2026,2026-08-16,山口 航輝,ロッテ,井上 温大,巨人,5,5,1,0,0,0,0.2,0.2,0.2,0.4,はい,当該打者と投手のシーズン対戦成績。打席数が少ない値の解釈に注意。
2026,2026-08-16,山口 航輝,ロッテ,佐藤 爽,西武,5,5,2,1,0,1,0.4,0.4,1.0,1.4,はい,当該打者と投手のシーズン対戦成績。打席数が少ない値の解釈に注意。
2026,2026-08-16,山口 航輝,ロッテ,平良 海馬,西武,5,5,1,0,0,1,0.2,0.2,0.2,0.4,はい,当該打者と投手のシーズン対戦成績。打席数が少ない値の解釈に注意。
2026,2026-08-16,山口 航輝,ロッテ,曽谷 龍平,オリックス,5,5,2,0,0,1,0.4,0.4,0.4,0.8,はい,当該打者と投手のシーズン対戦成績。打席数が少ない値の解釈に注意。
2026,2026-08-16,山口 航輝,ロッテ,藤井 聖,楽天,5,5,4,0,0,1,0.8,0.8,1.2,2.0,はい,当該打者と投手のシーズン対戦成績。打席数が少ない値の解釈に注意。
2026,2026-08-16,山口 航輝,ロッテ,髙島 泰都,オリックス,5,3,0,0,1,1,0.0,0.4,0.0,0.4,はい,当該打者と投手のシーズン対戦成績。打席数が少ない値の解釈に注意。
2026,2026-08-16,近本 光司,阪神,柳 裕也,中日,13,13,4,1,0,2,0.3077,0.3077,0.5385,0.8462,いいえ,当該打者と投手のシーズン対戦成績。打席数が少ない値の解釈に注意。
2026,2026-08-16,近本 光司,阪神,栗林 良吏,広島,11,10,3,0,0,0,0.3,0.2727,0.3,0.5727,いいえ,当該打者と投手のシーズン対戦成績。打席数が少ない値の解釈に注意。
2026,2026-08-16,近本 光司,阪神,髙橋 宏斗,中日,8,5,2,0,3,1,0.4,0.625,0.4,1.025,はい,当該打者と投手のシーズン対戦成績。打席数が少ない値の解釈に注意。
2026,2026-08-16,近本 光司,阪神,マラー,中日,7,7,1,0,0,3,0.1429,0.1429,0.1429,0.2858,はい,当該打者と投手のシーズン対戦成績。打席数が少ない値の解釈に注意。
2026,2026-08-16,近本 光司,阪神,ターノック,広島,6,6,3,0,0,0,0.5,0.5,0.6667,1.1667,はい,当該打者と投手のシーズン対戦成績。打席数が少ない値の解釈に注意。
2026,2026-08-16,近本 光司,阪神,大野 雄大,中日,6,6,0,0,0,2,0.0,0.0,0.0,0.0,はい,当該打者と投手のシーズン対戦成績。打席数が少ない値の解釈に注意。
2026,2026-08-16,近本 光司,阪神,奥川 恭伸,ヤクルト,6,6,2,0,0,2,0.3333,0.3333,0.3333,0.6666,はい,当該打者と投手のシーズン対戦成績。打席数が少ない値の解釈に注意。
2026,2026-08-16,近本 光司,阪神,松本 健吾,ヤクルト,6,5,1,0,1,2,0.2,0.3333,0.2,0.5333,はい,当該打者と投手のシーズン対戦成績。打席数が少ない値の解釈に注意。
2026,2026-08-16,近本 光司,阪神,森 翔平,広島,6,6,0,0,0,2,0.0,0.0,0.0,0.0,はい,当該打者と投手のシーズン対戦成績。打席数が少ない値の解釈に注意。
2026,2026-08-16,近本 光司,阪神,竹丸 和幸,巨人,6,6,1,0,0,2,0.1667,0.1667,0.1667,0.3334,はい,当該打者と投手のシーズン対戦成績。打席数が少ない値の解釈に注意。
2026,2026-08-16,近本 光司,阪神,竹田 祐,DeNA,5,5,1,0,0,0,0.2,0.2,0.2,0.4,はい,当該打者と投手のシーズン対戦成績。打席数が少ない値の解釈に注意。
2026,2026-08-16,小幡 竜平,阪神,柳 裕也,中日,6,5,1,0,1,1,0.2,0.3333,0.2,0.5333,はい,当該打者と投手のシーズン対戦成績。打席数が少ない値の解釈に注意。
2026,2026-08-16,小幡 竜平,阪神,山野 太一,ヤクルト,5,5,1,0,0,3,0.2,0.2,0.2,0.4,はい,当該打者と投手のシーズン対戦成績。打席数が少ない値の解釈に注意。
2026,2026-08-16,小幡 竜平,阪神,栗林 良吏,広島,5,5,0,0,0,3,0.0,0.0,0.0,0.0,はい,当該打者と投手のシーズン対戦成績。打席数が少ない値の解釈に注意。
2026,2026-08-16,小幡 竜平,阪神,田中 将大,巨人,5,4,2,0,1,1,0.5,0.6,0.5,1.1,はい,当該打者と投手のシーズン対戦成績。打席数が少ない値の解釈に注意。
2026,2026-08-16,木浪 聖也,阪神,床田 寛樹,広島,8,8,2,0,0,1,0.25,0.25,0.25,0.5,はい,当該打者と投手のシーズン対戦成績。打席数が少ない値の解釈に注意。
2026,2026-08-16,木浪 聖也,阪神,髙橋 宏斗,中日,6,5,0,0,1,1,0.0,0.1667,0.0,0.1667,はい,当該打者と投手のシーズン対戦成績。打席数が少ない値の解釈に注意。
2026,2026-08-16,木浪 聖也,阪神,大野 雄大,中日,5,4,2,0,0,1,0.5,0.6,0.5,1.1,はい,当該打者と投手のシーズン対戦成績。打席数が少ない値の解釈に注意。
2026,2026-08-16,小園 海斗,広島,村上 頌樹,阪神,19,19,6,0,0,2,0.3158,0.3158,0.3158,0.6316,いいえ,当該打者と投手のシーズン対戦成績。打席数が少ない値の解釈に注意。
2026,2026-08-16,小園 海斗,広島,東 克樹,DeNA,18,18,4,0,0,0,0.2222,0.2222,0.3333,0.5555,いいえ,当該打者と投手のシーズン対戦成績。打席数が少ない値の解釈に注意。
2026,2026-08-16,小園 海斗,広島,大竹 耕太郎,阪神,13,12,5,0,0,1,0.4167,0.3846,0.4167,0.8013,いいえ,当該打者と投手のシーズン対戦成績。打席数が少ない値の解釈に注意。
2026,2026-08-16,小園 海斗,広島,柳 裕也,中日,12,12,3,0,0,2,0.25,0.25,0.3333,0.5833,いいえ,当該打者と投手のシーズン対戦成績。打席数が少ない値の解釈に注意。
2026,2026-08-16,小園 海斗,広島,吉村 貢司郎,ヤクルト,9,9,2,0,0,0,0.2222,0.2222,0.3333,0.5555,はい,当該打者と投手のシーズン対戦成績。打席数が少ない値の解釈に注意。
2026,2026-08-16,小園 海斗,広島,大野 雄大,中日,9,9,2,0,0,0,0.2222,0.2222,0.3333,0.5555,はい,当該打者と投手のシーズン対戦成績。打席数が少ない値の解釈に注意。
2026,2026-08-16,小園 海斗,広島,山野 太一,ヤクルト,8,7,2,0,0,1,0.2857,0.375,0.2857,0.6607,はい,当該打者と投手のシーズン対戦成績。打席数が少ない値の解釈に注意。
2026,2026-08-16,小園 海斗,広島,平良 拳太郎,DeNA,8,8,2,0,0,0,0.25,0.25,0.375,0.625,はい,当該打者と投手のシーズン対戦成績。打席数が少ない値の解釈に注意。
2026,2026-08-16,小園 海斗,広島,才木 浩人,阪神,8,8,2,0,0,2,0.25,0.25,0.375,0.625,はい,当該打者と投手のシーズン対戦成績。打席数が少ない値の解釈に注意。
2026,2026-08-16,小園 海斗,広島,石田 裕太郎,DeNA,8,8,2,0,0,1,0.25,0.25,0.25,0.5,はい,当該打者と投手のシーズン対戦成績。打席数が少ない値の解釈に注意。
2026,2026-08-16,小園 海斗,広島,髙橋 宏斗,中日,8,8,3,0,0,0,0.375,0.375,0.375,0.75,はい,当該打者と投手のシーズン対戦成績。打席数が少ない値の解釈に注意。
2026,2026-08-16,小園 海斗,広島,レイノルズ,DeNA,7,7,1,0,0,3,0.1429,0.1429,0.1429,0.2858,はい,当該打者と投手のシーズン対戦成績。打席数が少ない値の解釈に注意。
2026,2026-08-16,小園 海斗,広島,ウィットリー,巨人,6,5,0,0,1,2,0.0,0.1667,0.0,0.1667,はい,当該打者と投手のシーズン対戦成績。打席数が少ない値の解釈に注意。
2026,2026-08-16,小園 海斗,広島,マラー,中日,6,5,2,0,1,0,0.4,0.5,0.6,1.1,はい,当該打者と投手のシーズン対戦成績。打席数が少ない値の解釈に注意。
2026,2026-08-16,小園 海斗,広島,井上 温大,巨人,6,6,1,0,0,2,0.1667,0.1667,0.1667,0.3334,はい,当該打者と投手のシーズン対戦成績。打席数が少ない値の解釈に注意。
2026,2026-08-16,小園 海斗,広島,則本 昂大,巨人,6,6,2,0,0,0,0.3333,0.3333,0.3333,0.6666,はい,当該打者と投手のシーズン対戦成績。打席数が少ない値の解釈に注意。
2026,2026-08-16,小園 海斗,広島,山﨑 伊織,巨人,6,5,2,0,1,0,0.4,0.5,0.4,0.9,はい,当該打者と投手のシーズン対戦成績。打席数が少ない値の解釈に注意。
2026,2026-08-16,小園 海斗,広島,戸郷 翔征,巨人,6,4,1,0,2,1,0.25,0.5,0.25,0.75,はい,当該打者と投手のシーズン対戦成績。打席数が少ない値の解釈に注意。
2026,2026-08-16,小園 海斗,広島,高梨 裕稔,ヤクルト,6,6,2,0,0,0,0.3333,0.3333,0.3333,0.6666,はい,当該打者と投手のシーズン対戦成績。打席数が少ない値の解釈に注意。
2026,2026-08-16,小園 海斗,広島,高橋 奎二,ヤクルト,6,5,2,0,0,0,0.4,0.5,0.6,1.1,はい,当該打者と投手のシーズン対戦成績。打席数が少ない値の解釈に注意。
2026,2026-08-16,小園 海斗,広島,髙橋 遥人,阪神,6,5,1,0,0,1,0.2,0.2,0.2,0.4,はい,当該打者と投手のシーズン対戦成績。打席数が少ない値の解釈に注意。
2026,2026-08-16,小園 海斗,広島,リランソ,ヤクルト,5,5,1,0,0,0,0.2,0.2,0.2,0.4,はい,当該打者と投手のシーズン対戦成績。打席数が少ない値の解釈に注意。
2026,2026-08-16,小園 海斗,広島,岩崎 優,阪神,5,5,0,0,0,1,0.0,0.0,0.0,0.0,はい,当該打者と投手のシーズン対戦成績。打席数が少ない値の解釈に注意。
2026,2026-08-16,小園 海斗,広島,松本 健吾,ヤクルト,5,5,1,1,0,1,0.2,0.2,0.8,1.0,はい,当該打者と投手のシーズン対戦成績。打席数が少ない値の解釈に注意。
2026,2026-08-16,小園 海斗,広島,竹田 祐,DeNA,5,5,2,0,0,1,0.4,0.4,0.4,0.8,はい,当該打者と投手のシーズン対戦成績。打席数が少ない値の解釈に注意。
2026,2026-08-16,大盛 穂,広島,東 克樹,DeNA,19,19,6,0,0,4,0.3158,0.3158,0.3684,0.6842,いいえ,当該打者と投手のシーズン対戦成績。打席数が少ない値の解釈に注意。
2026,2026-08-16,大盛 穂,広島,村上 頌樹,阪神,14,13,3,0,1,4,0.2308,0.2857,0.2308,0.5165,いいえ,当該打者と投手のシーズン対戦成績。打席数が少ない値の解釈に注意。
2026,2026-08-16,大盛 穂,広島,大竹 耕太郎,阪神,11,11,5,0,0,2,0.4545,0.4545,0.4545,0.909,いいえ,当該打者と投手のシーズン対戦成績。打席数が少ない値の解釈に注意。
2026,2026-08-16,大盛 穂,広島,石田 裕太郎,DeNA,8,8,1,0,0,2,0.125,0.125,0.25,0.375,はい,当該打者と投手のシーズン対戦成績。打席数が少ない値の解釈に注意。
2026,2026-08-16,大盛 穂,広島,奥川 恭伸,ヤクルト,7,6,1,0,0,1,0.1667,0.1667,0.1667,0.3334,はい,当該打者と投手のシーズン対戦成績。打席数が少ない値の解釈に注意。
2026,2026-08-16,大盛 穂,広島,ウィットリー,巨人,6,6,1,1,0,2,0.1667,0.1667,0.6667,0.8334,はい,当該打者と投手のシーズン対戦成績。打席数が少ない値の解釈に注意。
2026,2026-08-16,大盛 穂,広島,レイノルズ,DeNA,6,6,0,0,0,4,0.0,0.0,0.0,0.0,はい,当該打者と投手のシーズン対戦成績。打席数が少ない値の解釈に注意。
2026,2026-08-16,大盛 穂,広島,山﨑 伊織,巨人,6,6,1,0,0,0,0.1667,0.1667,0.1667,0.3334,はい,当該打者と投手のシーズン対戦成績。打席数が少ない値の解釈に注意。
2026,2026-08-16,大盛 穂,広島,平良 拳太郎,DeNA,6,6,2,0,0,2,0.3333,0.3333,0.3333,0.6666,はい,当該打者と投手のシーズン対戦成績。打席数が少ない値の解釈に注意。
2026,2026-08-16,大盛 穂,広島,戸郷 翔征,巨人,6,6,1,0,0,2,0.1667,0.1667,0.1667,0.3334,はい,当該打者と投手のシーズン対戦成績。打席数が少ない値の解釈に注意。
2026,2026-08-16,大盛 穂,広島,才木 浩人,阪神,6,6,1,0,0,1,0.1667,0.1667,0.1667,0.3334,はい,当該打者と投手のシーズン対戦成績。打席数が少ない値の解釈に注意。
2026,2026-08-16,大盛 穂,広島,柳 裕也,中日,6,6,1,1,0,0,0.1667,0.1667,0.6667,0.8334,はい,当該打者と投手のシーズン対戦成績。打席数が少ない値の解釈に注意。
2026,2026-08-16,大盛 穂,広島,髙橋 遥人,阪神,6,5,3,0,0,1,0.6,0.6,1.0,1.6,はい,当該打者と投手のシーズン対戦成績。打席数が少ない値の解釈に注意。
2026,2026-08-16,大盛 穂,広島,吉村 貢司郎,ヤクルト,5,5,0,0,0,0,0.0,0.0,0.0,0.0,はい,当該打者と投手のシーズン対戦成績。打席数が少ない値の解釈に注意。
2026,2026-08-16,大盛 穂,広島,高橋 奎二,ヤクルト,5,5,2,0,0,1,0.4,0.4,0.4,0.8,はい,当該打者と投手のシーズン対戦成績。打席数が少ない値の解釈に注意。
2026,2026-08-16,野村 佑希,日本ハム,渡邉 勇太朗,西武,13,12,2,0,1,3,0.1667,0.2308,0.1667,0.3975,いいえ,当該打者と投手のシーズン対戦成績。打席数が少ない値の解釈に注意。
2026,2026-08-16,野村 佑希,日本ハム,ジャクソン,ロッテ,12,11,1,0,1,1,0.0909,0.1667,0.0909,0.2576,いいえ,当該打者と投手のシーズン対戦成績。打席数が少ない値の解釈に注意。
2026,2026-08-16,野村 佑希,日本ハム,九里 亜蓮,オリックス,10,8,1,0,2,4,0.125,0.3,0.125,0.425,いいえ,当該打者と投手のシーズン対戦成績。打席数が少ない値の解釈に注意。
2026,2026-08-16,野村 佑希,日本ハム,隅田 知一郎,西武,10,10,3,1,0,3,0.3,0.3,0.6,0.9,いいえ,当該打者と投手のシーズン対戦成績。打席数が少ない値の解釈に注意。
2026,2026-08-16,野村 佑希,日本ハム,古謝 樹,楽天,9,8,1,0,1,0,0.125,0.2222,0.125,0.3472,はい,当該打者と投手のシーズン対戦成績。打席数が少ない値の解釈に注意。
2026,2026-08-16,野村 佑希,日本ハム,エスピノーザ,オリックス,8,8,1,0,0,2,0.125,0.125,0.125,0.25,はい,当該打者と投手のシーズン対戦成績。打席数が少ない値の解釈に注意。
2026,2026-08-16,野村 佑希,日本ハム,曽谷 龍平,オリックス,8,8,2,1,0,3,0.25,0.25,0.625,0.875,はい,当該打者と投手のシーズン対戦成績。打席数が少ない値の解釈に注意。
2026,2026-08-16,野村 佑希,日本ハム,髙橋 光成,西武,8,7,1,0,0,0,0.1429,0.125,0.1429,0.2679,はい,当該打者と投手のシーズン対戦成績。打席数が少ない値の解釈に注意。
2026,2026-08-16,野村 佑希,日本ハム,スチュワート・ジュニア,ソフトバンク,7,7,2,0,0,0,0.2857,0.2857,0.4286,0.7143,はい,当該打者と投手のシーズン対戦成績。打席数が少ない値の解釈に注意。
2026,2026-08-16,野村 佑希,日本ハム,上茶谷 大河,ソフトバンク,7,6,0,0,1,1,0.0,0.1429,0.0,0.1429,はい,当該打者と投手のシーズン対戦成績。打席数が少ない値の解釈に注意。
2026,2026-08-16,野村 佑希,日本ハム,松本 晴,ソフトバンク,7,7,3,1,0,2,0.4286,0.4286,1.1429,1.5715,はい,当該打者と投手のシーズン対戦成績。打席数が少ない値の解釈に注意。
2026,2026-08-16,野村 佑希,日本ハム,河村 説人,ロッテ,7,5,3,2,2,1,0.6,0.7143,1.8,2.5143,はい,当該打者と投手のシーズン対戦成績。打席数が少ない値の解釈に注意。
2026,2026-08-16,野村 佑希,日本ハム,寺西 成騎,オリックス,6,5,1,0,1,0,0.2,0.3333,0.4,0.7333,はい,当該打者と投手のシーズン対戦成績。打席数が少ない値の解釈に注意。
2026,2026-08-16,野村 佑希,日本ハム,平良 海馬,西武,6,4,0,0,2,3,0.0,0.3333,0.0,0.3333,はい,当該打者と投手のシーズン対戦成績。打席数が少ない値の解釈に注意。
2026,2026-08-16,野村 佑希,日本ハム,西野 勇士,ロッテ,6,6,2,1,0,1,0.3333,0.3333,0.8333,1.1666,はい,当該打者と投手のシーズン対戦成績。打席数が少ない値の解釈に注意。
2026,2026-08-16,野村 佑希,日本ハム,ジェリー,オリックス,5,4,1,0,0,0,0.25,0.4,0.25,0.65,はい,当該打者と投手のシーズン対戦成績。打席数が少ない値の解釈に注意。
2026,2026-08-16,野村 佑希,日本ハム,前田 悠伍,ソフトバンク,5,5,2,1,0,2,0.4,0.4,1.2,1.6,はい,当該打者と投手のシーズン対戦成績。打席数が少ない値の解釈に注意。
2026,2026-08-16,野村 佑希,日本ハム,大津 亮介,ソフトバンク,5,5,2,0,0,1,0.4,0.4,0.6,1.0,はい,当該打者と投手のシーズン対戦成績。打席数が少ない値の解釈に注意。
2026,2026-08-16,野村 佑希,日本ハム,宮國 凌空,オリックス,5,5,2,0,0,1,0.4,0.4,0.4,0.8,はい,当該打者と投手のシーズン対戦成績。打席数が少ない値の解釈に注意。
2026,2026-08-16,野村 佑希,日本ハム,片山 楽生,オリックス,5,5,1,0,0,0,0.2,0.2,0.2,0.4,はい,当該打者と投手のシーズン対戦成績。打席数が少ない値の解釈に注意。
2026,2026-08-16,万波 中正,日本ハム,ジャクソン,ロッテ,15,15,2,0,0,1,0.1333,0.1333,0.2,0.3333,いいえ,当該打者と投手のシーズン対戦成績。打席数が少ない値の解釈に注意。
2026,2026-08-16,万波 中正,日本ハム,上沢 直之,ソフトバンク,12,12,6,1,0,1,0.5,0.5,0.9167,1.4167,いいえ,当該打者と投手のシーズン対戦成績。打席数が少ない値の解釈に注意。
2026,2026-08-16,万波 中正,日本ハム,九里 亜蓮,オリックス,12,10,1,1,1,4,0.1,0.25,0.4,0.65,いいえ,当該打者と投手のシーズン対戦成績。打席数が少ない値の解釈に注意。
2026,2026-08-16,万波 中正,日本ハム,平良 海馬,西武,12,9,1,1,3,4,0.1111,0.3333,0.4444,0.7777,いいえ,当該打者と投手のシーズン対戦成績。打席数が少ない値の解釈に注意。
2026,2026-08-16,万波 中正,日本ハム,渡邉 勇太朗,西武,12,11,1,1,1,0,0.0909,0.1667,0.3636,0.5303,いいえ,当該打者と投手のシーズン対戦成績。打席数が少ない値の解釈に注意。
2026,2026-08-16,万波 中正,日本ハム,隅田 知一郎,西武,10,10,2,0,0,1,0.2,0.2,0.2,0.4,いいえ,当該打者と投手のシーズン対戦成績。打席数が少ない値の解釈に注意。
2026,2026-08-16,万波 中正,日本ハム,スチュワート・ジュニア,ソフトバンク,9,9,3,1,0,2,0.3333,0.3333,0.6667,1.0,はい,当該打者と投手のシーズン対戦成績。打席数が少ない値の解釈に注意。
2026,2026-08-16,万波 中正,日本ハム,前田 健太,楽天,9,9,3,0,0,2,0.3333,0.3333,0.3333,0.6666,はい,当該打者と投手のシーズン対戦成績。打席数が少ない値の解釈に注意。
2026,2026-08-16,万波 中正,日本ハム,古謝 樹,楽天,9,9,2,0,0,3,0.2222,0.2222,0.2222,0.4444,はい,当該打者と投手のシーズン対戦成績。打席数が少ない値の解釈に注意。
2026,2026-08-16,万波 中正,日本ハム,曽谷 龍平,オリックス,9,8,2,1,1,0,0.25,0.3333,0.625,0.9583,はい,当該打者と投手のシーズン対戦成績。打席数が少ない値の解釈に注意。
2026,2026-08-16,万波 中正,日本ハム,エスピノーザ,オリックス,8,7,1,0,0,3,0.1429,0.125,0.1429,0.2679,はい,当該打者と投手のシーズン対戦成績。打席数が少ない値の解釈に注意。
2026,2026-08-16,万波 中正,日本ハム,ジェリー,オリックス,8,6,1,0,2,2,0.1667,0.375,0.1667,0.5417,はい,当該打者と投手のシーズン対戦成績。打席数が少ない値の解釈に注意。
2026,2026-08-16,万波 中正,日本ハム,河村 説人,ロッテ,8,8,0,0,0,1,0.0,0.0,0.0,0.0,はい,当該打者と投手のシーズン対戦成績。打席数が少ない値の解釈に注意。
2026,2026-08-16,万波 中正,日本ハム,荘司 康誠,楽天,8,7,1,1,1,2,0.1429,0.25,0.5714,0.8214,はい,当該打者と投手のシーズン対戦成績。打席数が少ない値の解釈に注意。
2026,2026-08-16,万波 中正,日本ハム,松本 晴,ソフトバンク,7,6,2,0,1,1,0.3333,0.4286,0.3333,0.7619,はい,当該打者と投手のシーズン対戦成績。打席数が少ない値の解釈に注意。
2026,2026-08-16,万波 中正,日本ハム,オスナ,ソフトバンク,6,6,2,0,0,0,0.3333,0.3333,0.3333,0.6666,はい,当該打者と投手のシーズン対戦成績。打席数が少ない値の解釈に注意。
2026,2026-08-16,万波 中正,日本ハム,早川 隆久,楽天,6,5,0,0,1,1,0.0,0.1667,0.0,0.1667,はい,当該打者と投手のシーズン対戦成績。打席数が少ない値の解釈に注意。
2026,2026-08-16,万波 中正,日本ハム,杉山 一樹,ソフトバンク,6,5,1,0,1,3,0.2,0.3333,0.2,0.5333,はい,当該打者と投手のシーズン対戦成績。打席数が少ない値の解釈に注意。
2026,2026-08-16,万波 中正,日本ハム,武内 夏暉,西武,6,5,1,0,1,1,0.2,0.3333,0.6,0.9333,はい,当該打者と投手のシーズン対戦成績。打席数が少ない値の解釈に注意。
2026,2026-08-16,万波 中正,日本ハム,瀧中 瞭太,楽天,6,5,1,0,1,1,0.2,0.3333,0.2,0.5333,はい,当該打者と投手のシーズン対戦成績。打席数が少ない値の解釈に注意。
2026,2026-08-16,万波 中正,日本ハム,甲斐野 央,西武,6,6,2,0,0,1,0.3333,0.3333,0.3333,0.6666,はい,当該打者と投手のシーズン対戦成績。打席数が少ない値の解釈に注意。
2026,2026-08-16,万波 中正,日本ハム,ウレーニャ,楽天,5,5,1,0,0,2,0.2,0.2,0.2,0.4,はい,当該打者と投手のシーズン対戦成績。打席数が少ない値の解釈に注意。
2026,2026-08-16,万波 中正,日本ハム,上茶谷 大河,ソフトバンク,5,5,1,0,0,2,0.2,0.2,0.4,0.6,はい,当該打者と投手のシーズン対戦成績。打席数が少ない値の解釈に注意。
2026,2026-08-16,万波 中正,日本ハム,前田 悠伍,ソフトバンク,5,3,0,0,2,2,0.0,0.4,0.0,0.4,はい,当該打者と投手のシーズン対戦成績。打席数が少ない値の解釈に注意。
2026,2026-08-16,万波 中正,日本ハム,大津 亮介,ソフトバンク,5,5,3,1,0,1,0.6,0.6,1.2,1.8,はい,当該打者と投手のシーズン対戦成績。打席数が少ない値の解釈に注意。
2026,2026-08-16,万波 中正,日本ハム,木村 優人,ロッテ,5,3,0,0,2,1,0.0,0.4,0.0,0.4,はい,当該打者と投手のシーズン対戦成績。打席数が少ない値の解釈に注意。
2026,2026-08-16,万波 中正,日本ハム,西垣 雅矢,楽天,5,3,0,0,1,2,0.0,0.2,0.0,0.2,はい,当該打者と投手のシーズン対戦成績。打席数が少ない値の解釈に注意。
2026,2026-08-16,万波 中正,日本ハム,髙島 泰都,オリックス,5,5,2,0,0,1,0.4,0.4,0.8,1.2,はい,当該打者と投手のシーズン対戦成績。打席数が少ない値の解釈に注意。
2026,2026-08-16,田宮 裕涼,日本ハム,平良 海馬,西武,10,10,0,0,0,1,0.0,0.0,0.0,0.0,いいえ,当該打者と投手のシーズン対戦成績。打席数が少ない値の解釈に注意。
2026,2026-08-16,田宮 裕涼,日本ハム,上沢 直之,ソフトバンク,9,9,2,0,0,2,0.2222,0.2222,0.2222,0.4444,はい,当該打者と投手のシーズン対戦成績。打席数が少ない値の解釈に注意。
2026,2026-08-16,田宮 裕涼,日本ハム,ジャクソン,ロッテ,8,8,2,1,0,2,0.25,0.25,0.625,0.875,はい,当該打者と投手のシーズン対戦成績。打席数が少ない値の解釈に注意。
2026,2026-08-16,田宮 裕涼,日本ハム,松本 晴,ソフトバンク,8,7,3,0,1,2,0.4286,0.5,0.4286,0.9286,はい,当該打者と投手のシーズン対戦成績。打席数が少ない値の解釈に注意。
2026,2026-08-16,田宮 裕涼,日本ハム,隅田 知一郎,西武,8,8,4,0,0,2,0.5,0.5,0.5,1.0,はい,当該打者と投手のシーズン対戦成績。打席数が少ない値の解釈に注意。
2026,2026-08-16,田宮 裕涼,日本ハム,エスピノーザ,オリックス,6,6,4,0,0,0,0.6667,0.6667,1.0,1.6667,はい,当該打者と投手のシーズン対戦成績。打席数が少ない値の解釈に注意。
2026,2026-08-16,田宮 裕涼,日本ハム,河村 説人,ロッテ,6,6,2,0,0,1,0.3333,0.3333,0.3333,0.6666,はい,当該打者と投手のシーズン対戦成績。打席数が少ない値の解釈に注意。
2026,2026-08-16,田宮 裕涼,日本ハム,木村 優人,ロッテ,5,5,2,0,0,1,0.4,0.4,0.6,1.0,はい,当該打者と投手のシーズン対戦成績。打席数が少ない値の解釈に注意。
2026,2026-08-16,田宮 裕涼,日本ハム,渡邉 勇太朗,西武,5,5,0,0,0,1,0.0,0.0,0.0,0.0,はい,当該打者と投手のシーズン対戦成績。打席数が少ない値の解釈に注意。
2026,2026-08-16,田宮 裕涼,日本ハム,荘司 康誠,楽天,5,5,1,0,0,2,0.2,0.2,0.2,0.4,はい,当該打者と投手のシーズン対戦成績。打席数が少ない値の解釈に注意。
2026,2026-08-16,田宮 裕涼,日本ハム,髙橋 光成,西武,5,4,2,0,0,1,0.5,0.4,1.25,1.65,はい,当該打者と投手のシーズン対戦成績。打席数が少ない値の解釈に注意。
2026,2026-08-16,太田 椋,オリックス,隅田 知一郎,西武,15,14,3,1,1,3,0.2143,0.2667,0.5714,0.8381,いいえ,当該打者と投手のシーズン対戦成績。打席数が少ない値の解釈に注意。
2026,2026-08-16,太田 椋,オリックス,北山 亘基,日本ハム,13,10,2,0,3,5,0.2,0.3846,0.4,0.7846,いいえ,当該打者と投手のシーズン対戦成績。打席数が少ない値の解釈に注意。
2026,2026-08-16,太田 椋,オリックス,ジャクソン,ロッテ,12,12,4,1,0,2,0.3333,0.3333,0.6667,1.0,いいえ,当該打者と投手のシーズン対戦成績。打席数が少ない値の解釈に注意。
2026,2026-08-16,太田 椋,オリックス,上沢 直之,ソフトバンク,11,10,1,0,1,6,0.1,0.1818,0.1,0.2818,いいえ,当該打者と投手のシーズン対戦成績。打席数が少ない値の解釈に注意。
2026,2026-08-16,太田 椋,オリックス,有原 航平,日本ハム,11,9,4,0,2,0,0.4444,0.5455,0.4444,0.9899,いいえ,当該打者と投手のシーズン対戦成績。打席数が少ない値の解釈に注意。
2026,2026-08-16,太田 椋,オリックス,瀧中 瞭太,楽天,11,10,4,0,1,1,0.4,0.4545,0.6,1.0545,いいえ,当該打者と投手のシーズン対戦成績。打席数が少ない値の解釈に注意。
2026,2026-08-16,太田 椋,オリックス,髙橋 光成,西武,11,11,2,0,0,1,0.1818,0.1818,0.2727,0.4545,いいえ,当該打者と投手のシーズン対戦成績。打席数が少ない値の解釈に注意。
2026,2026-08-16,太田 椋,オリックス,廣池 康志郎,ロッテ,10,9,5,2,1,1,0.5556,0.6,1.2222,1.8222,いいえ,当該打者と投手のシーズン対戦成績。打席数が少ない値の解釈に注意。
2026,2026-08-16,太田 椋,オリックス,達 孝太,日本ハム,9,8,3,0,1,1,0.375,0.4444,0.5,0.9444,はい,当該打者と投手のシーズン対戦成績。打席数が少ない値の解釈に注意。
2026,2026-08-16,太田 椋,オリックス,加藤 貴之,日本ハム,8,8,1,0,0,1,0.125,0.125,0.25,0.375,はい,当該打者と投手のシーズン対戦成績。打席数が少ない値の解釈に注意。
2026,2026-08-16,太田 椋,オリックス,松本 晴,ソフトバンク,8,6,1,0,2,1,0.1667,0.375,0.1667,0.5417,はい,当該打者と投手のシーズン対戦成績。打席数が少ない値の解釈に注意。
2026,2026-08-16,太田 椋,オリックス,荘司 康誠,楽天,8,8,2,0,0,4,0.25,0.25,0.25,0.5,はい,当該打者と投手のシーズン対戦成績。打席数が少ない値の解釈に注意。
2026,2026-08-16,太田 椋,オリックス,伊藤 大海,日本ハム,6,6,2,0,0,1,0.3333,0.3333,0.5,0.8333,はい,当該打者と投手のシーズン対戦成績。打席数が少ない値の解釈に注意。
2026,2026-08-16,太田 椋,オリックス,渡邉 勇太朗,西武,6,6,1,0,0,2,0.1667,0.1667,0.1667,0.3334,はい,当該打者と投手のシーズン対戦成績。打席数が少ない値の解釈に注意。
2026,2026-08-16,太田 椋,オリックス,鈴木 昭汰,ロッテ,6,6,1,0,0,1,0.1667,0.1667,0.1667,0.3334,はい,当該打者と投手のシーズン対戦成績。打席数が少ない値の解釈に注意。
2026,2026-08-16,太田 椋,オリックス,ロング,ロッテ,5,5,1,0,0,1,0.2,0.2,0.2,0.4,はい,当該打者と投手のシーズン対戦成績。打席数が少ない値の解釈に注意。
2026,2026-08-16,太田 椋,オリックス,小島 和哉,ロッテ,5,5,2,0,0,0,0.4,0.4,0.4,0.8,はい,当該打者と投手のシーズン対戦成績。打席数が少ない値の解釈に注意。
2026,2026-08-16,太田 椋,オリックス,益田 直也,ロッテ,5,4,1,0,1,1,0.25,0.4,0.25,0.65,はい,当該打者と投手のシーズン対戦成績。打席数が少ない値の解釈に注意。
2026,2026-08-16,太田 椋,オリックス,菅井 信也,西武,5,5,2,0,0,0,0.4,0.4,0.6,1.0,はい,当該打者と投手のシーズン対戦成績。打席数が少ない値の解釈に注意。
2026,2026-08-16,中川 圭太,オリックス,隅田 知一郎,西武,16,16,2,0,0,2,0.125,0.125,0.1875,0.3125,いいえ,当該打者と投手のシーズン対戦成績。打席数が少ない値の解釈に注意。
2026,2026-08-16,中川 圭太,オリックス,廣池 康志郎,ロッテ,12,12,3,0,0,1,0.25,0.25,0.25,0.5,いいえ,当該打者と投手のシーズン対戦成績。打席数が少ない値の解釈に注意。
2026,2026-08-16,中川 圭太,オリックス,瀧中 瞭太,楽天,12,10,3,2,1,0,0.3,0.4167,0.9,1.3167,いいえ,当該打者と投手のシーズン対戦成績。打席数が少ない値の解釈に注意。
2026,2026-08-16,中川 圭太,オリックス,荘司 康誠,楽天,9,9,1,0,0,3,0.1111,0.1111,0.1111,0.2222,はい,当該打者と投手のシーズン対戦成績。打席数が少ない値の解釈に注意。
2026,2026-08-16,中川 圭太,オリックス,ジャクソン,ロッテ,8,7,2,0,1,1,0.2857,0.375,0.4286,0.8036,はい,当該打者と投手のシーズン対戦成績。打席数が少ない値の解釈に注意。
2026,2026-08-16,中川 圭太,オリックス,達 孝太,日本ハム,8,7,3,0,1,1,0.4286,0.5,0.4286,0.9286,はい,当該打者と投手のシーズン対戦成績。打席数が少ない値の解釈に注意。
2026,2026-08-16,中川 圭太,オリックス,髙橋 光成,西武,8,7,1,0,1,3,0.1429,0.25,0.1429,0.3929,はい,当該打者と投手のシーズン対戦成績。打席数が少ない値の解釈に注意。
2026,2026-08-16,中川 圭太,オリックス,松本 晴,ソフトバンク,7,7,0,0,0,1,0.0,0.0,0.0,0.0,はい,当該打者と投手のシーズン対戦成績。打席数が少ない値の解釈に注意。
2026,2026-08-16,中川 圭太,オリックス,ロング,ロッテ,6,4,0,0,2,1,0.0,0.3333,0.0,0.3333,はい,当該打者と投手のシーズン対戦成績。打席数が少ない値の解釈に注意。
2026,2026-08-16,中川 圭太,オリックス,前田 健太,楽天,6,6,1,0,0,1,0.1667,0.1667,0.1667,0.3334,はい,当該打者と投手のシーズン対戦成績。打席数が少ない値の解釈に注意。
2026,2026-08-16,中川 圭太,オリックス,加藤 貴之,日本ハム,6,6,0,0,0,0,0.0,0.0,0.0,0.0,はい,当該打者と投手のシーズン対戦成績。打席数が少ない値の解釈に注意。
2026,2026-08-16,中川 圭太,オリックス,北山 亘基,日本ハム,6,5,1,0,1,0,0.2,0.3333,0.2,0.5333,はい,当該打者と投手のシーズン対戦成績。打席数が少ない値の解釈に注意。
2026,2026-08-16,中川 圭太,オリックス,小島 和哉,ロッテ,6,5,2,0,0,1,0.4,0.3333,0.4,0.7333,はい,当該打者と投手のシーズン対戦成績。打席数が少ない値の解釈に注意。
2026,2026-08-16,中川 圭太,オリックス,岸 孝之,楽天,6,6,1,0,0,1,0.1667,0.1667,0.1667,0.3334,はい,当該打者と投手のシーズン対戦成績。打席数が少ない値の解釈に注意。
2026,2026-08-16,中川 圭太,オリックス,渡邉 勇太朗,西武,6,5,1,0,0,0,0.2,0.1667,0.2,0.3667,はい,当該打者と投手のシーズン対戦成績。打席数が少ない値の解釈に注意。
2026,2026-08-16,中川 圭太,オリックス,伊藤 大海,日本ハム,5,5,0,0,0,1,0.0,0.0,0.0,0.0,はい,当該打者と投手のシーズン対戦成績。打席数が少ない値の解釈に注意。
2026,2026-08-16,水谷 瞬,日本ハム,スチュワート・ジュニア,ソフトバンク,6,6,1,0,0,4,0.1667,0.1667,0.1667,0.3334,はい,当該打者と投手のシーズン対戦成績。打席数が少ない値の解釈に注意。
2026,2026-08-16,水谷 瞬,日本ハム,武内 夏暉,西武,6,6,1,0,0,2,0.1667,0.1667,0.3333,0.5,はい,当該打者と投手のシーズン対戦成績。打席数が少ない値の解釈に注意。
2026,2026-08-16,水谷 瞬,日本ハム,河村 説人,ロッテ,6,6,2,1,0,1,0.3333,0.3333,0.8333,1.1666,はい,当該打者と投手のシーズン対戦成績。打席数が少ない値の解釈に注意。
2026,2026-08-16,水谷 瞬,日本ハム,渡邉 勇太朗,西武,6,4,1,0,1,1,0.25,0.3333,0.25,0.5833,はい,当該打者と投手のシーズン対戦成績。打席数が少ない値の解釈に注意。
2026,2026-08-16,水谷 瞬,日本ハム,隅田 知一郎,西武,6,6,1,0,0,2,0.1667,0.1667,0.5,0.6667,はい,当該打者と投手のシーズン対戦成績。打席数が少ない値の解釈に注意。
2026,2026-08-16,水谷 瞬,日本ハム,ジェリー,オリックス,5,5,2,0,0,1,0.4,0.4,0.4,0.8,はい,当該打者と投手のシーズン対戦成績。打席数が少ない値の解釈に注意。
2026,2026-08-16,水谷 瞬,日本ハム,上茶谷 大河,ソフトバンク,5,4,1,0,1,2,0.25,0.4,0.25,0.65,はい,当該打者と投手のシーズン対戦成績。打席数が少ない値の解釈に注意。
2026,2026-08-16,水谷 瞬,日本ハム,前田 健太,楽天,5,5,0,0,0,0,0.0,0.0,0.0,0.0,はい,当該打者と投手のシーズン対戦成績。打席数が少ない値の解釈に注意。
2026,2026-08-16,水谷 瞬,日本ハム,松本 晴,ソフトバンク,5,5,0,0,0,1,0.0,0.0,0.0,0.0,はい,当該打者と投手のシーズン対戦成績。打席数が少ない値の解釈に注意。
2026,2026-08-16,渡邉 陸,ソフトバンク,早川 隆久,楽天,8,6,2,1,2,1,0.3333,0.5,1.0,1.5,はい,当該打者と投手のシーズン対戦成績。打席数が少ない値の解釈に注意。
2026,2026-08-16,辰己 涼介,楽天,九里 亜蓮,オリックス,22,18,3,1,4,5,0.1667,0.3182,0.3333,0.6515,いいえ,当該打者と投手のシーズン対戦成績。打席数が少ない値の解釈に注意。
2026,2026-08-16,辰己 涼介,楽天,大津 亮介,ソフトバンク,17,17,5,1,0,3,0.2941,0.2941,0.4706,0.7647,いいえ,当該打者と投手のシーズン対戦成績。打席数が少ない値の解釈に注意。
2026,2026-08-16,辰己 涼介,楽天,加藤 貴之,日本ハム,12,12,3,0,0,3,0.25,0.25,0.25,0.5,いいえ,当該打者と投手のシーズン対戦成績。打席数が少ない値の解釈に注意。
2026,2026-08-16,辰己 涼介,楽天,平良 海馬,西武,12,9,1,0,3,5,0.1111,0.3333,0.1111,0.4444,いいえ,当該打者と投手のシーズン対戦成績。打席数が少ない値の解釈に注意。
2026,2026-08-16,辰己 涼介,楽天,福島 蓮,日本ハム,12,10,5,1,2,3,0.5,0.5833,0.9,1.4833,いいえ,当該打者と投手のシーズン対戦成績。打席数が少ない値の解釈に注意。
2026,2026-08-16,辰己 涼介,楽天,伊藤 大海,日本ハム,11,11,4,1,0,2,0.3636,0.3636,0.8182,1.1818,いいえ,当該打者と投手のシーズン対戦成績。打席数が少ない値の解釈に注意。
2026,2026-08-16,辰己 涼介,楽天,エスピノーザ,オリックス,10,9,2,0,1,4,0.2222,0.3,0.2222,0.5222,いいえ,当該打者と投手のシーズン対戦成績。打席数が少ない値の解釈に注意。
2026,2026-08-16,辰己 涼介,楽天,小島 和哉,ロッテ,10,10,3,0,0,3,0.3,0.3,0.4,0.7,いいえ,当該打者と投手のシーズン対戦成績。打席数が少ない値の解釈に注意。
2026,2026-08-16,辰己 涼介,楽天,ジャクソン,ロッテ,9,8,1,0,1,2,0.125,0.2222,0.125,0.3472,はい,当該打者と投手のシーズン対戦成績。打席数が少ない値の解釈に注意。
2026,2026-08-16,辰己 涼介,楽天,大関 友久,ソフトバンク,9,5,3,0,4,0,0.6,0.7778,0.6,1.3778,はい,当該打者と投手のシーズン対戦成績。打席数が少ない値の解釈に注意。
2026,2026-08-16,辰己 涼介,楽天,細野 晴希,日本ハム,9,7,2,0,0,3,0.2857,0.3333,0.2857,0.619,はい,当該打者と投手のシーズン対戦成績。打席数が少ない値の解釈に注意。
2026,2026-08-16,辰己 涼介,楽天,前田 悠伍,ソフトバンク,8,8,3,0,0,1,0.375,0.375,0.5,0.875,はい,当該打者と投手のシーズン対戦成績。打席数が少ない値の解釈に注意。
2026,2026-08-16,辰己 涼介,楽天,武内 夏暉,西武,8,8,2,1,0,0,0.25,0.25,0.625,0.875,はい,当該打者と投手のシーズン対戦成績。打席数が少ない値の解釈に注意。
2026,2026-08-16,辰己 涼介,楽天,上茶谷 大河,ソフトバンク,7,7,1,0,0,1,0.1429,0.1429,0.1429,0.2858,はい,当該打者と投手のシーズン対戦成績。打席数が少ない値の解釈に注意。
2026,2026-08-16,辰己 涼介,楽天,渡邉 勇太朗,西武,7,6,1,0,0,4,0.1667,0.1429,0.1667,0.3096,はい,当該打者と投手のシーズン対戦成績。打席数が少ない値の解釈に注意。
2026,2026-08-16,辰己 涼介,楽天,達 孝太,日本ハム,7,7,1,0,0,3,0.1429,0.1429,0.2857,0.4286,はい,当該打者と投手のシーズン対戦成績。打席数が少ない値の解釈に注意。
2026,2026-08-16,辰己 涼介,楽天,上沢 直之,ソフトバンク,6,4,2,0,1,1,0.5,0.6,0.5,1.1,はい,当該打者と投手のシーズン対戦成績。打席数が少ない値の解釈に注意。
2026,2026-08-16,辰己 涼介,楽天,甲斐野 央,西武,6,6,1,0,0,1,0.1667,0.1667,0.1667,0.3334,はい,当該打者と投手のシーズン対戦成績。打席数が少ない値の解釈に注意。
2026,2026-08-16,辰己 涼介,楽天,西野 勇士,ロッテ,6,5,3,0,1,0,0.6,0.6667,0.6,1.2667,はい,当該打者と投手のシーズン対戦成績。打席数が少ない値の解釈に注意。
2026,2026-08-16,辰己 涼介,楽天,ジェリー,オリックス,5,4,1,0,0,0,0.25,0.2,0.25,0.45,はい,当該打者と投手のシーズン対戦成績。打席数が少ない値の解釈に注意。
2026,2026-08-16,辰己 涼介,楽天,スチュワート・ジュニア,ソフトバンク,5,4,0,0,1,0,0.0,0.2,0.0,0.2,はい,当該打者と投手のシーズン対戦成績。打席数が少ない値の解釈に注意。
2026,2026-08-16,辰己 涼介,楽天,松本 晴,ソフトバンク,5,4,0,0,1,1,0.0,0.2,0.0,0.2,はい,当該打者と投手のシーズン対戦成績。打席数が少ない値の解釈に注意。
2026,2026-08-16,辰己 涼介,楽天,松本 裕樹,ソフトバンク,5,5,0,0,0,0,0.0,0.0,0.0,0.0,はい,当該打者と投手のシーズン対戦成績。打席数が少ない値の解釈に注意。
2026,2026-08-16,太田 光,楽天,九里 亜蓮,オリックス,13,12,1,0,1,5,0.0833,0.1538,0.0833,0.2371,いいえ,当該打者と投手のシーズン対戦成績。打席数が少ない値の解釈に注意。
2026,2026-08-16,太田 光,楽天,伊藤 大海,日本ハム,8,7,1,0,1,2,0.1429,0.25,0.1429,0.3929,はい,当該打者と投手のシーズン対戦成績。打席数が少ない値の解釈に注意。
2026,2026-08-16,太田 光,楽天,細野 晴希,日本ハム,8,7,3,0,1,1,0.4286,0.5,0.5714,1.0714,はい,当該打者と投手のシーズン対戦成績。打席数が少ない値の解釈に注意。
2026,2026-08-16,太田 光,楽天,上茶谷 大河,ソフトバンク,7,6,0,0,0,1,0.0,0.0,0.0,0.0,はい,当該打者と投手のシーズン対戦成績。打席数が少ない値の解釈に注意。
2026,2026-08-16,太田 光,楽天,加藤 貴之,日本ハム,7,7,1,0,0,1,0.1429,0.1429,0.1429,0.2858,はい,当該打者と投手のシーズン対戦成績。打席数が少ない値の解釈に注意。
2026,2026-08-16,太田 光,楽天,大津 亮介,ソフトバンク,6,6,0,0,0,0,0.0,0.0,0.0,0.0,はい,当該打者と投手のシーズン対戦成績。打席数が少ない値の解釈に注意。
2026,2026-08-16,太田 光,楽天,大関 友久,ソフトバンク,6,6,1,0,0,1,0.1667,0.1667,0.1667,0.3334,はい,当該打者と投手のシーズン対戦成績。打席数が少ない値の解釈に注意。
2026,2026-08-16,太田 光,楽天,小島 和哉,ロッテ,6,5,1,0,1,2,0.2,0.3333,0.2,0.5333,はい,当該打者と投手のシーズン対戦成績。打席数が少ない値の解釈に注意。
2026,2026-08-16,太田 光,楽天,武内 夏暉,西武,6,6,2,1,0,1,0.3333,0.3333,0.8333,1.1666,はい,当該打者と投手のシーズン対戦成績。打席数が少ない値の解釈に注意。
2026,2026-08-16,太田 光,楽天,上沢 直之,ソフトバンク,5,3,1,0,1,1,0.3333,0.5,0.3333,0.8333,はい,当該打者と投手のシーズン対戦成績。打席数が少ない値の解釈に注意。
2026,2026-08-16,太田 光,楽天,平良 海馬,西武,5,4,1,0,1,3,0.25,0.4,0.25,0.65,はい,当該打者と投手のシーズン対戦成績。打席数が少ない値の解釈に注意。
2026,2026-08-16,太田 光,楽天,達 孝太,日本ハム,5,5,1,0,0,2,0.2,0.2,0.4,0.6,はい,当該打者と投手のシーズン対戦成績。打席数が少ない値の解釈に注意。
2026,2026-08-16,渡邊 佳明,楽天,九里 亜蓮,オリックス,14,14,5,0,0,4,0.3571,0.3571,0.4286,0.7857,いいえ,当該打者と投手のシーズン対戦成績。打席数が少ない値の解釈に注意。
2026,2026-08-16,渡邊 佳明,楽天,伊藤 大海,日本ハム,7,7,1,0,0,2,0.1429,0.1429,0.1429,0.2858,はい,当該打者と投手のシーズン対戦成績。打席数が少ない値の解釈に注意。
2026,2026-08-16,渡邊 佳明,楽天,福島 蓮,日本ハム,6,3,0,0,2,1,0.0,0.4,0.0,0.4,はい,当該打者と投手のシーズン対戦成績。打席数が少ない値の解釈に注意。
2026,2026-08-16,渡邊 佳明,楽天,ジャクソン,ロッテ,5,5,1,0,0,0,0.2,0.2,0.4,0.6,はい,当該打者と投手のシーズン対戦成績。打席数が少ない値の解釈に注意。
2026,2026-08-16,渡邊 佳明,楽天,スチュワート・ジュニア,ソフトバンク,5,4,2,0,1,1,0.5,0.6,0.5,1.1,はい,当該打者と投手のシーズン対戦成績。打席数が少ない値の解釈に注意。
2026,2026-08-16,小郷 裕哉,楽天,伊藤 大海,日本ハム,6,6,3,0,0,1,0.5,0.5,0.5,1.0,はい,当該打者と投手のシーズン対戦成績。打席数が少ない値の解釈に注意。
2026,2026-08-16,小郷 裕哉,楽天,大津 亮介,ソフトバンク,6,6,1,0,0,3,0.1667,0.1667,0.1667,0.3334,はい,当該打者と投手のシーズン対戦成績。打席数が少ない値の解釈に注意。
2026,2026-08-16,小郷 裕哉,楽天,スチュワート・ジュニア,ソフトバンク,5,5,2,0,0,2,0.4,0.4,0.4,0.8,はい,当該打者と投手のシーズン対戦成績。打席数が少ない値の解釈に注意。
2026,2026-08-16,小郷 裕哉,楽天,福島 蓮,日本ハム,5,5,0,0,0,2,0.0,0.0,0.0,0.0,はい,当該打者と投手のシーズン対戦成績。打席数が少ない値の解釈に注意。
2026,2026-08-16,廣瀨 隆太,ソフトバンク,古謝 樹,楽天,5,5,1,0,0,2,0.2,0.2,0.2,0.4,はい,当該打者と投手のシーズン対戦成績。打席数が少ない値の解釈に注意。
2026,2026-08-16,森下 翔太,阪神,柳 裕也,中日,15,13,4,2,1,2,0.3077,0.4,0.8462,1.2462,いいえ,当該打者と投手のシーズン対戦成績。打席数が少ない値の解釈に注意。
2026,2026-08-16,森下 翔太,阪神,栗林 良吏,広島,13,13,0,0,0,1,0.0,0.0,0.0,0.0,いいえ,当該打者と投手のシーズン対戦成績。打席数が少ない値の解釈に注意。
2026,2026-08-16,森下 翔太,阪神,マラー,中日,12,11,3,2,1,1,0.2727,0.3333,0.8182,1.1515,いいえ,当該打者と投手のシーズン対戦成績。打席数が少ない値の解釈に注意。
2026,2026-08-16,森下 翔太,阪神,髙橋 宏斗,中日,12,9,5,0,2,1,0.5556,0.6667,0.7778,1.4445,いいえ,当該打者と投手のシーズン対戦成績。打席数が少ない値の解釈に注意。
2026,2026-08-16,森下 翔太,阪神,井上 温大,巨人,9,8,5,1,0,0,0.625,0.6667,1.25,1.9167,はい,当該打者と投手のシーズン対戦成績。打席数が少ない値の解釈に注意。
2026,2026-08-16,森下 翔太,阪神,山野 太一,ヤクルト,9,6,1,0,2,1,0.1667,0.4444,0.1667,0.6111,はい,当該打者と投手のシーズン対戦成績。打席数が少ない値の解釈に注意。
2026,2026-08-16,森下 翔太,阪神,床田 寛樹,広島,9,8,3,0,1,0,0.375,0.4444,0.5,0.9444,はい,当該打者と投手のシーズン対戦成績。打席数が少ない値の解釈に注意。
2026,2026-08-16,森下 翔太,阪神,森 翔平,広島,9,7,1,0,2,2,0.1429,0.3333,0.1429,0.4762,はい,当該打者と投手のシーズン対戦成績。打席数が少ない値の解釈に注意。
2026,2026-08-16,森下 翔太,阪神,竹丸 和幸,巨人,9,9,4,0,0,0,0.4444,0.4444,0.4444,0.8888,はい,当該打者と投手のシーズン対戦成績。打席数が少ない値の解釈に注意。
2026,2026-08-16,森下 翔太,阪神,中西 聖輝,中日,7,6,2,0,0,1,0.3333,0.4286,0.5,0.9286,はい,当該打者と投手のシーズン対戦成績。打席数が少ない値の解釈に注意。
2026,2026-08-16,森下 翔太,阪神,吉村 貢司郎,ヤクルト,7,7,1,0,0,0,0.1429,0.1429,0.2857,0.4286,はい,当該打者と投手のシーズン対戦成績。打席数が少ない値の解釈に注意。
2026,2026-08-16,森下 翔太,阪神,岡本 駿,広島,7,7,2,1,0,0,0.2857,0.2857,0.8571,1.1428,はい,当該打者と投手のシーズン対戦成績。打席数が少ない値の解釈に注意。
2026,2026-08-16,森下 翔太,阪神,森下 暢仁,広島,7,7,0,0,0,0,0.0,0.0,0.0,0.0,はい,当該打者と投手のシーズン対戦成績。打席数が少ない値の解釈に注意。
2026,2026-08-16,森下 翔太,阪神,田和 廉,巨人,7,4,1,1,3,1,0.25,0.5714,1.0,1.5714,はい,当該打者と投手のシーズン対戦成績。打席数が少ない値の解釈に注意。
2026,2026-08-16,森下 翔太,阪神,ウィットリー,巨人,6,5,1,0,0,1,0.2,0.3333,0.2,0.5333,はい,当該打者と投手のシーズン対戦成績。打席数が少ない値の解釈に注意。
2026,2026-08-16,森下 翔太,阪神,ターノック,広島,6,4,0,0,1,1,0.0,0.3333,0.0,0.3333,はい,当該打者と投手のシーズン対戦成績。打席数が少ない値の解釈に注意。
2026,2026-08-16,森下 翔太,阪神,レイノルズ,DeNA,6,5,2,0,1,2,0.4,0.5,0.4,0.9,はい,当該打者と投手のシーズン対戦成績。打席数が少ない値の解釈に注意。
2026,2026-08-16,森下 翔太,阪神,則本 昂大,巨人,6,4,0,0,1,2,0.0,0.3333,0.0,0.3333,はい,当該打者と投手のシーズン対戦成績。打席数が少ない値の解釈に注意。
2026,2026-08-16,森下 翔太,阪神,尾形 崇斗,DeNA,6,6,1,0,0,1,0.1667,0.1667,0.1667,0.3334,はい,当該打者と投手のシーズン対戦成績。打席数が少ない値の解釈に注意。
2026,2026-08-16,森下 翔太,阪神,平良 拳太郎,DeNA,6,6,1,1,0,3,0.1667,0.1667,0.6667,0.8334,はい,当該打者と投手のシーズン対戦成績。打席数が少ない値の解釈に注意。
2026,2026-08-16,森下 翔太,阪神,田中 将大,巨人,6,6,2,0,0,1,0.3333,0.3333,0.3333,0.6666,はい,当該打者と投手のシーズン対戦成績。打席数が少ない値の解釈に注意。
2026,2026-08-16,森下 翔太,阪神,西舘 勇陽,巨人,6,4,1,1,1,0,0.25,0.5,1.0,1.5,はい,当該打者と投手のシーズン対戦成績。打席数が少ない値の解釈に注意。
2026,2026-08-16,森下 翔太,阪神,金丸 夢斗,中日,6,5,2,1,1,1,0.4,0.5,1.0,1.5,はい,当該打者と投手のシーズン対戦成績。打席数が少ない値の解釈に注意。
2026,2026-08-16,森下 翔太,阪神,高橋 奎二,ヤクルト,6,5,2,1,1,0,0.4,0.5,1.2,1.7,はい,当該打者と投手のシーズン対戦成績。打席数が少ない値の解釈に注意。
2026,2026-08-16,森下 翔太,阪神,マルセリーノ,DeNA,5,4,1,0,0,0,0.25,0.2,0.25,0.45,はい,当該打者と投手のシーズン対戦成績。打席数が少ない値の解釈に注意。
2026,2026-08-16,森下 翔太,阪神,大野 雄大,中日,5,5,2,1,0,1,0.4,0.4,1.2,1.6,はい,当該打者と投手のシーズン対戦成績。打席数が少ない値の解釈に注意。
2026,2026-08-16,森下 翔太,阪神,松本 健吾,ヤクルト,5,4,1,0,1,0,0.25,0.4,0.25,0.65,はい,当該打者と投手のシーズン対戦成績。打席数が少ない値の解釈に注意。
2026,2026-08-16,森下 翔太,阪神,石田 裕太郎,DeNA,5,3,0,0,1,1,0.0,0.4,0.0,0.4,はい,当該打者と投手のシーズン対戦成績。打席数が少ない値の解釈に注意。
2026,2026-08-16,森下 翔太,阪神,篠木 健太郎,DeNA,5,4,1,0,1,0,0.25,0.4,0.5,0.9,はい,当該打者と投手のシーズン対戦成績。打席数が少ない値の解釈に注意。
2026,2026-08-16,林 琢真,DeNA,松本 健吾,ヤクルト,7,7,3,0,0,1,0.4286,0.4286,0.8571,1.2857,はい,当該打者と投手のシーズン対戦成績。打席数が少ない値の解釈に注意。
2026,2026-08-16,名原 典彦,広島,村上 頌樹,阪神,10,10,4,1,0,2,0.4,0.4,0.7,1.1,いいえ,当該打者と投手のシーズン対戦成績。打席数が少ない値の解釈に注意。
2026,2026-08-16,名原 典彦,広島,大野 雄大,中日,7,6,2,0,1,2,0.3333,0.4286,0.3333,0.7619,はい,当該打者と投手のシーズン対戦成績。打席数が少ない値の解釈に注意。
2026,2026-08-16,名原 典彦,広島,高橋 奎二,ヤクルト,7,7,2,0,0,1,0.2857,0.2857,0.4286,0.7143,はい,当該打者と投手のシーズン対戦成績。打席数が少ない値の解釈に注意。
2026,2026-08-16,名原 典彦,広島,才木 浩人,阪神,6,6,1,0,0,1,0.1667,0.1667,0.1667,0.3334,はい,当該打者と投手のシーズン対戦成績。打席数が少ない値の解釈に注意。
2026,2026-08-16,名原 典彦,広島,東 克樹,DeNA,6,6,3,0,0,1,0.5,0.5,0.8333,1.3333,はい,当該打者と投手のシーズン対戦成績。打席数が少ない値の解釈に注意。
2026,2026-08-16,名原 典彦,広島,髙橋 宏斗,中日,6,6,2,0,0,0,0.3333,0.3333,0.6667,1.0,はい,当該打者と投手のシーズン対戦成績。打席数が少ない値の解釈に注意。
2026,2026-08-16,石井 巧,ヤクルト,金丸 夢斗,中日,6,6,0,0,0,4,0.0,0.0,0.0,0.0,はい,当該打者と投手のシーズン対戦成績。打席数が少ない値の解釈に注意。
2026,2026-08-16,石井 巧,ヤクルト,岡本 駿,広島,5,4,0,0,1,2,0.0,0.2,0.0,0.2,はい,当該打者と投手のシーズン対戦成績。打席数が少ない値の解釈に注意。
2026,2026-08-16,石井 巧,ヤクルト,深沢 鳳介,DeNA,5,5,1,0,0,3,0.2,0.2,0.2,0.4,はい,当該打者と投手のシーズン対戦成績。打席数が少ない値の解釈に注意。
2026,2026-08-16,蛭間 拓哉,西武,伊藤 大海,日本ハム,8,8,3,0,0,1,0.375,0.375,0.75,1.125,はい,当該打者と投手のシーズン対戦成績。打席数が少ない値の解釈に注意。
2026,2026-08-16,蛭間 拓哉,西武,ジャクソン,ロッテ,5,3,0,0,1,0,0.0,0.25,0.0,0.25,はい,当該打者と投手のシーズン対戦成績。打席数が少ない値の解釈に注意。
2026,2026-08-16,蛭間 拓哉,西武,岸 孝之,楽天,5,5,0,0,0,1,0.0,0.0,0.0,0.0,はい,当該打者と投手のシーズン対戦成績。打席数が少ない値の解釈に注意。
2026,2026-08-16,蛭間 拓哉,西武,荘司 康誠,楽天,5,5,2,0,0,2,0.4,0.4,0.8,1.2,はい,当該打者と投手のシーズン対戦成績。打席数が少ない値の解釈に注意。
2026,2026-08-16,蛭間 拓哉,西武,髙島 泰都,オリックス,5,5,5,0,0,0,1.0,1.0,1.4,2.4,はい,当該打者と投手のシーズン対戦成績。打席数が少ない値の解釈に注意。
2026,2026-08-16,度会 隆輝,DeNA,井上 温大,巨人,11,10,2,0,1,4,0.2,0.2727,0.3,0.5727,いいえ,当該打者と投手のシーズン対戦成績。打席数が少ない値の解釈に注意。
2026,2026-08-16,度会 隆輝,DeNA,才木 浩人,阪神,9,9,2,0,0,3,0.2222,0.2222,0.2222,0.4444,はい,当該打者と投手のシーズン対戦成績。打席数が少ない値の解釈に注意。
2026,2026-08-16,度会 隆輝,DeNA,竹丸 和幸,巨人,9,8,3,0,1,1,0.375,0.4444,0.5,0.9444,はい,当該打者と投手のシーズン対戦成績。打席数が少ない値の解釈に注意。
2026,2026-08-16,度会 隆輝,DeNA,金丸 夢斗,中日,9,7,2,0,1,1,0.2857,0.375,0.2857,0.6607,はい,当該打者と投手のシーズン対戦成績。打席数が少ない値の解釈に注意。
2026,2026-08-16,度会 隆輝,DeNA,松本 健吾,ヤクルト,8,8,2,0,0,2,0.25,0.25,0.25,0.5,はい,当該打者と投手のシーズン対戦成績。打席数が少ない値の解釈に注意。
2026,2026-08-16,度会 隆輝,DeNA,大竹 耕太郎,阪神,7,7,2,0,0,0,0.2857,0.2857,0.2857,0.5714,はい,当該打者と投手のシーズン対戦成績。打席数が少ない値の解釈に注意。
2026,2026-08-16,度会 隆輝,DeNA,村上 頌樹,阪神,7,7,2,0,0,0,0.2857,0.2857,0.2857,0.5714,はい,当該打者と投手のシーズン対戦成績。打席数が少ない値の解釈に注意。
2026,2026-08-16,度会 隆輝,DeNA,髙橋 遥人,阪神,7,7,1,0,0,2,0.1429,0.1429,0.1429,0.2858,はい,当該打者と投手のシーズン対戦成績。打席数が少ない値の解釈に注意。
2026,2026-08-16,度会 隆輝,DeNA,ターノック,広島,6,6,0,0,0,1,0.0,0.0,0.0,0.0,はい,当該打者と投手のシーズン対戦成績。打席数が少ない値の解釈に注意。
2026,2026-08-16,度会 隆輝,DeNA,奥川 恭伸,ヤクルト,6,6,2,0,0,1,0.3333,0.3333,0.3333,0.6666,はい,当該打者と投手のシーズン対戦成績。打席数が少ない値の解釈に注意。
2026,2026-08-16,度会 隆輝,DeNA,床田 寛樹,広島,6,6,0,0,0,1,0.0,0.0,0.0,0.0,はい,当該打者と投手のシーズン対戦成績。打席数が少ない値の解釈に注意。
2026,2026-08-16,度会 隆輝,DeNA,櫻井 頼之介,中日,6,5,1,0,1,2,0.2,0.3333,0.2,0.5333,はい,当該打者と投手のシーズン対戦成績。打席数が少ない値の解釈に注意。
2026,2026-08-16,度会 隆輝,DeNA,高梨 裕稔,ヤクルト,6,6,2,1,0,0,0.3333,0.3333,0.8333,1.1666,はい,当該打者と投手のシーズン対戦成績。打席数が少ない値の解釈に注意。
2026,2026-08-16,度会 隆輝,DeNA,ハワード,巨人,5,5,0,0,0,2,0.0,0.0,0.0,0.0,はい,当該打者と投手のシーズン対戦成績。打席数が少ない値の解釈に注意。
2026,2026-08-16,度会 隆輝,DeNA,中西 聖輝,中日,5,5,1,0,0,0,0.2,0.2,0.2,0.4,はい,当該打者と投手のシーズン対戦成績。打席数が少ない値の解釈に注意。
2026,2026-08-16,度会 隆輝,DeNA,小川 泰弘,ヤクルト,5,3,2,0,2,0,0.6667,0.8,1.0,1.8,はい,当該打者と投手のシーズン対戦成績。打席数が少ない値の解釈に注意。
2026,2026-08-16,奈良間 大己,日本ハム,隅田 知一郎,西武,10,10,3,0,0,2,0.3,0.3,0.4,0.7,いいえ,当該打者と投手のシーズン対戦成績。打席数が少ない値の解釈に注意。
2026,2026-08-16,奈良間 大己,日本ハム,渡邉 勇太朗,西武,7,6,0,0,1,1,0.0,0.1429,0.0,0.1429,はい,当該打者と投手のシーズン対戦成績。打席数が少ない値の解釈に注意。
2026,2026-08-16,奈良間 大己,日本ハム,ジェリー,オリックス,6,6,4,0,0,0,0.6667,0.6667,1.0,1.6667,はい,当該打者と投手のシーズン対戦成績。打席数が少ない値の解釈に注意。
2026,2026-08-16,奈良間 大己,日本ハム,早川 隆久,楽天,6,6,1,0,0,2,0.1667,0.1667,0.3333,0.5,はい,当該打者と投手のシーズン対戦成績。打席数が少ない値の解釈に注意。
2026,2026-08-16,奈良間 大己,日本ハム,武内 夏暉,西武,6,6,3,0,0,1,0.5,0.5,0.6667,1.1667,はい,当該打者と投手のシーズン対戦成績。打席数が少ない値の解釈に注意。
2026,2026-08-16,奈良間 大己,日本ハム,上沢 直之,ソフトバンク,5,5,2,0,0,2,0.4,0.4,0.4,0.8,はい,当該打者と投手のシーズン対戦成績。打席数が少ない値の解釈に注意。
2026,2026-08-16,奈良間 大己,日本ハム,曽谷 龍平,オリックス,5,5,1,0,0,1,0.2,0.2,0.2,0.4,はい,当該打者と投手のシーズン対戦成績。打席数が少ない値の解釈に注意。
2026,2026-08-16,奈良間 大己,日本ハム,瀧中 瞭太,楽天,5,5,1,0,0,0,0.2,0.2,0.2,0.4,はい,当該打者と投手のシーズン対戦成績。打席数が少ない値の解釈に注意。
2026,2026-08-16,奈良間 大己,日本ハム,片山 楽生,オリックス,5,3,1,0,1,1,0.3333,0.4,0.3333,0.7333,はい,当該打者と投手のシーズン対戦成績。打席数が少ない値の解釈に注意。
2026,2026-08-16,上田 希由翔,ロッテ,平良 海馬,西武,8,7,4,0,1,2,0.5714,0.625,0.7143,1.3393,はい,当該打者と投手のシーズン対戦成績。打席数が少ない値の解釈に注意。
2026,2026-08-16,上田 希由翔,ロッテ,寺西 成騎,オリックス,6,5,1,0,1,0,0.2,0.3333,0.2,0.5333,はい,当該打者と投手のシーズン対戦成績。打席数が少ない値の解釈に注意。
2026,2026-08-16,上田 希由翔,ロッテ,渡邉 勇太朗,西武,6,6,1,0,0,2,0.1667,0.1667,0.3333,0.5,はい,当該打者と投手のシーズン対戦成績。打席数が少ない値の解釈に注意。
2026,2026-08-16,上田 希由翔,ロッテ,達 孝太,日本ハム,6,5,0,0,1,2,0.0,0.1667,0.0,0.1667,はい,当該打者と投手のシーズン対戦成績。打席数が少ない値の解釈に注意。
2026,2026-08-16,上田 希由翔,ロッテ,ジェリー,オリックス,5,5,2,1,0,2,0.4,0.4,1.2,1.6,はい,当該打者と投手のシーズン対戦成績。打席数が少ない値の解釈に注意。
2026,2026-08-16,上田 希由翔,ロッテ,上沢 直之,ソフトバンク,5,5,3,0,0,0,0.6,0.6,0.6,1.2,はい,当該打者と投手のシーズン対戦成績。打席数が少ない値の解釈に注意。
2026,2026-08-16,宗山 塁,楽天,九里 亜蓮,オリックス,9,9,3,2,0,0,0.3333,0.3333,1.0,1.3333,はい,当該打者と投手のシーズン対戦成績。打席数が少ない値の解釈に注意。
2026,2026-08-16,宗山 塁,楽天,エスピノーザ,オリックス,6,6,3,0,0,1,0.5,0.5,0.5,1.0,はい,当該打者と投手のシーズン対戦成績。打席数が少ない値の解釈に注意。
2026,2026-08-16,宗山 塁,楽天,大津 亮介,ソフトバンク,6,5,2,0,1,0,0.4,0.5,0.6,1.1,はい,当該打者と投手のシーズン対戦成績。打席数が少ない値の解釈に注意。
2026,2026-08-16,宗山 塁,楽天,上茶谷 大河,ソフトバンク,5,5,2,1,0,1,0.4,0.4,1.0,1.4,はい,当該打者と投手のシーズン対戦成績。打席数が少ない値の解釈に注意。
2026,2026-08-16,宗山 塁,楽天,加藤 貴之,日本ハム,5,5,2,0,0,0,0.4,0.4,0.4,0.8,はい,当該打者と投手のシーズン対戦成績。打席数が少ない値の解釈に注意。
2026,2026-08-16,水野 達稀,日本ハム,ジャクソン,ロッテ,15,13,2,0,1,3,0.1538,0.2667,0.2308,0.4975,いいえ,当該打者と投手のシーズン対戦成績。打席数が少ない値の解釈に注意。
2026,2026-08-16,水野 達稀,日本ハム,荘司 康誠,楽天,14,12,3,1,2,3,0.25,0.3571,0.5,0.8571,いいえ,当該打者と投手のシーズン対戦成績。打席数が少ない値の解釈に注意。
2026,2026-08-16,水野 達稀,日本ハム,隅田 知一郎,西武,14,13,4,0,0,3,0.3077,0.3077,0.6923,1.0,いいえ,当該打者と投手のシーズン対戦成績。打席数が少ない値の解釈に注意。
2026,2026-08-16,水野 達稀,日本ハム,渡邉 勇太朗,西武,13,13,3,1,0,3,0.2308,0.2308,0.5385,0.7693,いいえ,当該打者と投手のシーズン対戦成績。打席数が少ない値の解釈に注意。
2026,2026-08-16,水野 達稀,日本ハム,上沢 直之,ソフトバンク,11,10,4,0,1,1,0.4,0.4545,0.4,0.8545,いいえ,当該打者と投手のシーズン対戦成績。打席数が少ない値の解釈に注意。
2026,2026-08-16,水野 達稀,日本ハム,平良 海馬,西武,11,9,4,0,0,2,0.4444,0.5,0.4444,0.9444,いいえ,当該打者と投手のシーズン対戦成績。打席数が少ない値の解釈に注意。
2026,2026-08-16,水野 達稀,日本ハム,スチュワート・ジュニア,ソフトバンク,9,8,3,0,1,1,0.375,0.4444,0.625,1.0694,はい,当該打者と投手のシーズン対戦成績。打席数が少ない値の解釈に注意。
2026,2026-08-16,水野 達稀,日本ハム,前田 健太,楽天,9,7,1,0,1,0,0.1429,0.2222,0.1429,0.3651,はい,当該打者と投手のシーズン対戦成績。打席数が少ない値の解釈に注意。
2026,2026-08-16,水野 達稀,日本ハム,河村 説人,ロッテ,9,7,2,0,1,0,0.2857,0.375,0.5714,0.9464,はい,当該打者と投手のシーズン対戦成績。打席数が少ない値の解釈に注意。
2026,2026-08-16,水野 達稀,日本ハム,ジェリー,オリックス,8,8,1,0,0,1,0.125,0.125,0.125,0.25,はい,当該打者と投手のシーズン対戦成績。打席数が少ない値の解釈に注意。
2026,2026-08-16,水野 達稀,日本ハム,曽谷 龍平,オリックス,8,7,3,0,1,2,0.4286,0.5,0.5714,1.0714,はい,当該打者と投手のシーズン対戦成績。打席数が少ない値の解釈に注意。
2026,2026-08-16,水野 達稀,日本ハム,エスピノーザ,オリックス,7,7,0,0,0,3,0.0,0.0,0.0,0.0,はい,当該打者と投手のシーズン対戦成績。打席数が少ない値の解釈に注意。
2026,2026-08-16,水野 達稀,日本ハム,上茶谷 大河,ソフトバンク,7,7,0,0,0,2,0.0,0.0,0.0,0.0,はい,当該打者と投手のシーズン対戦成績。打席数が少ない値の解釈に注意。
2026,2026-08-16,水野 達稀,日本ハム,九里 亜蓮,オリックス,7,7,1,0,0,1,0.1429,0.1429,0.1429,0.2858,はい,当該打者と投手のシーズン対戦成績。打席数が少ない値の解釈に注意。
2026,2026-08-16,水野 達稀,日本ハム,松本 晴,ソフトバンク,7,5,1,0,1,4,0.2,0.2857,0.2,0.4857,はい,当該打者と投手のシーズン対戦成績。打席数が少ない値の解釈に注意。
2026,2026-08-16,水野 達稀,日本ハム,ワイナンス,西武,6,4,0,0,0,0,0.0,0.1667,0.0,0.1667,はい,当該打者と投手のシーズン対戦成績。打席数が少ない値の解釈に注意。
2026,2026-08-16,水野 達稀,日本ハム,古謝 樹,楽天,6,4,0,0,0,2,0.0,0.0,0.0,0.0,はい,当該打者と投手のシーズン対戦成績。打席数が少ない値の解釈に注意。
2026,2026-08-16,水野 達稀,日本ハム,寺西 成騎,オリックス,6,6,4,0,0,0,0.6667,0.6667,1.1667,1.8334,はい,当該打者と投手のシーズン対戦成績。打席数が少ない値の解釈に注意。
2026,2026-08-16,水野 達稀,日本ハム,西野 勇士,ロッテ,6,6,1,0,0,0,0.1667,0.1667,0.3333,0.5,はい,当該打者と投手のシーズン対戦成績。打席数が少ない値の解釈に注意。
2026,2026-08-16,水野 達稀,日本ハム,髙島 泰都,オリックス,6,6,2,0,0,1,0.3333,0.3333,0.5,0.8333,はい,当該打者と投手のシーズン対戦成績。打席数が少ない値の解釈に注意。
2026,2026-08-16,水野 達稀,日本ハム,髙橋 光成,西武,6,5,2,1,1,1,0.4,0.5,1.0,1.5,はい,当該打者と投手のシーズン対戦成績。打席数が少ない値の解釈に注意。
2026,2026-08-16,水野 達稀,日本ハム,入山 海斗,オリックス,5,5,0,0,0,0,0.0,0.0,0.0,0.0,はい,当該打者と投手のシーズン対戦成績。打席数が少ない値の解釈に注意。
2026,2026-08-16,水野 達稀,日本ハム,前田 悠伍,ソフトバンク,5,5,2,0,0,1,0.4,0.4,0.4,0.8,はい,当該打者と投手のシーズン対戦成績。打席数が少ない値の解釈に注意。
2026,2026-08-16,水野 達稀,日本ハム,大津 亮介,ソフトバンク,5,5,1,0,0,2,0.2,0.2,0.2,0.4,はい,当該打者と投手のシーズン対戦成績。打席数が少ない値の解釈に注意。
2026,2026-08-16,水野 達稀,日本ハム,木村 優人,ロッテ,5,4,1,0,0,1,0.25,0.2,0.25,0.45,はい,当該打者と投手のシーズン対戦成績。打席数が少ない値の解釈に注意。
2026,2026-08-16,水野 達稀,日本ハム,瀧中 瞭太,楽天,5,5,2,0,0,0,0.4,0.4,0.6,1.0,はい,当該打者と投手のシーズン対戦成績。打席数が少ない値の解釈に注意。
2026,2026-08-16,レイエス,日本ハム,ジャクソン,ロッテ,14,13,6,2,1,3,0.4615,0.5,1.0,1.5,いいえ,当該打者と投手のシーズン対戦成績。打席数が少ない値の解釈に注意。
2026,2026-08-16,レイエス,日本ハム,上沢 直之,ソフトバンク,13,12,1,0,1,3,0.0833,0.1538,0.0833,0.2371,いいえ,当該打者と投手のシーズン対戦成績。打席数が少ない値の解釈に注意。
2026,2026-08-16,レイエス,日本ハム,渡邉 勇太朗,西武,13,11,3,0,1,3,0.2727,0.3077,0.2727,0.5804,いいえ,当該打者と投手のシーズン対戦成績。打席数が少ない値の解釈に注意。
2026,2026-08-16,レイエス,日本ハム,隅田 知一郎,西武,13,12,3,1,1,3,0.25,0.3077,0.5833,0.891,いいえ,当該打者と投手のシーズン対戦成績。打席数が少ない値の解釈に注意。
2026,2026-08-16,レイエス,日本ハム,平良 海馬,西武,12,12,5,0,0,2,0.4167,0.4167,0.5,0.9167,いいえ,当該打者と投手のシーズン対戦成績。打席数が少ない値の解釈に注意。
2026,2026-08-16,レイエス,日本ハム,スチュワート・ジュニア,ソフトバンク,11,9,2,1,2,2,0.2222,0.3636,0.5556,0.9192,いいえ,当該打者と投手のシーズン対戦成績。打席数が少ない値の解釈に注意。
2026,2026-08-16,レイエス,日本ハム,荘司 康誠,楽天,11,10,4,0,1,1,0.4,0.4545,0.4,0.8545,いいえ,当該打者と投手のシーズン対戦成績。打席数が少ない値の解釈に注意。
2026,2026-08-16,レイエス,日本ハム,上茶谷 大河,ソフトバンク,10,10,4,2,0,5,0.4,0.4,1.0,1.4,いいえ,当該打者と投手のシーズン対戦成績。打席数が少ない値の解釈に注意。
2026,2026-08-16,レイエス,日本ハム,九里 亜蓮,オリックス,10,9,5,0,1,2,0.5556,0.6,0.6667,1.2667,いいえ,当該打者と投手のシーズン対戦成績。打席数が少ない値の解釈に注意。
2026,2026-08-16,レイエス,日本ハム,前田 健太,楽天,9,8,1,0,1,3,0.125,0.2222,0.125,0.3472,はい,当該打者と投手のシーズン対戦成績。打席数が少ない値の解釈に注意。
2026,2026-08-16,レイエス,日本ハム,古謝 樹,楽天,9,9,2,0,0,1,0.2222,0.2222,0.3333,0.5555,はい,当該打者と投手のシーズン対戦成績。打席数が少ない値の解釈に注意。
2026,2026-08-16,レイエス,日本ハム,瀧中 瞭太,楽天,9,9,1,0,0,0,0.1111,0.1111,0.1111,0.2222,はい,当該打者と投手のシーズン対戦成績。打席数が少ない値の解釈に注意。
2026,2026-08-16,レイエス,日本ハム,髙橋 光成,西武,9,8,3,1,1,0,0.375,0.4444,0.75,1.1944,はい,当該打者と投手のシーズン対戦成績。打席数が少ない値の解釈に注意。
2026,2026-08-16,レイエス,日本ハム,ジェリー,オリックス,8,8,2,0,0,1,0.25,0.25,0.375,0.625,はい,当該打者と投手のシーズン対戦成績。打席数が少ない値の解釈に注意。
2026,2026-08-16,レイエス,日本ハム,曽谷 龍平,オリックス,8,7,2,0,1,3,0.2857,0.375,0.2857,0.6607,はい,当該打者と投手のシーズン対戦成績。打席数が少ない値の解釈に注意。
2026,2026-08-16,レイエス,日本ハム,河村 説人,ロッテ,8,6,4,1,1,0,0.6667,0.625,1.1667,1.7917,はい,当該打者と投手のシーズン対戦成績。打席数が少ない値の解釈に注意。
2026,2026-08-16,レイエス,日本ハム,髙島 泰都,オリックス,8,8,0,0,0,1,0.0,0.0,0.0,0.0,はい,当該打者と投手のシーズン対戦成績。打席数が少ない値の解釈に注意。
2026,2026-08-16,レイエス,日本ハム,松本 晴,ソフトバンク,7,6,3,0,0,1,0.5,0.5714,0.5,1.0714,はい,当該打者と投手のシーズン対戦成績。打席数が少ない値の解釈に注意。
2026,2026-08-16,レイエス,日本ハム,ワイナンス,西武,6,6,3,0,0,0,0.5,0.5,0.5,1.0,はい,当該打者と投手のシーズン対戦成績。打席数が少ない値の解釈に注意。
2026,2026-08-16,レイエス,日本ハム,加治屋 蓮,楽天,6,6,1,0,0,3,0.1667,0.1667,0.1667,0.3334,はい,当該打者と投手のシーズン対戦成績。打席数が少ない値の解釈に注意。
2026,2026-08-16,レイエス,日本ハム,早川 隆久,楽天,6,5,0,0,1,2,0.0,0.1667,0.0,0.1667,はい,当該打者と投手のシーズン対戦成績。打席数が少ない値の解釈に注意。
2026,2026-08-16,レイエス,日本ハム,杉山 一樹,ソフトバンク,6,6,1,0,0,2,0.1667,0.1667,0.3333,0.5,はい,当該打者と投手のシーズン対戦成績。打席数が少ない値の解釈に注意。
2026,2026-08-16,レイエス,日本ハム,武内 夏暉,西武,6,4,1,0,2,2,0.25,0.5,0.5,1.0,はい,当該打者と投手のシーズン対戦成績。打席数が少ない値の解釈に注意。
2026,2026-08-16,レイエス,日本ハム,片山 楽生,オリックス,6,6,1,0,0,0,0.1667,0.1667,0.1667,0.3334,はい,当該打者と投手のシーズン対戦成績。打席数が少ない値の解釈に注意。
2026,2026-08-16,レイエス,日本ハム,エスピノーザ,オリックス,5,5,3,1,0,0,0.6,0.6,1.4,2.0,はい,当該打者と投手のシーズン対戦成績。打席数が少ない値の解釈に注意。
2026,2026-08-16,レイエス,日本ハム,前田 悠伍,ソフトバンク,5,4,1,0,1,0,0.25,0.4,0.25,0.65,はい,当該打者と投手のシーズン対戦成績。打席数が少ない値の解釈に注意。
2026,2026-08-16,レイエス,日本ハム,大津 亮介,ソフトバンク,5,5,3,1,0,0,0.6,0.6,1.2,1.8,はい,当該打者と投手のシーズン対戦成績。打席数が少ない値の解釈に注意。
2026,2026-08-16,レイエス,日本ハム,寺西 成騎,オリックス,5,4,0,0,1,4,0.0,0.2,0.0,0.2,はい,当該打者と投手のシーズン対戦成績。打席数が少ない値の解釈に注意。
2026,2026-08-16,レイエス,日本ハム,木村 優人,ロッテ,5,5,2,1,0,0,0.4,0.4,1.2,1.6,はい,当該打者と投手のシーズン対戦成績。打席数が少ない値の解釈に注意。
2026,2026-08-16,レイエス,日本ハム,甲斐野 央,西武,5,5,1,1,0,2,0.2,0.2,0.8,1.0,はい,当該打者と投手のシーズン対戦成績。打席数が少ない値の解釈に注意。
2026,2026-08-16,井上 温大,巨人,石田 裕太郎,DeNA,7,6,0,0,0,3,0.0,0.0,0.0,0.0,はい,当該打者と投手のシーズン対戦成績。打席数が少ない値の解釈に注意。
2026,2026-08-16,長岡 秀樹,ヤクルト,岡本 駿,広島,12,11,2,0,1,2,0.1818,0.25,0.3636,0.6136,いいえ,当該打者と投手のシーズン対戦成績。打席数が少ない値の解釈に注意。
2026,2026-08-16,長岡 秀樹,ヤクルト,才木 浩人,阪神,12,12,5,1,0,2,0.4167,0.4167,0.8333,1.25,いいえ,当該打者と投手のシーズン対戦成績。打席数が少ない値の解釈に注意。
2026,2026-08-16,長岡 秀樹,ヤクルト,髙橋 宏斗,中日,12,12,3,0,0,2,0.25,0.25,0.25,0.5,いいえ,当該打者と投手のシーズン対戦成績。打席数が少ない値の解釈に注意。
2026,2026-08-16,長岡 秀樹,ヤクルト,柳 裕也,中日,11,11,2,0,0,0,0.1818,0.1818,0.1818,0.3636,いいえ,当該打者と投手のシーズン対戦成績。打席数が少ない値の解釈に注意。
2026,2026-08-16,長岡 秀樹,ヤクルト,マタ,巨人,9,7,4,0,2,0,0.5714,0.6667,0.7143,1.381,はい,当該打者と投手のシーズン対戦成績。打席数が少ない値の解釈に注意。
2026,2026-08-16,長岡 秀樹,ヤクルト,栗林 良吏,広島,8,7,3,0,1,1,0.4286,0.5,0.5714,1.0714,はい,当該打者と投手のシーズン対戦成績。打席数が少ない値の解釈に注意。
2026,2026-08-16,長岡 秀樹,ヤクルト,森下 暢仁,広島,7,7,0,0,0,1,0.0,0.0,0.0,0.0,はい,当該打者と投手のシーズン対戦成績。打席数が少ない値の解釈に注意。
2026,2026-08-16,長岡 秀樹,ヤクルト,石田 裕太郎,DeNA,7,6,2,0,1,1,0.3333,0.4286,0.3333,0.7619,はい,当該打者と投手のシーズン対戦成績。打席数が少ない値の解釈に注意。
2026,2026-08-16,長岡 秀樹,ヤクルト,下村 海翔,阪神,6,5,3,0,1,0,0.6,0.6667,0.6,1.2667,はい,当該打者と投手のシーズン対戦成績。打席数が少ない値の解釈に注意。
2026,2026-08-16,長岡 秀樹,ヤクルト,井上 温大,巨人,6,6,2,0,0,2,0.3333,0.3333,0.3333,0.6666,はい,当該打者と投手のシーズン対戦成績。打席数が少ない値の解釈に注意。
2026,2026-08-16,長岡 秀樹,ヤクルト,伊藤 将司,阪神,6,6,2,0,0,1,0.3333,0.3333,0.5,0.8333,はい,当該打者と投手のシーズン対戦成績。打席数が少ない値の解釈に注意。
2026,2026-08-16,長岡 秀樹,ヤクルト,大野 雄大,中日,6,6,0,0,0,1,0.0,0.0,0.0,0.0,はい,当該打者と投手のシーズン対戦成績。打席数が少ない値の解釈に注意。
2026,2026-08-16,長岡 秀樹,ヤクルト,尾形 崇斗,DeNA,6,5,2,0,1,1,0.4,0.5,0.4,0.9,はい,当該打者と投手のシーズン対戦成績。打席数が少ない値の解釈に注意。
2026,2026-08-16,長岡 秀樹,ヤクルト,戸郷 翔征,巨人,6,6,3,0,0,0,0.5,0.5,0.5,1.0,はい,当該打者と投手のシーズン対戦成績。打席数が少ない値の解釈に注意。
2026,2026-08-16,長岡 秀樹,ヤクルト,片山 皓心,DeNA,6,4,1,1,2,0,0.25,0.5,1.0,1.5,はい,当該打者と投手のシーズン対戦成績。打席数が少ない値の解釈に注意。
2026,2026-08-16,長岡 秀樹,ヤクルト,竹丸 和幸,巨人,6,6,1,0,0,1,0.1667,0.1667,0.1667,0.3334,はい,当該打者と投手のシーズン対戦成績。打席数が少ない値の解釈に注意。
2026,2026-08-16,長岡 秀樹,ヤクルト,金丸 夢斗,中日,6,6,2,0,0,1,0.3333,0.3333,0.3333,0.6666,はい,当該打者と投手のシーズン対戦成績。打席数が少ない値の解釈に注意。
2026,2026-08-16,長岡 秀樹,ヤクルト,髙 太一,広島,6,6,0,0,0,3,0.0,0.0,0.0,0.0,はい,当該打者と投手のシーズン対戦成績。打席数が少ない値の解釈に注意。
2026,2026-08-16,長岡 秀樹,ヤクルト,アドゥワ 誠,広島,5,5,3,1,0,1,0.6,0.6,1.2,1.8,はい,当該打者と投手のシーズン対戦成績。打席数が少ない値の解釈に注意。
2026,2026-08-16,長岡 秀樹,ヤクルト,中川 皓太,巨人,5,5,1,0,0,0,0.2,0.2,0.2,0.4,はい,当該打者と投手のシーズン対戦成績。打席数が少ない値の解釈に注意。
2026,2026-08-16,長岡 秀樹,ヤクルト,入江 大生,DeNA,5,4,1,0,1,1,0.25,0.4,0.5,0.9,はい,当該打者と投手のシーズン対戦成績。打席数が少ない値の解釈に注意。
2026,2026-08-16,武岡 龍世,ヤクルト,森下 暢仁,広島,10,7,0,0,3,4,0.0,0.3,0.0,0.3,いいえ,当該打者と投手のシーズン対戦成績。打席数が少ない値の解釈に注意。
2026,2026-08-16,武岡 龍世,ヤクルト,髙橋 宏斗,中日,10,9,3,0,1,4,0.3333,0.4,0.4444,0.8444,いいえ,当該打者と投手のシーズン対戦成績。打席数が少ない値の解釈に注意。
2026,2026-08-16,武岡 龍世,ヤクルト,戸郷 翔征,巨人,9,9,2,0,0,4,0.2222,0.2222,0.3333,0.5555,はい,当該打者と投手のシーズン対戦成績。打席数が少ない値の解釈に注意。
2026,2026-08-16,武岡 龍世,ヤクルト,石田 裕太郎,DeNA,8,7,2,0,1,3,0.2857,0.375,0.2857,0.6607,はい,当該打者と投手のシーズン対戦成績。打席数が少ない値の解釈に注意。
2026,2026-08-16,武岡 龍世,ヤクルト,岡本 駿,広島,7,5,1,0,2,1,0.2,0.4286,0.2,0.6286,はい,当該打者と投手のシーズン対戦成績。打席数が少ない値の解釈に注意。
2026,2026-08-16,武岡 龍世,ヤクルト,才木 浩人,阪神,7,7,1,0,0,3,0.1429,0.1429,0.1429,0.2858,はい,当該打者と投手のシーズン対戦成績。打席数が少ない値の解釈に注意。
2026,2026-08-16,武岡 龍世,ヤクルト,柳 裕也,中日,7,5,1,0,2,2,0.2,0.4286,0.2,0.6286,はい,当該打者と投手のシーズン対戦成績。打席数が少ない値の解釈に注意。
2026,2026-08-16,武岡 龍世,ヤクルト,入江 大生,DeNA,5,5,1,0,0,1,0.2,0.2,0.4,0.6,はい,当該打者と投手のシーズン対戦成績。打席数が少ない値の解釈に注意。
2026,2026-08-16,武岡 龍世,ヤクルト,栗林 良吏,広島,5,5,1,0,0,1,0.2,0.2,0.2,0.4,はい,当該打者と投手のシーズン対戦成績。打席数が少ない値の解釈に注意。
2026,2026-08-16,武岡 龍世,ヤクルト,赤星 優志,巨人,5,4,0,0,1,3,0.0,0.2,0.0,0.2,はい,当該打者と投手のシーズン対戦成績。打席数が少ない値の解釈に注意。
2026,2026-08-16,蝦名 達夫,DeNA,金丸 夢斗,中日,12,9,2,0,1,0,0.2222,0.4167,0.3333,0.75,いいえ,当該打者と投手のシーズン対戦成績。打席数が少ない値の解釈に注意。
2026,2026-08-16,蝦名 達夫,DeNA,床田 寛樹,広島,11,10,3,0,1,1,0.3,0.3636,0.5,0.8636,いいえ,当該打者と投手のシーズン対戦成績。打席数が少ない値の解釈に注意。
2026,2026-08-16,蝦名 達夫,DeNA,マラー,中日,8,8,1,0,0,2,0.125,0.125,0.125,0.25,はい,当該打者と投手のシーズン対戦成績。打席数が少ない値の解釈に注意。
2026,2026-08-16,蝦名 達夫,DeNA,村上 頌樹,阪神,7,6,0,0,0,4,0.0,0.1429,0.0,0.1429,はい,当該打者と投手のシーズン対戦成績。打席数が少ない値の解釈に注意。
2026,2026-08-16,蝦名 達夫,DeNA,大竹 耕太郎,阪神,6,6,2,0,0,1,0.3333,0.3333,0.3333,0.6666,はい,当該打者と投手のシーズン対戦成績。打席数が少ない値の解釈に注意。
2026,2026-08-16,蝦名 達夫,DeNA,竹丸 和幸,巨人,6,6,2,0,0,1,0.3333,0.3333,0.3333,0.6666,はい,当該打者と投手のシーズン対戦成績。打席数が少ない値の解釈に注意。
2026,2026-08-16,蝦名 達夫,DeNA,高梨 裕稔,ヤクルト,6,5,1,0,1,2,0.2,0.3333,0.2,0.5333,はい,当該打者と投手のシーズン対戦成績。打席数が少ない値の解釈に注意。
2026,2026-08-16,蝦名 達夫,DeNA,髙橋 遥人,阪神,6,6,1,0,0,1,0.1667,0.1667,0.1667,0.3334,はい,当該打者と投手のシーズン対戦成績。打席数が少ない値の解釈に注意。
2026,2026-08-16,蝦名 達夫,DeNA,中西 聖輝,中日,5,4,1,0,1,1,0.25,0.4,0.25,0.65,はい,当該打者と投手のシーズン対戦成績。打席数が少ない値の解釈に注意。
2026,2026-08-16,蝦名 達夫,DeNA,吉村 貢司郎,ヤクルト,5,5,2,1,0,3,0.4,0.4,1.0,1.4,はい,当該打者と投手のシーズン対戦成績。打席数が少ない値の解釈に注意。
2026,2026-08-16,蝦名 達夫,DeNA,玉村 昇悟,広島,5,5,1,0,0,1,0.2,0.2,0.2,0.4,はい,当該打者と投手のシーズン対戦成績。打席数が少ない値の解釈に注意。
2026,2026-08-16,石川 昂弥,中日,東 克樹,DeNA,10,10,1,0,0,2,0.1,0.1,0.1,0.2,いいえ,当該打者と投手のシーズン対戦成績。打席数が少ない値の解釈に注意。
2026,2026-08-16,石川 昂弥,中日,竹丸 和幸,巨人,10,8,2,0,2,2,0.25,0.4,0.25,0.65,いいえ,当該打者と投手のシーズン対戦成績。打席数が少ない値の解釈に注意。
2026,2026-08-16,石川 昂弥,中日,ウィットリー,巨人,7,6,1,0,1,2,0.1667,0.2857,0.3333,0.619,はい,当該打者と投手のシーズン対戦成績。打席数が少ない値の解釈に注意。
2026,2026-08-16,石川 昂弥,中日,吉村 貢司郎,ヤクルト,6,6,1,0,0,1,0.1667,0.1667,0.3333,0.5,はい,当該打者と投手のシーズン対戦成績。打席数が少ない値の解釈に注意。
2026,2026-08-16,石川 昂弥,中日,奥川 恭伸,ヤクルト,6,6,3,1,0,1,0.5,0.5,1.0,1.5,はい,当該打者と投手のシーズン対戦成績。打席数が少ない値の解釈に注意。
2026,2026-08-16,石川 昂弥,中日,山野 太一,ヤクルト,6,6,1,0,0,1,0.1667,0.1667,0.1667,0.3334,はい,当該打者と投手のシーズン対戦成績。打席数が少ない値の解釈に注意。
2026,2026-08-16,石川 昂弥,中日,才木 浩人,阪神,6,6,0,0,0,1,0.0,0.0,0.0,0.0,はい,当該打者と投手のシーズン対戦成績。打席数が少ない値の解釈に注意。
2026,2026-08-16,石川 昂弥,中日,森下 暢仁,広島,6,6,3,0,0,1,0.5,0.5,0.6667,1.1667,はい,当該打者と投手のシーズン対戦成績。打席数が少ない値の解釈に注意。
2026,2026-08-16,石川 昂弥,中日,ドリス,阪神,5,3,1,0,2,1,0.3333,0.6,0.3333,0.9333,はい,当該打者と投手のシーズン対戦成績。打席数が少ない値の解釈に注意。
2026,2026-08-16,石川 昂弥,中日,小笠原 慎之介,巨人,5,4,0,0,0,1,0.0,0.2,0.0,0.2,はい,当該打者と投手のシーズン対戦成績。打席数が少ない値の解釈に注意。
2026,2026-08-16,石川 昂弥,中日,尾形 崇斗,DeNA,5,4,1,0,1,2,0.25,0.4,0.5,0.9,はい,当該打者と投手のシーズン対戦成績。打席数が少ない値の解釈に注意。
2026,2026-08-16,石川 昂弥,中日,床田 寛樹,広島,5,5,1,0,0,0,0.2,0.2,0.4,0.6,はい,当該打者と投手のシーズン対戦成績。打席数が少ない値の解釈に注意。
2026,2026-08-16,郡司 裕也,日本ハム,ジャクソン,ロッテ,12,11,1,0,1,2,0.0909,0.1667,0.0909,0.2576,いいえ,当該打者と投手のシーズン対戦成績。打席数が少ない値の解釈に注意。
2026,2026-08-16,郡司 裕也,日本ハム,上沢 直之,ソフトバンク,12,11,3,0,0,1,0.2727,0.3333,0.2727,0.606,いいえ,当該打者と投手のシーズン対戦成績。打席数が少ない値の解釈に注意。
2026,2026-08-16,郡司 裕也,日本ハム,九里 亜蓮,オリックス,12,10,1,0,1,1,0.1,0.25,0.1,0.35,いいえ,当該打者と投手のシーズン対戦成績。打席数が少ない値の解釈に注意。
2026,2026-08-16,郡司 裕也,日本ハム,荘司 康誠,楽天,11,11,4,1,0,3,0.3636,0.3636,0.6364,1.0,いいえ,当該打者と投手のシーズン対戦成績。打席数が少ない値の解釈に注意。
2026,2026-08-16,郡司 裕也,日本ハム,前田 健太,楽天,9,8,2,0,1,1,0.25,0.3333,0.25,0.5833,はい,当該打者と投手のシーズン対戦成績。打席数が少ない値の解釈に注意。
2026,2026-08-16,郡司 裕也,日本ハム,平良 海馬,西武,9,7,0,0,1,2,0.0,0.2222,0.0,0.2222,はい,当該打者と投手のシーズン対戦成績。打席数が少ない値の解釈に注意。
2026,2026-08-16,郡司 裕也,日本ハム,エスピノーザ,オリックス,8,7,0,0,1,1,0.0,0.125,0.0,0.125,はい,当該打者と投手のシーズン対戦成績。打席数が少ない値の解釈に注意。
2026,2026-08-16,郡司 裕也,日本ハム,スチュワート・ジュニア,ソフトバンク,8,7,1,0,1,3,0.1429,0.25,0.1429,0.3929,はい,当該打者と投手のシーズン対戦成績。打席数が少ない値の解釈に注意。
2026,2026-08-16,郡司 裕也,日本ハム,曽谷 龍平,オリックス,8,7,3,0,1,0,0.4286,0.5,0.5714,1.0714,はい,当該打者と投手のシーズン対戦成績。打席数が少ない値の解釈に注意。
2026,2026-08-16,郡司 裕也,日本ハム,松本 晴,ソフトバンク,8,8,3,0,0,0,0.375,0.375,0.375,0.75,はい,当該打者と投手のシーズン対戦成績。打席数が少ない値の解釈に注意。
2026,2026-08-16,郡司 裕也,日本ハム,髙島 泰都,オリックス,8,5,1,0,1,2,0.2,0.4286,0.4,0.8286,はい,当該打者と投手のシーズン対戦成績。打席数が少ない値の解釈に注意。
2026,2026-08-16,郡司 裕也,日本ハム,上茶谷 大河,ソフトバンク,6,4,2,1,2,0,0.5,0.6667,1.25,1.9167,はい,当該打者と投手のシーズン対戦成績。打席数が少ない値の解釈に注意。
2026,2026-08-16,郡司 裕也,日本ハム,古謝 樹,楽天,6,3,1,0,3,0,0.3333,0.6667,0.3333,1.0,はい,当該打者と投手のシーズン対戦成績。打席数が少ない値の解釈に注意。
2026,2026-08-16,郡司 裕也,日本ハム,寺西 成騎,オリックス,6,6,4,0,0,1,0.6667,0.6667,0.8333,1.5,はい,当該打者と投手のシーズン対戦成績。打席数が少ない値の解釈に注意。
2026,2026-08-16,郡司 裕也,日本ハム,瀧中 瞭太,楽天,6,4,1,0,2,1,0.25,0.5,0.5,1.0,はい,当該打者と投手のシーズン対戦成績。打席数が少ない値の解釈に注意。
2026,2026-08-16,郡司 裕也,日本ハム,髙橋 光成,西武,6,5,2,0,1,1,0.4,0.5,0.6,1.1,はい,当該打者と投手のシーズン対戦成績。打席数が少ない値の解釈に注意。
2026,2026-08-16,郡司 裕也,日本ハム,加治屋 蓮,楽天,5,4,1,0,1,0,0.25,0.4,0.25,0.65,はい,当該打者と投手のシーズン対戦成績。打席数が少ない値の解釈に注意。
2026,2026-08-16,郡司 裕也,日本ハム,木村 優人,ロッテ,5,4,1,0,1,0,0.25,0.4,0.25,0.65,はい,当該打者と投手のシーズン対戦成績。打席数が少ない値の解釈に注意。
2026,2026-08-16,郡司 裕也,日本ハム,甲斐野 央,西武,5,3,2,0,1,0,0.6667,0.6,0.6667,1.2667,はい,当該打者と投手のシーズン対戦成績。打席数が少ない値の解釈に注意。
2026,2026-08-16,岡林 勇希,中日,東 克樹,DeNA,12,12,2,0,0,1,0.1667,0.1667,0.1667,0.3334,いいえ,当該打者と投手のシーズン対戦成績。打席数が少ない値の解釈に注意。
2026,2026-08-16,岡林 勇希,中日,ウィットリー,巨人,11,11,1,0,0,4,0.0909,0.0909,0.1818,0.2727,いいえ,当該打者と投手のシーズン対戦成績。打席数が少ない値の解釈に注意。
2026,2026-08-16,岡林 勇希,中日,竹丸 和幸,巨人,11,11,3,0,0,2,0.2727,0.2727,0.2727,0.5454,いいえ,当該打者と投手のシーズン対戦成績。打席数が少ない値の解釈に注意。
2026,2026-08-16,岡林 勇希,中日,床田 寛樹,広島,10,9,1,0,1,0,0.1111,0.2,0.1111,0.3111,いいえ,当該打者と投手のシーズン対戦成績。打席数が少ない値の解釈に注意。
2026,2026-08-16,岡林 勇希,中日,吉村 貢司郎,ヤクルト,8,8,2,0,0,1,0.25,0.25,0.25,0.5,はい,当該打者と投手のシーズン対戦成績。打席数が少ない値の解釈に注意。
2026,2026-08-16,岡林 勇希,中日,井上 温大,巨人,6,5,2,0,1,0,0.4,0.5,0.4,0.9,はい,当該打者と投手のシーズン対戦成績。打席数が少ない値の解釈に注意。
2026,2026-08-16,岡林 勇希,中日,小笠原 慎之介,巨人,6,6,1,0,0,1,0.1667,0.1667,0.1667,0.3334,はい,当該打者と投手のシーズン対戦成績。打席数が少ない値の解釈に注意。
2026,2026-08-16,岡林 勇希,中日,才木 浩人,阪神,6,6,2,0,0,2,0.3333,0.3333,0.5,0.8333,はい,当該打者と投手のシーズン対戦成績。打席数が少ない値の解釈に注意。
2026,2026-08-16,岡林 勇希,中日,伊原 陵人,阪神,5,5,0,0,0,0,0.0,0.0,0.0,0.0,はい,当該打者と投手のシーズン対戦成績。打席数が少ない値の解釈に注意。
2026,2026-08-16,岡林 勇希,中日,山野 太一,ヤクルト,5,5,1,0,0,1,0.2,0.2,0.4,0.6,はい,当該打者と投手のシーズン対戦成績。打席数が少ない値の解釈に注意。
2026,2026-08-16,岡林 勇希,中日,平良 拳太郎,DeNA,5,4,2,0,0,0,0.5,0.4,0.75,1.15,はい,当該打者と投手のシーズン対戦成績。打席数が少ない値の解釈に注意。
2026,2026-08-16,井上 広大,ロッテ,早川 隆久,楽天,6,6,2,1,0,2,0.3333,0.3333,1.0,1.3333,はい,当該打者と投手のシーズン対戦成績。打席数が少ない値の解釈に注意。
2026,2026-08-16,井上 広大,ロッテ,前田 悠伍,ソフトバンク,5,5,1,1,0,1,0.2,0.2,0.8,1.0,はい,当該打者と投手のシーズン対戦成績。打席数が少ない値の解釈に注意。
2026,2026-08-16,森下 暢仁,広島,平良 拳太郎,DeNA,5,4,1,0,0,2,0.25,0.25,0.25,0.5,はい,当該打者と投手のシーズン対戦成績。打席数が少ない値の解釈に注意。
2026,2026-08-16,石原 貴規,広島,東 克樹,DeNA,10,9,3,0,1,1,0.3333,0.4,0.4444,0.8444,いいえ,当該打者と投手のシーズン対戦成績。打席数が少ない値の解釈に注意。
2026,2026-08-16,石原 貴規,広島,高橋 奎二,ヤクルト,6,6,0,0,0,1,0.0,0.0,0.0,0.0,はい,当該打者と投手のシーズン対戦成績。打席数が少ない値の解釈に注意。
2026,2026-08-16,石原 貴規,広島,井上 温大,巨人,5,5,0,0,0,2,0.0,0.0,0.0,0.0,はい,当該打者と投手のシーズン対戦成績。打席数が少ない値の解釈に注意。
2026,2026-08-16,石原 貴規,広島,大野 雄大,中日,5,5,1,1,0,2,0.2,0.2,0.8,1.0,はい,当該打者と投手のシーズン対戦成績。打席数が少ない値の解釈に注意。
2026,2026-08-16,石原 貴規,広島,平良 拳太郎,DeNA,5,5,2,0,0,0,0.4,0.4,0.4,0.8,はい,当該打者と投手のシーズン対戦成績。打席数が少ない値の解釈に注意。
2026,2026-08-16,石原 貴規,広島,才木 浩人,阪神,5,5,0,0,0,2,0.0,0.0,0.0,0.0,はい,当該打者と投手のシーズン対戦成績。打席数が少ない値の解釈に注意。
2026,2026-08-16,石原 貴規,広島,村上 頌樹,阪神,5,5,2,0,0,1,0.4,0.4,0.4,0.8,はい,当該打者と投手のシーズン対戦成績。打席数が少ない値の解釈に注意。
2026,2026-08-16,持丸 泰輝,広島,村上 頌樹,阪神,8,7,2,0,1,0,0.2857,0.375,0.2857,0.6607,はい,当該打者と投手のシーズン対戦成績。打席数が少ない値の解釈に注意。
2026,2026-08-16,持丸 泰輝,広島,吉村 貢司郎,ヤクルト,7,7,0,0,0,1,0.0,0.0,0.0,0.0,はい,当該打者と投手のシーズン対戦成績。打席数が少ない値の解釈に注意。
2026,2026-08-16,持丸 泰輝,広島,則本 昂大,巨人,6,5,2,0,1,2,0.4,0.5,0.4,0.9,はい,当該打者と投手のシーズン対戦成績。打席数が少ない値の解釈に注意。
2026,2026-08-16,持丸 泰輝,広島,髙橋 宏斗,中日,6,5,1,0,1,2,0.2,0.3333,0.4,0.7333,はい,当該打者と投手のシーズン対戦成績。打席数が少ない値の解釈に注意。
2026,2026-08-16,持丸 泰輝,広島,戸郷 翔征,巨人,5,4,1,0,1,3,0.25,0.4,0.25,0.65,はい,当該打者と投手のシーズン対戦成績。打席数が少ない値の解釈に注意。
2026,2026-08-16,持丸 泰輝,広島,柳 裕也,中日,5,2,0,0,2,1,0.0,0.6,0.0,0.6,はい,当該打者と投手のシーズン対戦成績。打席数が少ない値の解釈に注意。
2026,2026-08-16,柘植 世那,西武,松本 晴,ソフトバンク,6,5,2,1,0,1,0.4,0.4,1.0,1.4,はい,当該打者と投手のシーズン対戦成績。打席数が少ない値の解釈に注意。
2026,2026-08-16,岸 潤一郎,西武,大関 友久,ソフトバンク,9,8,3,0,0,1,0.375,0.3333,0.5,0.8333,はい,当該打者と投手のシーズン対戦成績。打席数が少ない値の解釈に注意。
2026,2026-08-16,岸 潤一郎,西武,大津 亮介,ソフトバンク,6,6,0,0,0,1,0.0,0.0,0.0,0.0,はい,当該打者と投手のシーズン対戦成績。打席数が少ない値の解釈に注意。
2026,2026-08-16,岸 潤一郎,西武,前田 悠伍,ソフトバンク,5,5,0,0,0,1,0.0,0.0,0.0,0.0,はい,当該打者と投手のシーズン対戦成績。打席数が少ない値の解釈に注意。
2026,2026-08-16,岸 潤一郎,西武,達 孝太,日本ハム,5,5,1,0,0,3,0.2,0.2,0.4,0.6,はい,当該打者と投手のシーズン対戦成績。打席数が少ない値の解釈に注意。
2026,2026-08-16,佐藤 都志也,ロッテ,平良 海馬,西武,11,9,1,0,1,1,0.1111,0.2727,0.1111,0.3838,いいえ,当該打者と投手のシーズン対戦成績。打席数が少ない値の解釈に注意。
2026,2026-08-16,佐藤 都志也,ロッテ,髙島 泰都,オリックス,9,8,4,1,1,1,0.5,0.5556,0.875,1.4306,はい,当該打者と投手のシーズン対戦成績。打席数が少ない値の解釈に注意。
2026,2026-08-16,佐藤 都志也,ロッテ,細野 晴希,日本ハム,8,7,1,1,1,4,0.1429,0.25,0.5714,0.8214,はい,当該打者と投手のシーズン対戦成績。打席数が少ない値の解釈に注意。
2026,2026-08-16,佐藤 都志也,ロッテ,加藤 貴之,日本ハム,7,7,3,0,0,2,0.4286,0.4286,0.4286,0.8572,はい,当該打者と投手のシーズン対戦成績。打席数が少ない値の解釈に注意。
2026,2026-08-16,佐藤 都志也,ロッテ,荘司 康誠,楽天,7,7,2,2,0,1,0.2857,0.2857,1.1429,1.4286,はい,当該打者と投手のシーズン対戦成績。打席数が少ない値の解釈に注意。
2026,2026-08-16,佐藤 都志也,ロッテ,上沢 直之,ソフトバンク,6,5,3,2,1,1,0.6,0.6667,2.0,2.6667,はい,当該打者と投手のシーズン対戦成績。打席数が少ない値の解釈に注意。
2026,2026-08-16,佐藤 都志也,ロッテ,大津 亮介,ソフトバンク,6,4,2,1,2,1,0.5,0.6667,1.25,1.9167,はい,当該打者と投手のシーズン対戦成績。打席数が少ない値の解釈に注意。
2026,2026-08-16,佐藤 都志也,ロッテ,早川 隆久,楽天,6,5,1,1,0,1,0.2,0.1667,0.8,0.9667,はい,当該打者と投手のシーズン対戦成績。打席数が少ない値の解釈に注意。
2026,2026-08-16,佐藤 都志也,ロッテ,曽谷 龍平,オリックス,6,5,1,0,0,2,0.2,0.3333,0.4,0.7333,はい,当該打者と投手のシーズン対戦成績。打席数が少ない値の解釈に注意。
2026,2026-08-16,佐藤 都志也,ロッテ,松本 晴,ソフトバンク,6,6,1,0,0,1,0.1667,0.1667,0.1667,0.3334,はい,当該打者と投手のシーズン対戦成績。打席数が少ない値の解釈に注意。
2026,2026-08-16,佐藤 都志也,ロッテ,武内 夏暉,西武,6,6,2,0,0,1,0.3333,0.3333,0.3333,0.6666,はい,当該打者と投手のシーズン対戦成績。打席数が少ない値の解釈に注意。
2026,2026-08-16,佐藤 都志也,ロッテ,ジェリー,オリックス,5,4,0,0,1,1,0.0,0.2,0.0,0.2,はい,当該打者と投手のシーズン対戦成績。打席数が少ない値の解釈に注意。
2026,2026-08-16,佐藤 都志也,ロッテ,スチュワート・ジュニア,ソフトバンク,5,4,0,0,1,1,0.0,0.2,0.0,0.2,はい,当該打者と投手のシーズン対戦成績。打席数が少ない値の解釈に注意。
2026,2026-08-16,佐藤 都志也,ロッテ,マチャド,オリックス,5,5,0,0,0,2,0.0,0.0,0.0,0.0,はい,当該打者と投手のシーズン対戦成績。打席数が少ない値の解釈に注意。
2026,2026-08-16,佐藤 都志也,ロッテ,北山 亘基,日本ハム,5,5,0,0,0,3,0.0,0.0,0.0,0.0,はい,当該打者と投手のシーズン対戦成績。打席数が少ない値の解釈に注意。
2026,2026-08-16,佐藤 都志也,ロッテ,福島 蓮,日本ハム,5,5,2,1,0,1,0.4,0.4,1.2,1.6,はい,当該打者と投手のシーズン対戦成績。打席数が少ない値の解釈に注意。
2026,2026-08-16,髙部 瑛斗,ロッテ,細野 晴希,日本ハム,9,8,1,0,1,3,0.125,0.2222,0.125,0.3472,はい,当該打者と投手のシーズン対戦成績。打席数が少ない値の解釈に注意。
2026,2026-08-16,髙部 瑛斗,ロッテ,武内 夏暉,西武,7,7,2,0,0,1,0.2857,0.2857,0.4286,0.7143,はい,当該打者と投手のシーズン対戦成績。打席数が少ない値の解釈に注意。
2026,2026-08-16,髙部 瑛斗,ロッテ,髙島 泰都,オリックス,7,7,2,0,0,4,0.2857,0.2857,0.4286,0.7143,はい,当該打者と投手のシーズン対戦成績。打席数が少ない値の解釈に注意。
2026,2026-08-16,髙部 瑛斗,ロッテ,田嶋 大樹,オリックス,6,5,0,0,1,0,0.0,0.1667,0.0,0.1667,はい,当該打者と投手のシーズン対戦成績。打席数が少ない値の解釈に注意。
2026,2026-08-16,紅林 弘太郎,オリックス,隅田 知一郎,西武,14,14,3,0,0,1,0.2143,0.2143,0.2143,0.4286,いいえ,当該打者と投手のシーズン対戦成績。打席数が少ない値の解釈に注意。
2026,2026-08-16,紅林 弘太郎,オリックス,瀧中 瞭太,楽天,13,11,3,0,2,1,0.2727,0.3846,0.3636,0.7482,いいえ,当該打者と投手のシーズン対戦成績。打席数が少ない値の解釈に注意。
2026,2026-08-16,紅林 弘太郎,オリックス,ジャクソン,ロッテ,12,10,2,0,1,1,0.2,0.25,0.2,0.45,いいえ,当該打者と投手のシーズン対戦成績。打席数が少ない値の解釈に注意。
2026,2026-08-16,紅林 弘太郎,オリックス,有原 航平,日本ハム,12,11,0,0,1,3,0.0,0.0833,0.0,0.0833,いいえ,当該打者と投手のシーズン対戦成績。打席数が少ない値の解釈に注意。
2026,2026-08-16,紅林 弘太郎,オリックス,上沢 直之,ソフトバンク,10,9,2,0,0,2,0.2222,0.2222,0.4444,0.6666,いいえ,当該打者と投手のシーズン対戦成績。打席数が少ない値の解釈に注意。
2026,2026-08-16,紅林 弘太郎,オリックス,北山 亘基,日本ハム,10,9,2,1,1,0,0.2222,0.3,0.5556,0.8556,いいえ,当該打者と投手のシーズン対戦成績。打席数が少ない値の解釈に注意。
2026,2026-08-16,紅林 弘太郎,オリックス,廣池 康志郎,ロッテ,10,9,4,0,1,0,0.4444,0.5,0.4444,0.9444,いいえ,当該打者と投手のシーズン対戦成績。打席数が少ない値の解釈に注意。
2026,2026-08-16,紅林 弘太郎,オリックス,荘司 康誠,楽天,10,9,2,1,1,1,0.2222,0.3,0.5556,0.8556,いいえ,当該打者と投手のシーズン対戦成績。打席数が少ない値の解釈に注意。
2026,2026-08-16,紅林 弘太郎,オリックス,達 孝太,日本ハム,8,7,3,0,1,0,0.4286,0.5,0.5714,1.0714,はい,当該打者と投手のシーズン対戦成績。打席数が少ない値の解釈に注意。
2026,2026-08-16,紅林 弘太郎,オリックス,加藤 貴之,日本ハム,7,7,3,0,0,0,0.4286,0.4286,0.4286,0.8572,はい,当該打者と投手のシーズン対戦成績。打席数が少ない値の解釈に注意。
2026,2026-08-16,紅林 弘太郎,オリックス,松本 晴,ソフトバンク,7,6,1,0,0,1,0.1667,0.2857,0.1667,0.4524,はい,当該打者と投手のシーズン対戦成績。打席数が少ない値の解釈に注意。
2026,2026-08-16,紅林 弘太郎,オリックス,前田 健太,楽天,6,6,2,1,0,0,0.3333,0.3333,1.0,1.3333,はい,当該打者と投手のシーズン対戦成績。打席数が少ない値の解釈に注意。
2026,2026-08-16,紅林 弘太郎,オリックス,渡邉 勇太朗,西武,6,5,3,0,1,0,0.6,0.6667,1.0,1.6667,はい,当該打者と投手のシーズン対戦成績。打席数が少ない値の解釈に注意。
2026,2026-08-16,紅林 弘太郎,オリックス,ロング,ロッテ,5,4,0,0,1,0,0.0,0.2,0.0,0.2,はい,当該打者と投手のシーズン対戦成績。打席数が少ない値の解釈に注意。
2026,2026-08-16,紅林 弘太郎,オリックス,伊藤 大海,日本ハム,5,5,0,0,0,1,0.0,0.0,0.0,0.0,はい,当該打者と投手のシーズン対戦成績。打席数が少ない値の解釈に注意。
2026,2026-08-16,紅林 弘太郎,オリックス,小島 和哉,ロッテ,5,5,1,0,0,1,0.2,0.2,0.2,0.4,はい,当該打者と投手のシーズン対戦成績。打席数が少ない値の解釈に注意。
2026,2026-08-16,紅林 弘太郎,オリックス,岸 孝之,楽天,5,5,1,1,0,0,0.2,0.2,0.8,1.0,はい,当該打者と投手のシーズン対戦成績。打席数が少ない値の解釈に注意。
2026,2026-08-16,紅林 弘太郎,オリックス,篠原 響,西武,5,4,0,0,0,2,0.0,0.0,0.0,0.0,はい,当該打者と投手のシーズン対戦成績。打席数が少ない値の解釈に注意。
2026,2026-08-16,紅林 弘太郎,オリックス,髙橋 光成,西武,5,5,1,0,0,0,0.2,0.2,0.2,0.4,はい,当該打者と投手のシーズン対戦成績。打席数が少ない値の解釈に注意。
2026,2026-08-16,佐藤 直樹,楽天,武内 夏暉,西武,7,7,1,0,0,3,0.1429,0.1429,0.1429,0.2858,はい,当該打者と投手のシーズン対戦成績。打席数が少ない値の解釈に注意。
2026,2026-08-16,佐藤 直樹,楽天,ジャクソン,ロッテ,6,6,1,0,0,2,0.1667,0.1667,0.1667,0.3334,はい,当該打者と投手のシーズン対戦成績。打席数が少ない値の解釈に注意。
2026,2026-08-16,佐藤 直樹,楽天,九里 亜蓮,オリックス,6,6,1,0,0,3,0.1667,0.1667,0.1667,0.3334,はい,当該打者と投手のシーズン対戦成績。打席数が少ない値の解釈に注意。
2026,2026-08-16,佐藤 直樹,楽天,小島 和哉,ロッテ,6,6,3,1,0,0,0.5,0.5,1.1667,1.6667,はい,当該打者と投手のシーズン対戦成績。打席数が少ない値の解釈に注意。
2026,2026-08-16,佐藤 直樹,楽天,田嶋 大樹,オリックス,5,5,3,0,0,1,0.6,0.6,1.2,1.8,はい,当該打者と投手のシーズン対戦成績。打席数が少ない値の解釈に注意。
2026,2026-08-16,海野 隆司,ソフトバンク,古謝 樹,楽天,9,9,2,0,0,3,0.2222,0.2222,0.2222,0.4444,はい,当該打者と投手のシーズン対戦成績。打席数が少ない値の解釈に注意。
2026,2026-08-16,海野 隆司,ソフトバンク,伊藤 大海,日本ハム,8,7,1,0,0,4,0.1429,0.1429,0.2857,0.4286,はい,当該打者と投手のシーズン対戦成績。打席数が少ない値の解釈に注意。
2026,2026-08-16,海野 隆司,ソフトバンク,ウレーニャ,楽天,7,4,2,0,2,0,0.5,0.5714,0.5,1.0714,はい,当該打者と投手のシーズン対戦成績。打席数が少ない値の解釈に注意。
2026,2026-08-16,海野 隆司,ソフトバンク,ジェリー,オリックス,7,7,0,0,0,1,0.0,0.0,0.0,0.0,はい,当該打者と投手のシーズン対戦成績。打席数が少ない値の解釈に注意。
2026,2026-08-16,海野 隆司,ソフトバンク,九里 亜蓮,オリックス,7,6,2,0,0,1,0.3333,0.3333,0.3333,0.6666,はい,当該打者と投手のシーズン対戦成績。打席数が少ない値の解釈に注意。
2026,2026-08-16,海野 隆司,ソフトバンク,廣池 康志郎,ロッテ,7,7,2,0,0,1,0.2857,0.2857,0.2857,0.5714,はい,当該打者と投手のシーズン対戦成績。打席数が少ない値の解釈に注意。
2026,2026-08-16,海野 隆司,ソフトバンク,早川 隆久,楽天,5,3,0,0,1,1,0.0,0.25,0.0,0.25,はい,当該打者と投手のシーズン対戦成績。打席数が少ない値の解釈に注意。
2026,2026-08-16,海野 隆司,ソフトバンク,権田 琉成,オリックス,5,4,0,0,1,2,0.0,0.2,0.0,0.2,はい,当該打者と投手のシーズン対戦成績。打席数が少ない値の解釈に注意。
2026,2026-08-16,海野 隆司,ソフトバンク,武内 夏暉,西武,5,5,2,0,0,1,0.4,0.4,0.4,0.8,はい,当該打者と投手のシーズン対戦成績。打席数が少ない値の解釈に注意。
2026,2026-08-16,海野 隆司,ソフトバンク,菅井 信也,西武,5,5,0,0,0,3,0.0,0.0,0.0,0.0,はい,当該打者と投手のシーズン対戦成績。打席数が少ない値の解釈に注意。
2026,2026-08-16,柳町 達,ソフトバンク,伊藤 大海,日本ハム,13,12,2,0,0,4,0.1667,0.1538,0.25,0.4038,いいえ,当該打者と投手のシーズン対戦成績。打席数が少ない値の解釈に注意。
2026,2026-08-16,柳町 達,ソフトバンク,廣池 康志郎,ロッテ,11,9,1,0,1,2,0.1111,0.1818,0.1111,0.2929,いいえ,当該打者と投手のシーズン対戦成績。打席数が少ない値の解釈に注意。
2026,2026-08-16,柳町 達,ソフトバンク,ウレーニャ,楽天,9,6,2,0,3,1,0.3333,0.5556,0.3333,0.8889,はい,当該打者と投手のシーズン対戦成績。打席数が少ない値の解釈に注意。
2026,2026-08-16,柳町 達,ソフトバンク,武内 夏暉,西武,9,8,3,0,1,1,0.375,0.4444,0.5,0.9444,はい,当該打者と投手のシーズン対戦成績。打席数が少ない値の解釈に注意。
2026,2026-08-16,柳町 達,ソフトバンク,古謝 樹,楽天,8,8,2,0,0,3,0.25,0.25,0.5,0.75,はい,当該打者と投手のシーズン対戦成績。打席数が少ない値の解釈に注意。
2026,2026-08-16,柳町 達,ソフトバンク,有原 航平,日本ハム,8,8,4,0,0,1,0.5,0.5,0.625,1.125,はい,当該打者と投手のシーズン対戦成績。打席数が少ない値の解釈に注意。
2026,2026-08-16,柳町 達,ソフトバンク,田中 晴也,ロッテ,8,6,1,0,2,3,0.1667,0.375,0.1667,0.5417,はい,当該打者と投手のシーズン対戦成績。打席数が少ない値の解釈に注意。
2026,2026-08-16,柳町 達,ソフトバンク,ジェリー,オリックス,6,6,2,0,0,2,0.3333,0.3333,0.3333,0.6666,はい,当該打者と投手のシーズン対戦成績。打席数が少ない値の解釈に注意。
2026,2026-08-16,柳町 達,ソフトバンク,九里 亜蓮,オリックス,6,6,3,0,0,2,0.5,0.5,0.5,1.0,はい,当該打者と投手のシーズン対戦成績。打席数が少ない値の解釈に注意。
2026,2026-08-16,柳町 達,ソフトバンク,早川 隆久,楽天,6,5,0,0,1,3,0.0,0.1667,0.0,0.1667,はい,当該打者と投手のシーズン対戦成績。打席数が少ない値の解釈に注意。
2026,2026-08-16,柳町 達,ソフトバンク,菅井 信也,西武,6,5,0,0,1,1,0.0,0.1667,0.0,0.1667,はい,当該打者と投手のシーズン対戦成績。打席数が少ない値の解釈に注意。
2026,2026-08-16,柳町 達,ソフトバンク,髙橋 光成,西武,6,6,0,0,0,3,0.0,0.0,0.0,0.0,はい,当該打者と投手のシーズン対戦成績。打席数が少ない値の解釈に注意。
2026,2026-08-16,柳町 達,ソフトバンク,横山 陸人,ロッテ,5,3,0,0,0,0,0.0,0.2,0.0,0.2,はい,当該打者と投手のシーズン対戦成績。打席数が少ない値の解釈に注意。
2026,2026-08-16,小深田 大翔,楽天,大津 亮介,ソフトバンク,6,5,1,0,0,0,0.2,0.2,0.2,0.4,はい,当該打者と投手のシーズン対戦成績。打席数が少ない値の解釈に注意。
2026,2026-08-16,小深田 大翔,楽天,平良 海馬,西武,6,6,0,0,0,5,0.0,0.0,0.0,0.0,はい,当該打者と投手のシーズン対戦成績。打席数が少ない値の解釈に注意。
2026,2026-08-16,小深田 大翔,楽天,加藤 貴之,日本ハム,5,5,1,0,0,0,0.2,0.2,0.2,0.4,はい,当該打者と投手のシーズン対戦成績。打席数が少ない値の解釈に注意。
2026,2026-08-16,小深田 大翔,楽天,大関 友久,ソフトバンク,5,4,1,0,1,0,0.25,0.4,0.25,0.65,はい,当該打者と投手のシーズン対戦成績。打席数が少ない値の解釈に注意。
2026,2026-08-16,小深田 大翔,楽天,武内 夏暉,西武,5,5,1,0,0,0,0.2,0.2,0.2,0.4,はい,当該打者と投手のシーズン対戦成績。打席数が少ない値の解釈に注意。
2026,2026-08-16,小深田 大翔,楽天,福島 蓮,日本ハム,5,5,0,0,0,1,0.0,0.0,0.0,0.0,はい,当該打者と投手のシーズン対戦成績。打席数が少ない値の解釈に注意。
2026,2026-08-16,黒川 史陽,楽天,九里 亜蓮,オリックス,20,19,4,0,1,1,0.2105,0.25,0.2105,0.4605,いいえ,当該打者と投手のシーズン対戦成績。打席数が少ない値の解釈に注意。
2026,2026-08-16,黒川 史陽,楽天,大津 亮介,ソフトバンク,15,14,2,0,1,2,0.1429,0.2,0.1429,0.3429,いいえ,当該打者と投手のシーズン対戦成績。打席数が少ない値の解釈に注意。
2026,2026-08-16,黒川 史陽,楽天,武内 夏暉,西武,12,11,2,0,1,2,0.1818,0.25,0.1818,0.4318,いいえ,当該打者と投手のシーズン対戦成績。打席数が少ない値の解釈に注意。
2026,2026-08-16,黒川 史陽,楽天,伊藤 大海,日本ハム,11,11,5,0,0,1,0.4545,0.4545,0.4545,0.909,いいえ,当該打者と投手のシーズン対戦成績。打席数が少ない値の解釈に注意。
2026,2026-08-16,黒川 史陽,楽天,福島 蓮,日本ハム,11,9,4,0,1,0,0.4444,0.4545,0.4444,0.8989,いいえ,当該打者と投手のシーズン対戦成績。打席数が少ない値の解釈に注意。
2026,2026-08-16,黒川 史陽,楽天,大関 友久,ソフトバンク,9,9,3,0,0,1,0.3333,0.3333,0.5556,0.8889,はい,当該打者と投手のシーズン対戦成績。打席数が少ない値の解釈に注意。
2026,2026-08-16,黒川 史陽,楽天,細野 晴希,日本ハム,9,8,1,0,1,4,0.125,0.2222,0.125,0.3472,はい,当該打者と投手のシーズン対戦成績。打席数が少ない値の解釈に注意。
2026,2026-08-16,黒川 史陽,楽天,ジャクソン,ロッテ,8,7,1,0,0,1,0.1429,0.1429,0.1429,0.2858,はい,当該打者と投手のシーズン対戦成績。打席数が少ない値の解釈に注意。
2026,2026-08-16,黒川 史陽,楽天,前田 悠伍,ソフトバンク,8,7,3,0,1,0,0.4286,0.5,0.4286,0.9286,はい,当該打者と投手のシーズン対戦成績。打席数が少ない値の解釈に注意。
2026,2026-08-16,黒川 史陽,楽天,達 孝太,日本ハム,8,6,1,1,2,2,0.1667,0.375,0.6667,1.0417,はい,当該打者と投手のシーズン対戦成績。打席数が少ない値の解釈に注意。
2026,2026-08-16,黒川 史陽,楽天,スチュワート・ジュニア,ソフトバンク,6,5,0,0,1,0,0.0,0.1667,0.0,0.1667,はい,当該打者と投手のシーズン対戦成績。打席数が少ない値の解釈に注意。
2026,2026-08-16,黒川 史陽,楽天,小島 和哉,ロッテ,6,5,0,0,1,1,0.0,0.1667,0.0,0.1667,はい,当該打者と投手のシーズン対戦成績。打席数が少ない値の解釈に注意。
2026,2026-08-16,黒川 史陽,楽天,渡邉 勇太朗,西武,6,6,3,1,0,0,0.5,0.5,1.0,1.5,はい,当該打者と投手のシーズン対戦成績。打席数が少ない値の解釈に注意。
2026,2026-08-16,黒川 史陽,楽天,西野 勇士,ロッテ,6,6,2,0,0,0,0.3333,0.3333,0.3333,0.6666,はい,当該打者と投手のシーズン対戦成績。打席数が少ない値の解釈に注意。
2026,2026-08-16,黒川 史陽,楽天,エスピノーザ,オリックス,5,5,3,1,0,1,0.6,0.6,1.4,2.0,はい,当該打者と投手のシーズン対戦成績。打席数が少ない値の解釈に注意。
2026,2026-08-16,黒川 史陽,楽天,ジェリー,オリックス,5,3,2,0,2,0,0.6667,0.8,0.6667,1.4667,はい,当該打者と投手のシーズン対戦成績。打席数が少ない値の解釈に注意。
2026,2026-08-16,黒川 史陽,楽天,上沢 直之,ソフトバンク,5,3,1,0,2,1,0.3333,0.6,0.3333,0.9333,はい,当該打者と投手のシーズン対戦成績。打席数が少ない値の解釈に注意。
2026,2026-08-16,黒川 史陽,楽天,平良 海馬,西武,5,4,0,0,1,2,0.0,0.2,0.0,0.2,はい,当該打者と投手のシーズン対戦成績。打席数が少ない値の解釈に注意。
2026,2026-08-16,黒川 史陽,楽天,松本 晴,ソフトバンク,5,5,0,0,0,1,0.0,0.0,0.0,0.0,はい,当該打者と投手のシーズン対戦成績。打席数が少ない値の解釈に注意。
2026,2026-08-16,黒川 史陽,楽天,柳川 大晟,日本ハム,5,4,1,0,1,1,0.25,0.4,0.75,1.15,はい,当該打者と投手のシーズン対戦成績。打席数が少ない値の解釈に注意。
2026,2026-08-16,黒川 史陽,楽天,椋木 蓮,オリックス,5,5,1,0,0,0,0.2,0.2,0.2,0.4,はい,当該打者と投手のシーズン対戦成績。打席数が少ない値の解釈に注意。
2026,2026-08-16,黒川 史陽,楽天,篠原 響,西武,5,5,1,0,0,0,0.2,0.2,0.2,0.4,はい,当該打者と投手のシーズン対戦成績。打席数が少ない値の解釈に注意。
2026,2026-08-16,庄子 雄大,ソフトバンク,早川 隆久,楽天,9,9,1,0,0,2,0.1111,0.1111,0.1111,0.2222,はい,当該打者と投手のシーズン対戦成績。打席数が少ない値の解釈に注意。
2026,2026-08-16,庄子 雄大,ソフトバンク,髙橋 光成,西武,8,6,1,0,1,1,0.1667,0.2857,0.1667,0.4524,はい,当該打者と投手のシーズン対戦成績。打席数が少ない値の解釈に注意。
2026,2026-08-16,庄子 雄大,ソフトバンク,武内 夏暉,西武,7,5,3,0,1,0,0.6,0.6667,0.6,1.2667,はい,当該打者と投手のシーズン対戦成績。打席数が少ない値の解釈に注意。
2026,2026-08-16,庄子 雄大,ソフトバンク,ロング,ロッテ,6,5,0,0,1,1,0.0,0.1667,0.0,0.1667,はい,当該打者と投手のシーズン対戦成績。打席数が少ない値の解釈に注意。
2026,2026-08-16,庄子 雄大,ソフトバンク,古謝 樹,楽天,6,4,0,0,0,2,0.0,0.0,0.0,0.0,はい,当該打者と投手のシーズン対戦成績。打席数が少ない値の解釈に注意。
2026,2026-08-16,庄子 雄大,ソフトバンク,上田 大河,西武,5,5,2,0,0,2,0.4,0.4,0.4,0.8,はい,当該打者と投手のシーズン対戦成績。打席数が少ない値の解釈に注意。
2026,2026-08-16,庄子 雄大,ソフトバンク,九里 亜蓮,オリックス,5,4,1,0,0,0,0.25,0.25,0.25,0.5,はい,当該打者と投手のシーズン対戦成績。打席数が少ない値の解釈に注意。
2026,2026-08-16,庄子 雄大,ソフトバンク,北山 亘基,日本ハム,5,5,1,0,0,3,0.2,0.2,0.2,0.4,はい,当該打者と投手のシーズン対戦成績。打席数が少ない値の解釈に注意。
2026,2026-08-16,庄子 雄大,ソフトバンク,廣池 康志郎,ロッテ,5,5,1,0,0,3,0.2,0.2,0.2,0.4,はい,当該打者と投手のシーズン対戦成績。打席数が少ない値の解釈に注意。
2026,2026-08-16,庄子 雄大,ソフトバンク,渡邉 勇太朗,西武,5,4,1,0,1,0,0.25,0.4,0.5,0.9,はい,当該打者と投手のシーズン対戦成績。打席数が少ない値の解釈に注意。
2026,2026-08-16,中島 大輔,楽天,九里 亜蓮,オリックス,20,19,6,2,0,2,0.3158,0.3158,0.6842,1.0,いいえ,当該打者と投手のシーズン対戦成績。打席数が少ない値の解釈に注意。
2026,2026-08-16,中島 大輔,楽天,大津 亮介,ソフトバンク,15,15,4,1,0,1,0.2667,0.2667,0.5333,0.8,いいえ,当該打者と投手のシーズン対戦成績。打席数が少ない値の解釈に注意。
2026,2026-08-16,中島 大輔,楽天,細野 晴希,日本ハム,11,9,2,0,1,1,0.2222,0.3,0.4444,0.7444,いいえ,当該打者と投手のシーズン対戦成績。打席数が少ない値の解釈に注意。
2026,2026-08-16,中島 大輔,楽天,エスピノーザ,オリックス,10,9,2,0,1,1,0.2222,0.3,0.2222,0.5222,いいえ,当該打者と投手のシーズン対戦成績。打席数が少ない値の解釈に注意。
2026,2026-08-16,中島 大輔,楽天,武内 夏暉,西武,10,10,1,0,0,1,0.1,0.1,0.1,0.2,いいえ,当該打者と投手のシーズン対戦成績。打席数が少ない値の解釈に注意。
2026,2026-08-16,中島 大輔,楽天,上茶谷 大河,ソフトバンク,8,8,4,1,0,2,0.5,0.5,0.875,1.375,はい,当該打者と投手のシーズン対戦成績。打席数が少ない値の解釈に注意。
2026,2026-08-16,中島 大輔,楽天,加藤 貴之,日本ハム,8,8,3,0,0,1,0.375,0.375,0.5,0.875,はい,当該打者と投手のシーズン対戦成績。打席数が少ない値の解釈に注意。
2026,2026-08-16,中島 大輔,楽天,福島 蓮,日本ハム,8,7,1,0,0,2,0.1429,0.25,0.1429,0.3929,はい,当該打者と投手のシーズン対戦成績。打席数が少ない値の解釈に注意。
2026,2026-08-16,中島 大輔,楽天,達 孝太,日本ハム,8,7,0,0,0,1,0.0,0.0,0.0,0.0,はい,当該打者と投手のシーズン対戦成績。打席数が少ない値の解釈に注意。
2026,2026-08-16,中島 大輔,楽天,前田 悠伍,ソフトバンク,7,7,1,0,0,0,0.1429,0.1429,0.1429,0.2858,はい,当該打者と投手のシーズン対戦成績。打席数が少ない値の解釈に注意。
2026,2026-08-16,中島 大輔,楽天,平良 海馬,西武,7,6,2,0,1,2,0.3333,0.4286,0.3333,0.7619,はい,当該打者と投手のシーズン対戦成績。打席数が少ない値の解釈に注意。
2026,2026-08-16,中島 大輔,楽天,渡邉 勇太朗,西武,7,6,3,0,0,2,0.5,0.5,0.8333,1.3333,はい,当該打者と投手のシーズン対戦成績。打席数が少ない値の解釈に注意。
2026,2026-08-16,中島 大輔,楽天,大関 友久,ソフトバンク,6,4,0,0,0,0,0.0,0.2,0.0,0.2,はい,当該打者と投手のシーズン対戦成績。打席数が少ない値の解釈に注意。
2026,2026-08-16,中島 大輔,楽天,松本 晴,ソフトバンク,6,5,4,0,1,0,0.8,0.8333,0.8,1.6333,はい,当該打者と投手のシーズン対戦成績。打席数が少ない値の解釈に注意。
2026,2026-08-16,中島 大輔,楽天,田嶋 大樹,オリックス,6,6,2,1,0,1,0.3333,0.3333,1.0,1.3333,はい,当該打者と投手のシーズン対戦成績。打席数が少ない値の解釈に注意。
2026,2026-08-16,中島 大輔,楽天,上沢 直之,ソフトバンク,5,5,2,0,0,0,0.4,0.4,0.4,0.8,はい,当該打者と投手のシーズン対戦成績。打席数が少ない値の解釈に注意。
2026,2026-08-16,西川 史礁,ロッテ,武内 夏暉,西武,15,15,4,0,0,2,0.2667,0.2667,0.3333,0.6,いいえ,当該打者と投手のシーズン対戦成績。打席数が少ない値の解釈に注意。
2026,2026-08-16,西川 史礁,ロッテ,加藤 貴之,日本ハム,14,13,5,1,1,0,0.3846,0.4286,0.7692,1.1978,いいえ,当該打者と投手のシーズン対戦成績。打席数が少ない値の解釈に注意。
2026,2026-08-16,西川 史礁,ロッテ,平良 海馬,西武,14,13,2,0,0,4,0.1538,0.2143,0.2308,0.4451,いいえ,当該打者と投手のシーズン対戦成績。打席数が少ない値の解釈に注意。
2026,2026-08-16,西川 史礁,ロッテ,上沢 直之,ソフトバンク,13,13,3,0,0,3,0.2308,0.2308,0.3077,0.5385,いいえ,当該打者と投手のシーズン対戦成績。打席数が少ない値の解釈に注意。
2026,2026-08-16,西川 史礁,ロッテ,髙島 泰都,オリックス,13,13,3,0,0,1,0.2308,0.2308,0.3846,0.6154,いいえ,当該打者と投手のシーズン対戦成績。打席数が少ない値の解釈に注意。
2026,2026-08-16,西川 史礁,ロッテ,渡邉 勇太朗,西武,11,11,5,0,0,2,0.4545,0.4545,0.6364,1.0909,いいえ,当該打者と投手のシーズン対戦成績。打席数が少ない値の解釈に注意。
2026,2026-08-16,西川 史礁,ロッテ,田嶋 大樹,オリックス,11,8,3,0,1,1,0.375,0.5455,0.375,0.9205,いいえ,当該打者と投手のシーズン対戦成績。打席数が少ない値の解釈に注意。
2026,2026-08-16,西川 史礁,ロッテ,佐藤 爽,西武,10,8,3,0,2,1,0.375,0.5,0.5,1.0,いいえ,当該打者と投手のシーズン対戦成績。打席数が少ない値の解釈に注意。
2026,2026-08-16,西川 史礁,ロッテ,細野 晴希,日本ハム,10,9,3,1,1,0,0.3333,0.4,0.6667,1.0667,いいえ,当該打者と投手のシーズン対戦成績。打席数が少ない値の解釈に注意。
2026,2026-08-16,西川 史礁,ロッテ,曽谷 龍平,オリックス,9,9,1,0,0,4,0.1111,0.1111,0.1111,0.2222,はい,当該打者と投手のシーズン対戦成績。打席数が少ない値の解釈に注意。
2026,2026-08-16,西川 史礁,ロッテ,荘司 康誠,楽天,9,9,3,0,0,1,0.3333,0.3333,0.3333,0.6666,はい,当該打者と投手のシーズン対戦成績。打席数が少ない値の解釈に注意。
2026,2026-08-16,西川 史礁,ロッテ,スチュワート・ジュニア,ソフトバンク,8,5,2,0,2,2,0.4,0.625,0.4,1.025,はい,当該打者と投手のシーズン対戦成績。打席数が少ない値の解釈に注意。
2026,2026-08-16,西川 史礁,ロッテ,北山 亘基,日本ハム,8,8,2,1,0,2,0.25,0.25,0.625,0.875,はい,当該打者と投手のシーズン対戦成績。打席数が少ない値の解釈に注意。
2026,2026-08-16,西川 史礁,ロッテ,松本 晴,ソフトバンク,8,7,1,0,1,3,0.1429,0.25,0.1429,0.3929,はい,当該打者と投手のシーズン対戦成績。打席数が少ない値の解釈に注意。
2026,2026-08-16,西川 史礁,ロッテ,藤井 聖,楽天,7,6,0,0,1,0,0.0,0.1429,0.0,0.1429,はい,当該打者と投手のシーズン対戦成績。打席数が少ない値の解釈に注意。
2026,2026-08-16,西川 史礁,ロッテ,達 孝太,日本ハム,7,7,3,0,0,1,0.4286,0.4286,0.4286,0.8572,はい,当該打者と投手のシーズン対戦成績。打席数が少ない値の解釈に注意。
2026,2026-08-16,西川 史礁,ロッテ,エスピノーザ,オリックス,6,6,0,0,0,0,0.0,0.0,0.0,0.0,はい,当該打者と投手のシーズン対戦成績。打席数が少ない値の解釈に注意。
2026,2026-08-16,西川 史礁,ロッテ,ジェリー,オリックス,6,6,2,0,0,0,0.3333,0.3333,0.3333,0.6666,はい,当該打者と投手のシーズン対戦成績。打席数が少ない値の解釈に注意。
2026,2026-08-16,西川 史礁,ロッテ,前田 悠伍,ソフトバンク,6,5,2,0,1,1,0.4,0.5,0.4,0.9,はい,当該打者と投手のシーズン対戦成績。打席数が少ない値の解釈に注意。
2026,2026-08-16,西川 史礁,ロッテ,大津 亮介,ソフトバンク,6,6,2,0,0,1,0.3333,0.3333,0.6667,1.0,はい,当該打者と投手のシーズン対戦成績。打席数が少ない値の解釈に注意。
2026,2026-08-16,西川 史礁,ロッテ,早川 隆久,楽天,6,6,1,0,0,3,0.1667,0.1667,0.1667,0.3334,はい,当該打者と投手のシーズン対戦成績。打席数が少ない値の解釈に注意。
2026,2026-08-16,西川 史礁,ロッテ,糸川 亮太,西武,5,5,1,0,0,0,0.2,0.2,0.2,0.4,はい,当該打者と投手のシーズン対戦成績。打席数が少ない値の解釈に注意。
2026,2026-08-16,渡部 聖弥,西武,伊藤 大海,日本ハム,12,12,2,0,0,6,0.1667,0.1667,0.25,0.4167,いいえ,当該打者と投手のシーズン対戦成績。打席数が少ない値の解釈に注意。
2026,2026-08-16,渡部 聖弥,西武,髙島 泰都,オリックス,12,9,2,0,2,2,0.2222,0.3333,0.3333,0.6666,いいえ,当該打者と投手のシーズン対戦成績。打席数が少ない値の解釈に注意。
2026,2026-08-16,渡部 聖弥,西武,大津 亮介,ソフトバンク,11,9,3,0,2,2,0.3333,0.4545,0.4444,0.8989,いいえ,当該打者と投手のシーズン対戦成績。打席数が少ない値の解釈に注意。
2026,2026-08-16,渡部 聖弥,西武,エスピノーザ,オリックス,10,10,2,0,0,0,0.2,0.2,0.2,0.4,いいえ,当該打者と投手のシーズン対戦成績。打席数が少ない値の解釈に注意。
2026,2026-08-16,渡部 聖弥,西武,毛利 海大,ロッテ,10,9,2,0,1,0,0.2222,0.3,0.3333,0.6333,いいえ,当該打者と投手のシーズン対戦成績。打席数が少ない値の解釈に注意。
2026,2026-08-16,渡部 聖弥,西武,ウレーニャ,楽天,9,8,1,0,0,0,0.125,0.2222,0.125,0.3472,はい,当該打者と投手のシーズン対戦成績。打席数が少ない値の解釈に注意。
2026,2026-08-16,渡部 聖弥,西武,北山 亘基,日本ハム,9,8,3,0,0,1,0.375,0.4444,0.375,0.8194,はい,当該打者と投手のシーズン対戦成績。打席数が少ない値の解釈に注意。
2026,2026-08-16,渡部 聖弥,西武,松本 晴,ソフトバンク,9,8,2,0,0,2,0.25,0.3333,0.375,0.7083,はい,当該打者と投手のシーズン対戦成績。打席数が少ない値の解釈に注意。
2026,2026-08-16,渡部 聖弥,西武,田中 晴也,ロッテ,9,9,3,0,0,1,0.3333,0.3333,0.3333,0.6666,はい,当該打者と投手のシーズン対戦成績。打席数が少ない値の解釈に注意。
2026,2026-08-16,渡部 聖弥,西武,大関 友久,ソフトバンク,8,8,4,1,0,1,0.5,0.5,1.0,1.5,はい,当該打者と投手のシーズン対戦成績。打席数が少ない値の解釈に注意。
2026,2026-08-16,渡部 聖弥,西武,荘司 康誠,楽天,8,7,1,0,1,2,0.1429,0.25,0.1429,0.3929,はい,当該打者と投手のシーズン対戦成績。打席数が少ない値の解釈に注意。
2026,2026-08-16,渡部 聖弥,西武,前田 悠伍,ソフトバンク,7,6,0,0,1,1,0.0,0.1429,0.0,0.1429,はい,当該打者と投手のシーズン対戦成績。打席数が少ない値の解釈に注意。
2026,2026-08-16,渡部 聖弥,西武,廣池 康志郎,ロッテ,7,7,0,0,0,2,0.0,0.0,0.0,0.0,はい,当該打者と投手のシーズン対戦成績。打席数が少ない値の解釈に注意。
2026,2026-08-16,渡部 聖弥,西武,瀧中 瞭太,楽天,7,7,0,0,0,3,0.0,0.0,0.0,0.0,はい,当該打者と投手のシーズン対戦成績。打席数が少ない値の解釈に注意。
2026,2026-08-16,渡部 聖弥,西武,達 孝太,日本ハム,7,7,1,0,0,0,0.1429,0.1429,0.1429,0.2858,はい,当該打者と投手のシーズン対戦成績。打席数が少ない値の解釈に注意。
2026,2026-08-16,渡部 聖弥,西武,上茶谷 大河,ソフトバンク,6,6,0,0,0,1,0.0,0.0,0.0,0.0,はい,当該打者と投手のシーズン対戦成績。打席数が少ない値の解釈に注意。
2026,2026-08-16,渡部 聖弥,西武,寺西 成騎,オリックス,6,5,0,0,0,1,0.0,0.1667,0.0,0.1667,はい,当該打者と投手のシーズン対戦成績。打席数が少ない値の解釈に注意。
2026,2026-08-16,渡部 聖弥,西武,岸 孝之,楽天,6,6,1,0,0,2,0.1667,0.1667,0.1667,0.3334,はい,当該打者と投手のシーズン対戦成績。打席数が少ない値の解釈に注意。
2026,2026-08-16,渡部 聖弥,西武,徐 若熙,ソフトバンク,6,6,4,0,0,0,0.6667,0.6667,0.6667,1.3334,はい,当該打者と投手のシーズン対戦成績。打席数が少ない値の解釈に注意。
2026,2026-08-16,渡部 聖弥,西武,早川 隆久,楽天,6,6,3,2,0,2,0.5,0.5,1.5,2.0,はい,当該打者と投手のシーズン対戦成績。打席数が少ない値の解釈に注意。
2026,2026-08-16,渡部 聖弥,西武,ジャクソン,ロッテ,5,4,0,0,0,0,0.0,0.0,0.0,0.0,はい,当該打者と投手のシーズン対戦成績。打席数が少ない値の解釈に注意。
2026,2026-08-16,渡部 聖弥,西武,小島 和哉,ロッテ,5,5,0,0,0,0,0.0,0.0,0.0,0.0,はい,当該打者と投手のシーズン対戦成績。打席数が少ない値の解釈に注意。
2026,2026-08-16,渡部 聖弥,西武,尾形 崇斗,DeNA,5,3,0,0,1,3,0.0,0.4,0.0,0.4,はい,当該打者と投手のシーズン対戦成績。打席数が少ない値の解釈に注意。
2026,2026-08-16,渡部 聖弥,西武,山﨑 颯一郎,オリックス,5,5,1,0,0,2,0.2,0.2,0.2,0.4,はい,当該打者と投手のシーズン対戦成績。打席数が少ない値の解釈に注意。
2026,2026-08-16,渡部 聖弥,西武,西垣 雅矢,楽天,5,5,2,0,0,1,0.4,0.4,0.8,1.2,はい,当該打者と投手のシーズン対戦成績。打席数が少ない値の解釈に注意。
2026,2026-08-16,進藤 勇也,日本ハム,九里 亜蓮,オリックス,5,4,0,0,1,4,0.0,0.2,0.0,0.2,はい,当該打者と投手のシーズン対戦成績。打席数が少ない値の解釈に注意。
2026,2026-08-16,前川 右京,阪神,髙橋 宏斗,中日,10,10,4,0,0,4,0.4,0.4,0.5,0.9,いいえ,当該打者と投手のシーズン対戦成績。打席数が少ない値の解釈に注意。
2026,2026-08-16,前川 右京,阪神,柳 裕也,中日,9,9,3,0,0,1,0.3333,0.3333,0.4444,0.7777,はい,当該打者と投手のシーズン対戦成績。打席数が少ない値の解釈に注意。
2026,2026-08-16,前川 右京,阪神,中西 聖輝,中日,6,5,1,0,1,1,0.2,0.3333,0.4,0.7333,はい,当該打者と投手のシーズン対戦成績。打席数が少ない値の解釈に注意。
2026,2026-08-16,前川 右京,阪神,森 翔平,広島,6,6,2,1,0,0,0.3333,0.3333,0.8333,1.1666,はい,当該打者と投手のシーズン対戦成績。打席数が少ない値の解釈に注意。
2026,2026-08-16,前川 右京,阪神,則本 昂大,巨人,5,5,2,1,0,0,0.4,0.4,1.0,1.4,はい,当該打者と投手のシーズン対戦成績。打席数が少ない値の解釈に注意。
2026,2026-08-16,前川 右京,阪神,床田 寛樹,広島,5,5,3,1,0,1,0.6,0.6,1.2,1.8,はい,当該打者と投手のシーズン対戦成績。打席数が少ない値の解釈に注意。
2026,2026-08-16,前川 右京,阪神,西舘 勇陽,巨人,5,4,2,0,1,0,0.5,0.6,0.5,1.1,はい,当該打者と投手のシーズン対戦成績。打席数が少ない値の解釈に注意。
2026,2026-08-16,浦田 俊輔,巨人,才木 浩人,阪神,17,15,3,0,1,4,0.2,0.2353,0.2,0.4353,いいえ,当該打者と投手のシーズン対戦成績。打席数が少ない値の解釈に注意。
2026,2026-08-16,浦田 俊輔,巨人,金丸 夢斗,中日,15,15,4,0,0,1,0.2667,0.2667,0.3333,0.6,いいえ,当該打者と投手のシーズン対戦成績。打席数が少ない値の解釈に注意。
2026,2026-08-16,浦田 俊輔,巨人,奥川 恭伸,ヤクルト,14,14,5,0,0,1,0.3571,0.3571,0.3571,0.7142,いいえ,当該打者と投手のシーズン対戦成績。打席数が少ない値の解釈に注意。
2026,2026-08-16,浦田 俊輔,巨人,石田 裕太郎,DeNA,12,12,2,0,0,1,0.1667,0.1667,0.1667,0.3334,いいえ,当該打者と投手のシーズン対戦成績。打席数が少ない値の解釈に注意。
2026,2026-08-16,浦田 俊輔,巨人,山野 太一,ヤクルト,11,10,1,0,1,3,0.1,0.1818,0.1,0.2818,いいえ,当該打者と投手のシーズン対戦成績。打席数が少ない値の解釈に注意。
2026,2026-08-16,浦田 俊輔,巨人,村上 頌樹,阪神,11,9,1,0,2,1,0.1111,0.2727,0.1111,0.3838,いいえ,当該打者と投手のシーズン対戦成績。打席数が少ない値の解釈に注意。
2026,2026-08-16,浦田 俊輔,巨人,大野 雄大,中日,10,10,4,0,0,0,0.4,0.4,0.5,0.9,いいえ,当該打者と投手のシーズン対戦成績。打席数が少ない値の解釈に注意。
2026,2026-08-16,浦田 俊輔,巨人,玉村 昇悟,広島,8,6,1,0,1,0,0.1667,0.25,0.1667,0.4167,はい,当該打者と投手のシーズン対戦成績。打席数が少ない値の解釈に注意。
2026,2026-08-16,浦田 俊輔,巨人,篠木 健太郎,DeNA,8,7,2,0,1,0,0.2857,0.375,0.2857,0.6607,はい,当該打者と投手のシーズン対戦成績。打席数が少ない値の解釈に注意。
2026,2026-08-16,浦田 俊輔,巨人,平良 拳太郎,DeNA,7,7,4,0,0,0,0.5714,0.5714,0.5714,1.1428,はい,当該打者と投手のシーズン対戦成績。打席数が少ない値の解釈に注意。
2026,2026-08-16,浦田 俊輔,巨人,涌井 秀章,中日,7,7,0,0,0,2,0.0,0.0,0.0,0.0,はい,当該打者と投手のシーズン対戦成績。打席数が少ない値の解釈に注意。
2026,2026-08-16,浦田 俊輔,巨人,伊原 陵人,阪神,6,6,3,0,0,2,0.5,0.5,0.5,1.0,はい,当該打者と投手のシーズン対戦成績。打席数が少ない値の解釈に注意。
2026,2026-08-16,浦田 俊輔,巨人,岡本 駿,広島,6,6,3,0,0,0,0.5,0.5,0.5,1.0,はい,当該打者と投手のシーズン対戦成績。打席数が少ない値の解釈に注意。
2026,2026-08-16,浦田 俊輔,巨人,床田 寛樹,広島,6,5,0,0,0,2,0.0,0.0,0.0,0.0,はい,当該打者と投手のシーズン対戦成績。打席数が少ない値の解釈に注意。
2026,2026-08-16,浦田 俊輔,巨人,柳 裕也,中日,6,6,2,0,0,2,0.3333,0.3333,0.3333,0.6666,はい,当該打者と投手のシーズン対戦成績。打席数が少ない値の解釈に注意。
2026,2026-08-16,浦田 俊輔,巨人,髙橋 遥人,阪神,6,6,1,0,0,0,0.1667,0.1667,0.3333,0.5,はい,当該打者と投手のシーズン対戦成績。打席数が少ない値の解釈に注意。
2026,2026-08-16,浦田 俊輔,巨人,岩田 将貴,DeNA,5,4,2,0,0,0,0.5,0.6,0.5,1.1,はい,当該打者と投手のシーズン対戦成績。打席数が少ない値の解釈に注意。
2026,2026-08-16,浦田 俊輔,巨人,森下 暢仁,広島,5,4,1,0,1,1,0.25,0.4,0.25,0.65,はい,当該打者と投手のシーズン対戦成績。打席数が少ない値の解釈に注意。
2026,2026-08-16,浦田 俊輔,巨人,橋本 侑樹,中日,5,5,2,0,0,1,0.4,0.4,0.4,0.8,はい,当該打者と投手のシーズン対戦成績。打席数が少ない値の解釈に注意。
2026,2026-08-16,浦田 俊輔,巨人,藤嶋 健人,中日,5,3,0,0,2,0,0.0,0.4,0.0,0.4,はい,当該打者と投手のシーズン対戦成績。打席数が少ない値の解釈に注意。
2026,2026-08-16,浦田 俊輔,巨人,黒原 拓未,広島,5,4,2,0,1,0,0.5,0.6,0.5,1.1,はい,当該打者と投手のシーズン対戦成績。打席数が少ない値の解釈に注意。
2026,2026-08-16,ボスラー,中日,髙橋 遥人,阪神,10,9,1,0,1,4,0.1111,0.2,0.1111,0.3111,いいえ,当該打者と投手のシーズン対戦成績。打席数が少ない値の解釈に注意。
2026,2026-08-16,ボスラー,中日,伊原 陵人,阪神,9,7,3,0,1,1,0.4286,0.5556,0.7143,1.2699,はい,当該打者と投手のシーズン対戦成績。打席数が少ない値の解釈に注意。
2026,2026-08-16,ボスラー,中日,奥川 恭伸,ヤクルト,9,8,2,0,1,0,0.25,0.3333,0.25,0.5833,はい,当該打者と投手のシーズン対戦成績。打席数が少ない値の解釈に注意。
2026,2026-08-16,ボスラー,中日,森下 暢仁,広島,8,5,1,0,1,1,0.2,0.25,0.2,0.45,はい,当該打者と投手のシーズン対戦成績。打席数が少ない値の解釈に注意。
2026,2026-08-16,ボスラー,中日,岡本 駿,広島,6,6,1,0,0,2,0.1667,0.1667,0.1667,0.3334,はい,当該打者と投手のシーズン対戦成績。打席数が少ない値の解釈に注意。
2026,2026-08-16,ボスラー,中日,村上 頌樹,阪神,6,5,0,0,1,0,0.0,0.1667,0.0,0.1667,はい,当該打者と投手のシーズン対戦成績。打席数が少ない値の解釈に注意。
2026,2026-08-16,ボスラー,中日,松本 健吾,ヤクルト,6,6,2,1,0,0,0.3333,0.3333,0.8333,1.1666,はい,当該打者と投手のシーズン対戦成績。打席数が少ない値の解釈に注意。
2026,2026-08-16,モンテロ,広島,東 克樹,DeNA,13,13,3,0,0,3,0.2308,0.2308,0.3077,0.5385,いいえ,当該打者と投手のシーズン対戦成績。打席数が少ない値の解釈に注意。
2026,2026-08-16,モンテロ,広島,大竹 耕太郎,阪神,11,10,4,1,0,3,0.4,0.3636,0.8,1.1636,いいえ,当該打者と投手のシーズン対戦成績。打席数が少ない値の解釈に注意。
2026,2026-08-16,モンテロ,広島,山野 太一,ヤクルト,9,9,3,0,0,3,0.3333,0.3333,0.4444,0.7777,はい,当該打者と投手のシーズン対戦成績。打席数が少ない値の解釈に注意。
2026,2026-08-16,モンテロ,広島,村上 頌樹,阪神,8,7,1,1,1,2,0.1429,0.25,0.5714,0.8214,はい,当該打者と投手のシーズン対戦成績。打席数が少ない値の解釈に注意。
2026,2026-08-16,モンテロ,広島,マラー,中日,6,5,1,0,0,0,0.2,0.1667,0.4,0.5667,はい,当該打者と投手のシーズン対戦成績。打席数が少ない値の解釈に注意。
2026,2026-08-16,モンテロ,広島,レイノルズ,DeNA,6,6,0,0,0,3,0.0,0.0,0.0,0.0,はい,当該打者と投手のシーズン対戦成績。打席数が少ない値の解釈に注意。
2026,2026-08-16,モンテロ,広島,井上 温大,巨人,6,6,3,0,0,1,0.5,0.5,0.5,1.0,はい,当該打者と投手のシーズン対戦成績。打席数が少ない値の解釈に注意。
2026,2026-08-16,モンテロ,広島,平良 拳太郎,DeNA,6,4,1,0,2,1,0.25,0.5,0.5,1.0,はい,当該打者と投手のシーズン対戦成績。打席数が少ない値の解釈に注意。
2026,2026-08-16,モンテロ,広島,石田 裕太郎,DeNA,6,6,2,0,0,1,0.3333,0.3333,0.3333,0.6666,はい,当該打者と投手のシーズン対戦成績。打席数が少ない値の解釈に注意。
2026,2026-08-16,モンテロ,広島,金丸 夢斗,中日,6,6,2,0,0,2,0.3333,0.3333,0.3333,0.6666,はい,当該打者と投手のシーズン対戦成績。打席数が少ない値の解釈に注意。
2026,2026-08-16,モンテロ,広島,高橋 奎二,ヤクルト,6,5,1,0,1,2,0.2,0.3333,0.2,0.5333,はい,当該打者と投手のシーズン対戦成績。打席数が少ない値の解釈に注意。
2026,2026-08-16,モンテロ,広島,リランソ,ヤクルト,5,4,0,0,1,3,0.0,0.2,0.0,0.2,はい,当該打者と投手のシーズン対戦成績。打席数が少ない値の解釈に注意。
2026,2026-08-16,モンテロ,広島,大野 雄大,中日,5,5,0,0,0,1,0.0,0.0,0.0,0.0,はい,当該打者と投手のシーズン対戦成績。打席数が少ない値の解釈に注意。
2026,2026-08-16,中山 礼都,巨人,奥川 恭伸,ヤクルト,6,6,1,0,0,0,0.1667,0.1667,0.1667,0.3334,はい,当該打者と投手のシーズン対戦成績。打席数が少ない値の解釈に注意。
2026,2026-08-16,中山 礼都,巨人,才木 浩人,阪神,6,6,1,0,0,1,0.1667,0.1667,0.1667,0.3334,はい,当該打者と投手のシーズン対戦成績。打席数が少ない値の解釈に注意。
2026,2026-08-16,中山 礼都,巨人,柳 裕也,中日,6,5,1,0,1,1,0.2,0.3333,0.2,0.5333,はい,当該打者と投手のシーズン対戦成績。打席数が少ない値の解釈に注意。
2026,2026-08-16,中山 礼都,巨人,村上 頌樹,阪神,5,5,2,0,0,0,0.4,0.4,0.6,1.0,はい,当該打者と投手のシーズン対戦成績。打席数が少ない値の解釈に注意。
2026,2026-08-16,内山 壮真,ヤクルト,大野 雄大,中日,6,6,1,0,0,3,0.1667,0.1667,0.1667,0.3334,はい,当該打者と投手のシーズン対戦成績。打席数が少ない値の解釈に注意。
2026,2026-08-16,内山 壮真,ヤクルト,戸郷 翔征,巨人,6,5,1,0,1,1,0.2,0.3333,0.2,0.5333,はい,当該打者と投手のシーズン対戦成績。打席数が少ない値の解釈に注意。
2026,2026-08-16,内山 壮真,ヤクルト,石田 裕太郎,DeNA,6,5,2,0,1,2,0.4,0.5,0.6,1.1,はい,当該打者と投手のシーズン対戦成績。打席数が少ない値の解釈に注意。
2026,2026-08-16,内山 壮真,ヤクルト,髙橋 宏斗,中日,6,5,0,0,1,2,0.0,0.1667,0.0,0.1667,はい,当該打者と投手のシーズン対戦成績。打席数が少ない値の解釈に注意。
2026,2026-08-16,内山 壮真,ヤクルト,伊藤 将司,阪神,5,5,2,0,0,1,0.4,0.4,0.6,1.0,はい,当該打者と投手のシーズン対戦成績。打席数が少ない値の解釈に注意。
2026,2026-08-16,内山 壮真,ヤクルト,岡本 駿,広島,5,4,0,0,1,2,0.0,0.2,0.0,0.2,はい,当該打者と投手のシーズン対戦成績。打席数が少ない値の解釈に注意。
2026,2026-08-16,内山 壮真,ヤクルト,才木 浩人,阪神,5,4,1,0,1,0,0.25,0.4,0.25,0.65,はい,当該打者と投手のシーズン対戦成績。打席数が少ない値の解釈に注意。
2026,2026-08-16,内山 壮真,ヤクルト,栗林 良吏,広島,5,5,0,0,0,1,0.0,0.0,0.0,0.0,はい,当該打者と投手のシーズン対戦成績。打席数が少ない値の解釈に注意。
2026,2026-08-16,内山 壮真,ヤクルト,竹丸 和幸,巨人,5,3,2,1,2,1,0.6667,0.8,1.6667,2.4667,はい,当該打者と投手のシーズン対戦成績。打席数が少ない値の解釈に注意。
2026,2026-08-16,内山 壮真,ヤクルト,西 勇輝,阪神,5,4,1,1,1,1,0.25,0.4,1.0,1.4,はい,当該打者と投手のシーズン対戦成績。打席数が少ない値の解釈に注意。
2026,2026-08-16,内山 壮真,ヤクルト,髙橋 遥人,阪神,5,5,0,0,0,3,0.0,0.0,0.0,0.0,はい,当該打者と投手のシーズン対戦成績。打席数が少ない値の解釈に注意。
2026,2026-08-16,並木 秀尊,ヤクルト,森下 暢仁,広島,6,6,1,0,0,0,0.1667,0.1667,0.1667,0.3334,はい,当該打者と投手のシーズン対戦成績。打席数が少ない値の解釈に注意。
2026,2026-08-16,並木 秀尊,ヤクルト,大野 雄大,中日,5,5,1,0,0,0,0.2,0.2,0.2,0.4,はい,当該打者と投手のシーズン対戦成績。打席数が少ない値の解釈に注意。
2026,2026-08-16,赤羽 由紘,ヤクルト,岡本 駿,広島,7,6,2,0,0,2,0.3333,0.3333,0.5,0.8333,はい,当該打者と投手のシーズン対戦成績。打席数が少ない値の解釈に注意。
2026,2026-08-16,赤羽 由紘,ヤクルト,才木 浩人,阪神,7,7,1,0,0,2,0.1429,0.1429,0.1429,0.2858,はい,当該打者と投手のシーズン対戦成績。打席数が少ない値の解釈に注意。
2026,2026-08-16,赤羽 由紘,ヤクルト,下村 海翔,阪神,6,6,1,1,0,3,0.1667,0.1667,0.6667,0.8334,はい,当該打者と投手のシーズン対戦成績。打席数が少ない値の解釈に注意。
2026,2026-08-16,赤羽 由紘,ヤクルト,大野 雄大,中日,6,6,0,0,0,3,0.0,0.0,0.0,0.0,はい,当該打者と投手のシーズン対戦成績。打席数が少ない値の解釈に注意。
2026,2026-08-16,赤羽 由紘,ヤクルト,栗林 良吏,広島,6,6,1,0,0,1,0.1667,0.1667,0.1667,0.3334,はい,当該打者と投手のシーズン対戦成績。打席数が少ない値の解釈に注意。
2026,2026-08-16,赤羽 由紘,ヤクルト,マタ,巨人,5,4,0,0,1,3,0.0,0.2,0.0,0.2,はい,当該打者と投手のシーズン対戦成績。打席数が少ない値の解釈に注意。
2026,2026-08-16,赤羽 由紘,ヤクルト,井上 温大,巨人,5,5,2,0,0,2,0.4,0.4,0.6,1.0,はい,当該打者と投手のシーズン対戦成績。打席数が少ない値の解釈に注意。
2026,2026-08-16,赤羽 由紘,ヤクルト,伊藤 将司,阪神,5,2,0,0,3,1,0.0,0.6,0.0,0.6,はい,当該打者と投手のシーズン対戦成績。打席数が少ない値の解釈に注意。
2026,2026-08-16,赤羽 由紘,ヤクルト,深沢 鳳介,DeNA,5,5,0,0,0,1,0.0,0.0,0.0,0.0,はい,当該打者と投手のシーズン対戦成績。打席数が少ない値の解釈に注意。
2026,2026-08-16,赤羽 由紘,ヤクルト,髙橋 宏斗,中日,5,3,0,0,2,1,0.0,0.4,0.0,0.4,はい,当該打者と投手のシーズン対戦成績。打席数が少ない値の解釈に注意。
2026,2026-08-16,牧 秀悟,DeNA,松本 健吾,ヤクルト,12,11,5,0,0,1,0.4545,0.5,0.6364,1.1364,いいえ,当該打者と投手のシーズン対戦成績。打席数が少ない値の解釈に注意。
2026,2026-08-16,牧 秀悟,DeNA,井上 温大,巨人,9,8,0,0,1,4,0.0,0.1111,0.0,0.1111,はい,当該打者と投手のシーズン対戦成績。打席数が少ない値の解釈に注意。
2026,2026-08-16,牧 秀悟,DeNA,吉村 貢司郎,ヤクルト,9,7,3,2,2,2,0.4286,0.5556,1.4286,1.9842,はい,当該打者と投手のシーズン対戦成績。打席数が少ない値の解釈に注意。
2026,2026-08-16,牧 秀悟,DeNA,金丸 夢斗,中日,9,9,3,1,0,2,0.3333,0.3333,0.7778,1.1111,はい,当該打者と投手のシーズン対戦成績。打席数が少ない値の解釈に注意。
2026,2026-08-16,牧 秀悟,DeNA,髙橋 遥人,阪神,9,8,2,1,1,1,0.25,0.3333,0.625,0.9583,はい,当該打者と投手のシーズン対戦成績。打席数が少ない値の解釈に注意。
2026,2026-08-16,牧 秀悟,DeNA,竹丸 和幸,巨人,8,6,2,1,2,0,0.3333,0.5,0.8333,1.3333,はい,当該打者と投手のシーズン対戦成績。打席数が少ない値の解釈に注意。
2026,2026-08-16,牧 秀悟,DeNA,岡本 駿,広島,7,5,0,0,2,1,0.0,0.2857,0.0,0.2857,はい,当該打者と投手のシーズン対戦成績。打席数が少ない値の解釈に注意。
2026,2026-08-16,牧 秀悟,DeNA,床田 寛樹,広島,7,6,1,0,0,1,0.1667,0.2857,0.1667,0.4524,はい,当該打者と投手のシーズン対戦成績。打席数が少ない値の解釈に注意。
2026,2026-08-16,牧 秀悟,DeNA,ターノック,広島,6,6,2,0,0,1,0.3333,0.3333,0.3333,0.6666,はい,当該打者と投手のシーズン対戦成績。打席数が少ない値の解釈に注意。
2026,2026-08-16,牧 秀悟,DeNA,マラー,中日,6,6,1,1,0,2,0.1667,0.1667,0.6667,0.8334,はい,当該打者と投手のシーズン対戦成績。打席数が少ない値の解釈に注意。
2026,2026-08-16,牧 秀悟,DeNA,中西 聖輝,中日,6,4,2,0,2,1,0.5,0.6667,0.5,1.1667,はい,当該打者と投手のシーズン対戦成績。打席数が少ない値の解釈に注意。
2026,2026-08-16,牧 秀悟,DeNA,大竹 耕太郎,阪神,6,5,1,1,1,1,0.2,0.3333,0.8,1.1333,はい,当該打者と投手のシーズン対戦成績。打席数が少ない値の解釈に注意。
2026,2026-08-16,牧 秀悟,DeNA,才木 浩人,阪神,6,5,1,1,1,1,0.2,0.3333,0.8,1.1333,はい,当該打者と投手のシーズン対戦成績。打席数が少ない値の解釈に注意。
2026,2026-08-16,牧 秀悟,DeNA,斉藤 優汰,広島,6,6,2,0,0,1,0.3333,0.3333,0.5,0.8333,はい,当該打者と投手のシーズン対戦成績。打席数が少ない値の解釈に注意。
2026,2026-08-16,牧 秀悟,DeNA,村上 頌樹,阪神,6,6,2,0,0,0,0.3333,0.3333,0.6667,1.0,はい,当該打者と投手のシーズン対戦成績。打席数が少ない値の解釈に注意。
2026,2026-08-16,牧 秀悟,DeNA,柳 裕也,中日,6,6,2,1,0,0,0.3333,0.3333,0.8333,1.1666,はい,当該打者と投手のシーズン対戦成績。打席数が少ない値の解釈に注意。
2026,2026-08-16,牧 秀悟,DeNA,森下 暢仁,広島,6,6,2,2,0,2,0.3333,0.3333,1.3333,1.6666,はい,当該打者と投手のシーズン対戦成績。打席数が少ない値の解釈に注意。
2026,2026-08-16,牧 秀悟,DeNA,涌井 秀章,中日,6,5,3,1,1,0,0.6,0.6667,1.2,1.8667,はい,当該打者と投手のシーズン対戦成績。打席数が少ない値の解釈に注意。
2026,2026-08-16,牧 秀悟,DeNA,高橋 奎二,ヤクルト,6,6,0,0,0,0,0.0,0.0,0.0,0.0,はい,当該打者と投手のシーズン対戦成績。打席数が少ない値の解釈に注意。
2026,2026-08-16,牧 秀悟,DeNA,星 知弥,ヤクルト,5,4,2,0,1,0,0.5,0.6,0.5,1.1,はい,当該打者と投手のシーズン対戦成績。打席数が少ない値の解釈に注意。
2026,2026-08-16,佐藤 輝明,阪神,柳 裕也,中日,14,12,2,1,2,3,0.1667,0.2857,0.5833,0.869,いいえ,当該打者と投手のシーズン対戦成績。打席数が少ない値の解釈に注意。
2026,2026-08-16,佐藤 輝明,阪神,栗林 良吏,広島,13,13,1,1,0,4,0.0769,0.0769,0.3077,0.3846,いいえ,当該打者と投手のシーズン対戦成績。打席数が少ない値の解釈に注意。
2026,2026-08-16,佐藤 輝明,阪神,髙橋 宏斗,中日,12,8,4,1,3,3,0.5,0.5833,1.25,1.8333,いいえ,当該打者と投手のシーズン対戦成績。打席数が少ない値の解釈に注意。
2026,2026-08-16,佐藤 輝明,阪神,マラー,中日,11,10,3,2,1,5,0.3,0.3636,0.9,1.2636,いいえ,当該打者と投手のシーズン対戦成績。打席数が少ない値の解釈に注意。
2026,2026-08-16,佐藤 輝明,阪神,山野 太一,ヤクルト,9,9,1,0,0,3,0.1111,0.1111,0.2222,0.3333,はい,当該打者と投手のシーズン対戦成績。打席数が少ない値の解釈に注意。
2026,2026-08-16,佐藤 輝明,阪神,森 翔平,広島,9,9,2,1,0,4,0.2222,0.2222,0.5556,0.7778,はい,当該打者と投手のシーズン対戦成績。打席数が少ない値の解釈に注意。
2026,2026-08-16,佐藤 輝明,阪神,竹丸 和幸,巨人,9,8,2,0,0,3,0.25,0.3333,0.25,0.5833,はい,当該打者と投手のシーズン対戦成績。打席数が少ない値の解釈に注意。
2026,2026-08-16,佐藤 輝明,阪神,井上 温大,巨人,8,7,4,1,1,2,0.5714,0.625,1.4286,2.0536,はい,当該打者と投手のシーズン対戦成績。打席数が少ない値の解釈に注意。
2026,2026-08-16,佐藤 輝明,阪神,床田 寛樹,広島,8,7,2,0,1,0,0.2857,0.375,0.2857,0.6607,はい,当該打者と投手のシーズン対戦成績。打席数が少ない値の解釈に注意。
2026,2026-08-16,佐藤 輝明,阪神,中西 聖輝,中日,7,6,0,0,1,2,0.0,0.1429,0.0,0.1429,はい,当該打者と投手のシーズン対戦成績。打席数が少ない値の解釈に注意。
2026,2026-08-16,佐藤 輝明,阪神,吉村 貢司郎,ヤクルト,7,6,2,1,1,1,0.3333,0.4286,0.8333,1.2619,はい,当該打者と投手のシーズン対戦成績。打席数が少ない値の解釈に注意。
2026,2026-08-16,佐藤 輝明,阪神,岡本 駿,広島,7,7,2,1,0,2,0.2857,0.2857,0.7143,1.0,はい,当該打者と投手のシーズン対戦成績。打席数が少ない値の解釈に注意。
2026,2026-08-16,佐藤 輝明,阪神,ウィットリー,巨人,6,6,2,0,0,2,0.3333,0.3333,0.3333,0.6666,はい,当該打者と投手のシーズン対戦成績。打席数が少ない値の解釈に注意。
2026,2026-08-16,佐藤 輝明,阪神,ターノック,広島,6,5,2,0,1,2,0.4,0.5,0.4,0.9,はい,当該打者と投手のシーズン対戦成績。打席数が少ない値の解釈に注意。
2026,2026-08-16,佐藤 輝明,阪神,尾形 崇斗,DeNA,6,4,1,0,2,1,0.25,0.5,0.25,0.75,はい,当該打者と投手のシーズン対戦成績。打席数が少ない値の解釈に注意。
2026,2026-08-16,佐藤 輝明,阪神,平良 拳太郎,DeNA,6,5,0,0,1,3,0.0,0.1667,0.0,0.1667,はい,当該打者と投手のシーズン対戦成績。打席数が少ない値の解釈に注意。
2026,2026-08-16,佐藤 輝明,阪神,森下 暢仁,広島,6,6,2,1,0,2,0.3333,0.3333,0.8333,1.1666,はい,当該打者と投手のシーズン対戦成績。打席数が少ない値の解釈に注意。
2026,2026-08-16,佐藤 輝明,阪神,田中 将大,巨人,6,6,3,1,0,1,0.5,0.5,1.0,1.5,はい,当該打者と投手のシーズン対戦成績。打席数が少ない値の解釈に注意。
2026,2026-08-16,佐藤 輝明,阪神,石田 裕太郎,DeNA,6,5,3,1,1,1,0.6,0.6667,1.4,2.0667,はい,当該打者と投手のシーズン対戦成績。打席数が少ない値の解釈に注意。
2026,2026-08-16,佐藤 輝明,阪神,西舘 勇陽,巨人,6,5,1,1,1,2,0.2,0.3333,0.8,1.1333,はい,当該打者と投手のシーズン対戦成績。打席数が少ない値の解釈に注意。
2026,2026-08-16,佐藤 輝明,阪神,金丸 夢斗,中日,6,6,3,1,0,1,0.5,0.5,1.0,1.5,はい,当該打者と投手のシーズン対戦成績。打席数が少ない値の解釈に注意。
2026,2026-08-16,佐藤 輝明,阪神,高橋 奎二,ヤクルト,6,5,2,0,1,1,0.4,0.5,0.4,0.9,はい,当該打者と投手のシーズン対戦成績。打席数が少ない値の解釈に注意。
2026,2026-08-16,佐藤 輝明,阪神,マルセリーノ,DeNA,5,5,0,0,0,3,0.0,0.0,0.0,0.0,はい,当該打者と投手のシーズン対戦成績。打席数が少ない値の解釈に注意。
2026,2026-08-16,佐藤 輝明,阪神,則本 昂大,巨人,5,4,2,0,1,0,0.5,0.6,1.0,1.6,はい,当該打者と投手のシーズン対戦成績。打席数が少ない値の解釈に注意。
2026,2026-08-16,佐藤 輝明,阪神,大野 雄大,中日,5,4,0,0,1,3,0.0,0.2,0.0,0.2,はい,当該打者と投手のシーズン対戦成績。打席数が少ない値の解釈に注意。
2026,2026-08-16,佐藤 輝明,阪神,奥川 恭伸,ヤクルト,5,4,1,0,1,0,0.25,0.4,0.5,0.9,はい,当該打者と投手のシーズン対戦成績。打席数が少ない値の解釈に注意。
2026,2026-08-16,佐藤 輝明,阪神,松本 健吾,ヤクルト,5,4,1,1,0,1,0.25,0.2,1.0,1.2,はい,当該打者と投手のシーズン対戦成績。打席数が少ない値の解釈に注意。
2026,2026-08-16,佐藤 輝明,阪神,篠木 健太郎,DeNA,5,3,0,0,2,1,0.0,0.4,0.0,0.4,はい,当該打者と投手のシーズン対戦成績。打席数が少ない値の解釈に注意。
2026,2026-08-16,佐藤 輝明,阪神,荘司 宏太,ヤクルト,5,4,1,0,1,2,0.25,0.4,0.25,0.65,はい,当該打者と投手のシーズン対戦成績。打席数が少ない値の解釈に注意。
2026,2026-08-16,村上 頌樹,阪神,床田 寛樹,広島,6,6,1,0,0,4,0.1667,0.1667,0.1667,0.3334,はい,当該打者と投手のシーズン対戦成績。打席数が少ない値の解釈に注意。
2026,2026-08-16,中野 拓夢,阪神,マラー,中日,13,11,3,0,1,2,0.2727,0.3846,0.2727,0.6573,いいえ,当該打者と投手のシーズン対戦成績。打席数が少ない値の解釈に注意。
2026,2026-08-16,中野 拓夢,阪神,柳 裕也,中日,13,13,3,0,0,2,0.2308,0.2308,0.3077,0.5385,いいえ,当該打者と投手のシーズン対戦成績。打席数が少ない値の解釈に注意。
2026,2026-08-16,中野 拓夢,阪神,髙橋 宏斗,中日,12,10,3,0,0,2,0.3,0.3,0.4,0.7,いいえ,当該打者と投手のシーズン対戦成績。打席数が少ない値の解釈に注意。
2026,2026-08-16,中野 拓夢,阪神,栗林 良吏,広島,11,10,1,0,0,1,0.1,0.1,0.1,0.2,いいえ,当該打者と投手のシーズン対戦成績。打席数が少ない値の解釈に注意。
2026,2026-08-16,中野 拓夢,阪神,井上 温大,巨人,9,7,4,0,1,1,0.5714,0.625,0.5714,1.1964,はい,当該打者と投手のシーズン対戦成績。打席数が少ない値の解釈に注意。
2026,2026-08-16,中野 拓夢,阪神,床田 寛樹,広島,9,7,1,0,0,2,0.1429,0.1429,0.1429,0.2858,はい,当該打者と投手のシーズン対戦成績。打席数が少ない値の解釈に注意。
2026,2026-08-16,中野 拓夢,阪神,森 翔平,広島,9,9,1,0,0,0,0.1111,0.1111,0.1111,0.2222,はい,当該打者と投手のシーズン対戦成績。打席数が少ない値の解釈に注意。
2026,2026-08-16,中野 拓夢,阪神,竹丸 和幸,巨人,9,7,0,0,1,2,0.0,0.125,0.0,0.125,はい,当該打者と投手のシーズン対戦成績。打席数が少ない値の解釈に注意。
2026,2026-08-16,中野 拓夢,阪神,中西 聖輝,中日,7,7,1,0,0,1,0.1429,0.1429,0.1429,0.2858,はい,当該打者と投手のシーズン対戦成績。打席数が少ない値の解釈に注意。
2026,2026-08-16,中野 拓夢,阪神,岡本 駿,広島,7,6,1,0,1,1,0.1667,0.2857,0.1667,0.4524,はい,当該打者と投手のシーズン対戦成績。打席数が少ない値の解釈に注意。
2026,2026-08-16,中野 拓夢,阪神,ウィットリー,巨人,6,4,1,0,2,1,0.25,0.5,0.25,0.75,はい,当該打者と投手のシーズン対戦成績。打席数が少ない値の解釈に注意。
2026,2026-08-16,中野 拓夢,阪神,ターノック,広島,6,6,0,0,0,1,0.0,0.0,0.0,0.0,はい,当該打者と投手のシーズン対戦成績。打席数が少ない値の解釈に注意。
2026,2026-08-16,中野 拓夢,阪神,則本 昂大,巨人,6,6,3,0,0,0,0.5,0.5,0.5,1.0,はい,当該打者と投手のシーズン対戦成績。打席数が少ない値の解釈に注意。
2026,2026-08-16,中野 拓夢,阪神,吉村 貢司郎,ヤクルト,6,5,1,0,0,0,0.2,0.2,0.2,0.4,はい,当該打者と投手のシーズン対戦成績。打席数が少ない値の解釈に注意。
2026,2026-08-16,中野 拓夢,阪神,奥川 恭伸,ヤクルト,6,6,2,0,0,1,0.3333,0.3333,0.5,0.8333,はい,当該打者と投手のシーズン対戦成績。打席数が少ない値の解釈に注意。
2026,2026-08-16,中野 拓夢,阪神,尾形 崇斗,DeNA,6,4,2,0,2,0,0.5,0.6667,0.5,1.1667,はい,当該打者と投手のシーズン対戦成績。打席数が少ない値の解釈に注意。
2026,2026-08-16,中野 拓夢,阪神,山野 太一,ヤクルト,6,6,2,0,0,1,0.3333,0.3333,0.3333,0.6666,はい,当該打者と投手のシーズン対戦成績。打席数が少ない値の解釈に注意。
2026,2026-08-16,中野 拓夢,阪神,松本 健吾,ヤクルト,6,6,1,0,0,3,0.1667,0.1667,0.1667,0.3334,はい,当該打者と投手のシーズン対戦成績。打席数が少ない値の解釈に注意。
2026,2026-08-16,中野 拓夢,阪神,篠木 健太郎,DeNA,6,6,2,0,0,1,0.3333,0.3333,0.3333,0.6666,はい,当該打者と投手のシーズン対戦成績。打席数が少ない値の解釈に注意。
2026,2026-08-16,中野 拓夢,阪神,西舘 勇陽,巨人,6,6,1,0,0,2,0.1667,0.1667,0.1667,0.3334,はい,当該打者と投手のシーズン対戦成績。打席数が少ない値の解釈に注意。
2026,2026-08-16,中野 拓夢,阪神,金丸 夢斗,中日,6,6,1,0,0,1,0.1667,0.1667,0.3333,0.5,はい,当該打者と投手のシーズン対戦成績。打席数が少ない値の解釈に注意。
2026,2026-08-16,中野 拓夢,阪神,高橋 奎二,ヤクルト,6,6,1,0,0,2,0.1667,0.1667,0.1667,0.3334,はい,当該打者と投手のシーズン対戦成績。打席数が少ない値の解釈に注意。
2026,2026-08-16,中野 拓夢,阪神,大野 雄大,中日,5,4,1,0,0,0,0.25,0.4,0.25,0.65,はい,当該打者と投手のシーズン対戦成績。打席数が少ない値の解釈に注意。
2026,2026-08-16,中野 拓夢,阪神,田和 廉,巨人,5,4,1,0,1,1,0.25,0.4,0.25,0.65,はい,当該打者と投手のシーズン対戦成績。打席数が少ない値の解釈に注意。
2026,2026-08-16,中野 拓夢,阪神,石田 裕太郎,DeNA,5,3,1,0,0,2,0.3333,0.3333,0.3333,0.6666,はい,当該打者と投手のシーズン対戦成績。打席数が少ない値の解釈に注意。
2026,2026-08-16,中野 拓夢,阪神,髙 太一,広島,5,5,2,0,0,0,0.4,0.4,0.8,1.2,はい,当該打者と投手のシーズン対戦成績。打席数が少ない値の解釈に注意。
2026,2026-08-16,髙寺 望夢,阪神,栗林 良吏,広島,9,8,2,0,1,2,0.25,0.3333,0.375,0.7083,はい,当該打者と投手のシーズン対戦成績。打席数が少ない値の解釈に注意。
2026,2026-08-16,髙寺 望夢,阪神,柳 裕也,中日,8,8,0,0,0,0,0.0,0.0,0.0,0.0,はい,当該打者と投手のシーズン対戦成績。打席数が少ない値の解釈に注意。
2026,2026-08-16,髙寺 望夢,阪神,岡本 駿,広島,7,7,2,0,0,1,0.2857,0.2857,0.2857,0.5714,はい,当該打者と投手のシーズン対戦成績。打席数が少ない値の解釈に注意。
2026,2026-08-16,髙寺 望夢,阪神,森下 暢仁,広島,7,7,3,0,0,2,0.4286,0.4286,0.4286,0.8572,はい,当該打者と投手のシーズン対戦成績。打席数が少ない値の解釈に注意。
2026,2026-08-16,髙寺 望夢,阪神,山野 太一,ヤクルト,6,6,0,0,0,2,0.0,0.0,0.0,0.0,はい,当該打者と投手のシーズン対戦成績。打席数が少ない値の解釈に注意。
2026,2026-08-16,髙寺 望夢,阪神,平良 拳太郎,DeNA,6,5,1,0,1,0,0.2,0.3333,0.4,0.7333,はい,当該打者と投手のシーズン対戦成績。打席数が少ない値の解釈に注意。
2026,2026-08-16,髙寺 望夢,阪神,床田 寛樹,広島,6,6,3,0,0,0,0.5,0.5,0.6667,1.1667,はい,当該打者と投手のシーズン対戦成績。打席数が少ない値の解釈に注意。
2026,2026-08-16,髙寺 望夢,阪神,ウィットリー,巨人,5,4,0,0,1,1,0.0,0.2,0.0,0.2,はい,当該打者と投手のシーズン対戦成績。打席数が少ない値の解釈に注意。
2026,2026-08-16,髙寺 望夢,阪神,井上 温大,巨人,5,5,1,0,0,0,0.2,0.2,0.4,0.6,はい,当該打者と投手のシーズン対戦成績。打席数が少ない値の解釈に注意。
2026,2026-08-16,髙寺 望夢,阪神,尾形 崇斗,DeNA,5,4,2,0,0,1,0.5,0.5,0.75,1.25,はい,当該打者と投手のシーズン対戦成績。打席数が少ない値の解釈に注意。
2026,2026-08-16,髙寺 望夢,阪神,石田 裕太郎,DeNA,5,5,1,0,0,0,0.2,0.2,0.4,0.6,はい,当該打者と投手のシーズン対戦成績。打席数が少ない値の解釈に注意。
2026,2026-08-16,山村 崇嘉,西武,伊藤 大海,日本ハム,6,6,2,0,0,1,0.3333,0.3333,0.3333,0.6666,はい,当該打者と投手のシーズン対戦成績。打席数が少ない値の解釈に注意。
2026,2026-08-16,山村 崇嘉,西武,北山 亘基,日本ハム,5,5,2,0,0,1,0.4,0.4,0.4,0.8,はい,当該打者と投手のシーズン対戦成績。打席数が少ない値の解釈に注意。
2026,2026-08-16,若林 楽人,西武,山野 太一,ヤクルト,5,5,3,0,0,1,0.6,0.6,0.8,1.4,はい,当該打者と投手のシーズン対戦成績。打席数が少ない値の解釈に注意。
2026,2026-08-16,仲三 優太,西武,大津 亮介,ソフトバンク,5,4,2,0,1,1,0.5,0.6,0.5,1.1,はい,当該打者と投手のシーズン対戦成績。打席数が少ない値の解釈に注意。
2026,2026-08-16,長谷川 信哉,西武,伊藤 大海,日本ハム,10,9,3,1,1,1,0.3333,0.4,0.7778,1.1778,いいえ,当該打者と投手のシーズン対戦成績。打席数が少ない値の解釈に注意。
2026,2026-08-16,長谷川 信哉,西武,毛利 海大,ロッテ,8,6,1,0,2,2,0.1667,0.375,0.1667,0.5417,はい,当該打者と投手のシーズン対戦成績。打席数が少ない値の解釈に注意。
2026,2026-08-16,長谷川 信哉,西武,瀧中 瞭太,楽天,7,6,3,0,0,0,0.5,0.5714,0.6667,1.2381,はい,当該打者と投手のシーズン対戦成績。打席数が少ない値の解釈に注意。
2026,2026-08-16,長谷川 信哉,西武,エスピノーザ,オリックス,6,5,2,0,0,1,0.4,0.4,0.6,1.0,はい,当該打者と投手のシーズン対戦成績。打席数が少ない値の解釈に注意。
2026,2026-08-16,五十幡 亮汰,日本ハム,スチュワート・ジュニア,ソフトバンク,5,4,2,0,1,1,0.5,0.6,0.5,1.1,はい,当該打者と投手のシーズン対戦成績。打席数が少ない値の解釈に注意。
2026,2026-08-16,細川 凌平,日本ハム,隅田 知一郎,西武,10,9,1,0,0,1,0.1111,0.1111,0.2222,0.3333,いいえ,当該打者と投手のシーズン対戦成績。打席数が少ない値の解釈に注意。
2026,2026-08-16,細川 凌平,日本ハム,荘司 康誠,楽天,8,5,2,0,3,0,0.4,0.625,0.6,1.225,はい,当該打者と投手のシーズン対戦成績。打席数が少ない値の解釈に注意。
2026,2026-08-16,細川 凌平,日本ハム,ジャクソン,ロッテ,6,6,2,0,0,1,0.3333,0.3333,0.3333,0.6666,はい,当該打者と投手のシーズン対戦成績。打席数が少ない値の解釈に注意。
2026,2026-08-16,細川 凌平,日本ハム,平良 海馬,西武,6,6,1,0,0,2,0.1667,0.1667,0.1667,0.3334,はい,当該打者と投手のシーズン対戦成績。打席数が少ない値の解釈に注意。
2026,2026-08-16,細川 凌平,日本ハム,河村 説人,ロッテ,5,5,2,0,0,0,0.4,0.4,0.4,0.8,はい,当該打者と投手のシーズン対戦成績。打席数が少ない値の解釈に注意。
2026,2026-08-16,小川 龍成,ロッテ,加藤 貴之,日本ハム,11,11,2,0,0,1,0.1818,0.1818,0.1818,0.3636,いいえ,当該打者と投手のシーズン対戦成績。打席数が少ない値の解釈に注意。
2026,2026-08-16,小川 龍成,ロッテ,武内 夏暉,西武,11,11,5,0,0,1,0.4545,0.4545,0.5455,1.0,いいえ,当該打者と投手のシーズン対戦成績。打席数が少ない値の解釈に注意。
2026,2026-08-16,小川 龍成,ロッテ,上沢 直之,ソフトバンク,9,9,2,0,0,0,0.2222,0.2222,0.3333,0.5555,はい,当該打者と投手のシーズン対戦成績。打席数が少ない値の解釈に注意。
2026,2026-08-16,小川 龍成,ロッテ,早川 隆久,楽天,9,9,3,0,0,0,0.3333,0.3333,0.3333,0.6666,はい,当該打者と投手のシーズン対戦成績。打席数が少ない値の解釈に注意。
2026,2026-08-16,小川 龍成,ロッテ,田嶋 大樹,オリックス,9,9,2,0,0,1,0.2222,0.2222,0.2222,0.4444,はい,当該打者と投手のシーズン対戦成績。打席数が少ない値の解釈に注意。
2026,2026-08-16,小川 龍成,ロッテ,髙島 泰都,オリックス,9,8,3,0,0,0,0.375,0.375,0.375,0.75,はい,当該打者と投手のシーズン対戦成績。打席数が少ない値の解釈に注意。
2026,2026-08-16,小川 龍成,ロッテ,北山 亘基,日本ハム,8,7,1,0,0,2,0.1429,0.1429,0.1429,0.2858,はい,当該打者と投手のシーズン対戦成績。打席数が少ない値の解釈に注意。
2026,2026-08-16,小川 龍成,ロッテ,ジェリー,オリックス,7,7,3,0,0,1,0.4286,0.4286,0.4286,0.8572,はい,当該打者と投手のシーズン対戦成績。打席数が少ない値の解釈に注意。
2026,2026-08-16,小川 龍成,ロッテ,佐藤 爽,西武,7,7,1,0,0,2,0.1429,0.1429,0.4286,0.5715,はい,当該打者と投手のシーズン対戦成績。打席数が少ない値の解釈に注意。
2026,2026-08-16,小川 龍成,ロッテ,平良 海馬,西武,7,5,3,1,2,0,0.6,0.7143,1.2,1.9143,はい,当該打者と投手のシーズン対戦成績。打席数が少ない値の解釈に注意。
2026,2026-08-16,小川 龍成,ロッテ,曽谷 龍平,オリックス,7,6,1,0,0,1,0.1667,0.1667,0.1667,0.3334,はい,当該打者と投手のシーズン対戦成績。打席数が少ない値の解釈に注意。
2026,2026-08-16,小川 龍成,ロッテ,細野 晴希,日本ハム,7,5,2,0,1,2,0.4,0.5,0.4,0.9,はい,当該打者と投手のシーズン対戦成績。打席数が少ない値の解釈に注意。
2026,2026-08-16,小川 龍成,ロッテ,荘司 康誠,楽天,7,7,1,0,0,1,0.1429,0.1429,0.1429,0.2858,はい,当該打者と投手のシーズン対戦成績。打席数が少ない値の解釈に注意。
2026,2026-08-16,小川 龍成,ロッテ,藤井 聖,楽天,7,7,3,0,0,1,0.4286,0.4286,0.7143,1.1429,はい,当該打者と投手のシーズン対戦成績。打席数が少ない値の解釈に注意。
2026,2026-08-16,小川 龍成,ロッテ,大津 亮介,ソフトバンク,6,5,2,0,1,0,0.4,0.5,0.4,0.9,はい,当該打者と投手のシーズン対戦成績。打席数が少ない値の解釈に注意。
2026,2026-08-16,小川 龍成,ロッテ,渡邉 勇太朗,西武,6,6,0,0,0,3,0.0,0.0,0.0,0.0,はい,当該打者と投手のシーズン対戦成績。打席数が少ない値の解釈に注意。
2026,2026-08-16,小川 龍成,ロッテ,前田 悠伍,ソフトバンク,5,5,1,0,0,0,0.2,0.2,0.2,0.4,はい,当該打者と投手のシーズン対戦成績。打席数が少ない値の解釈に注意。
2026,2026-08-16,小川 龍成,ロッテ,寺西 成騎,オリックス,5,4,1,0,0,1,0.25,0.25,0.25,0.5,はい,当該打者と投手のシーズン対戦成績。打席数が少ない値の解釈に注意。
2026,2026-08-16,小川 龍成,ロッテ,松本 晴,ソフトバンク,5,4,2,0,1,0,0.5,0.6,0.5,1.1,はい,当該打者と投手のシーズン対戦成績。打席数が少ない値の解釈に注意。
2026,2026-08-16,小川 龍成,ロッテ,福島 蓮,日本ハム,5,5,3,0,0,0,0.6,0.6,0.6,1.2,はい,当該打者と投手のシーズン対戦成績。打席数が少ない値の解釈に注意。
2026,2026-08-16,小川 龍成,ロッテ,達 孝太,日本ハム,5,5,0,0,0,1,0.0,0.0,0.0,0.0,はい,当該打者と投手のシーズン対戦成績。打席数が少ない値の解釈に注意。
2026,2026-08-16,山本 大斗,ロッテ,加藤 貴之,日本ハム,5,4,1,0,0,0,0.25,0.2,0.5,0.7,はい,当該打者と投手のシーズン対戦成績。打席数が少ない値の解釈に注意。
2026,2026-08-16,山本 大斗,ロッテ,曽谷 龍平,オリックス,5,4,0,0,0,1,0.0,0.2,0.0,0.2,はい,当該打者と投手のシーズン対戦成績。打席数が少ない値の解釈に注意。
2026,2026-08-16,来田 涼斗,オリックス,廣池 康志郎,ロッテ,10,10,3,1,0,0,0.3,0.3,0.7,1.0,いいえ,当該打者と投手のシーズン対戦成績。打席数が少ない値の解釈に注意。
2026,2026-08-16,来田 涼斗,オリックス,有原 航平,日本ハム,9,9,3,1,0,1,0.3333,0.3333,0.6667,1.0,はい,当該打者と投手のシーズン対戦成績。打席数が少ない値の解釈に注意。
2026,2026-08-16,来田 涼斗,オリックス,瀧中 瞭太,楽天,9,9,3,0,0,2,0.3333,0.3333,0.4444,0.7777,はい,当該打者と投手のシーズン対戦成績。打席数が少ない値の解釈に注意。
2026,2026-08-16,来田 涼斗,オリックス,北山 亘基,日本ハム,8,8,2,0,0,2,0.25,0.25,0.25,0.5,はい,当該打者と投手のシーズン対戦成績。打席数が少ない値の解釈に注意。
2026,2026-08-16,来田 涼斗,オリックス,前田 健太,楽天,6,6,3,0,0,0,0.5,0.5,0.6667,1.1667,はい,当該打者と投手のシーズン対戦成績。打席数が少ない値の解釈に注意。
2026,2026-08-16,来田 涼斗,オリックス,渡邉 勇太朗,西武,6,5,0,0,0,1,0.0,0.0,0.0,0.0,はい,当該打者と投手のシーズン対戦成績。打席数が少ない値の解釈に注意。
2026,2026-08-16,来田 涼斗,オリックス,荘司 康誠,楽天,6,6,2,1,0,0,0.3333,0.3333,1.0,1.3333,はい,当該打者と投手のシーズン対戦成績。打席数が少ない値の解釈に注意。
2026,2026-08-16,来田 涼斗,オリックス,加藤 貴之,日本ハム,5,5,1,0,0,1,0.2,0.2,0.2,0.4,はい,当該打者と投手のシーズン対戦成績。打席数が少ない値の解釈に注意。
2026,2026-08-16,来田 涼斗,オリックス,小島 和哉,ロッテ,5,5,0,0,0,1,0.0,0.0,0.0,0.0,はい,当該打者と投手のシーズン対戦成績。打席数が少ない値の解釈に注意。
2026,2026-08-16,来田 涼斗,オリックス,甲斐野 央,西武,5,5,0,0,0,3,0.0,0.0,0.0,0.0,はい,当該打者と投手のシーズン対戦成績。打席数が少ない値の解釈に注意。
2026,2026-08-16,来田 涼斗,オリックス,隅田 知一郎,西武,5,5,1,0,0,1,0.2,0.2,0.2,0.4,はい,当該打者と投手のシーズン対戦成績。打席数が少ない値の解釈に注意。
2026,2026-08-16,来田 涼斗,オリックス,髙橋 光成,西武,5,4,1,0,0,1,0.25,0.25,0.75,1.0,はい,当該打者と投手のシーズン対戦成績。打席数が少ない値の解釈に注意。
2026,2026-08-16,オスナ,ヤクルト,柳 裕也,中日,10,10,1,0,0,1,0.1,0.1,0.1,0.2,いいえ,当該打者と投手のシーズン対戦成績。打席数が少ない値の解釈に注意。
2026,2026-08-16,オスナ,ヤクルト,岡本 駿,広島,8,6,2,0,1,2,0.3333,0.375,0.3333,0.7083,はい,当該打者と投手のシーズン対戦成績。打席数が少ない値の解釈に注意。
2026,2026-08-16,オスナ,ヤクルト,森下 暢仁,広島,7,7,3,2,0,1,0.4286,0.4286,1.4286,1.8572,はい,当該打者と投手のシーズン対戦成績。打席数が少ない値の解釈に注意。
2026,2026-08-16,オスナ,ヤクルト,マタ,巨人,6,4,0,0,1,2,0.0,0.1667,0.0,0.1667,はい,当該打者と投手のシーズン対戦成績。打席数が少ない値の解釈に注意。
2026,2026-08-16,オスナ,ヤクルト,大野 雄大,中日,6,6,0,0,0,1,0.0,0.0,0.0,0.0,はい,当該打者と投手のシーズン対戦成績。打席数が少ない値の解釈に注意。
2026,2026-08-16,オスナ,ヤクルト,戸郷 翔征,巨人,6,6,0,0,0,0,0.0,0.0,0.0,0.0,はい,当該打者と投手のシーズン対戦成績。打席数が少ない値の解釈に注意。
2026,2026-08-16,オスナ,ヤクルト,才木 浩人,阪神,6,5,2,0,1,0,0.4,0.5,0.4,0.9,はい,当該打者と投手のシーズン対戦成績。打席数が少ない値の解釈に注意。
2026,2026-08-16,オスナ,ヤクルト,石田 裕太郎,DeNA,6,6,0,0,0,0,0.0,0.0,0.0,0.0,はい,当該打者と投手のシーズン対戦成績。打席数が少ない値の解釈に注意。
2026,2026-08-16,オスナ,ヤクルト,髙橋 宏斗,中日,6,6,0,0,0,3,0.0,0.0,0.0,0.0,はい,当該打者と投手のシーズン対戦成績。打席数が少ない値の解釈に注意。
2026,2026-08-16,オスナ,ヤクルト,井上 温大,巨人,5,4,2,1,1,0,0.5,0.6,1.25,1.85,はい,当該打者と投手のシーズン対戦成績。打席数が少ない値の解釈に注意。
2026,2026-08-16,サンタナ,ヤクルト,岡本 駿,広島,14,12,1,1,1,3,0.0833,0.2143,0.3333,0.5476,いいえ,当該打者と投手のシーズン対戦成績。打席数が少ない値の解釈に注意。
2026,2026-08-16,サンタナ,ヤクルト,柳 裕也,中日,10,10,3,1,0,4,0.3,0.3,0.6,0.9,いいえ,当該打者と投手のシーズン対戦成績。打席数が少ない値の解釈に注意。
2026,2026-08-16,サンタナ,ヤクルト,森下 暢仁,広島,10,9,2,0,1,3,0.2222,0.3,0.3333,0.6333,いいえ,当該打者と投手のシーズン対戦成績。打席数が少ない値の解釈に注意。
2026,2026-08-16,サンタナ,ヤクルト,石田 裕太郎,DeNA,10,9,4,0,1,1,0.4444,0.5,0.6667,1.1667,いいえ,当該打者と投手のシーズン対戦成績。打席数が少ない値の解釈に注意。
2026,2026-08-16,サンタナ,ヤクルト,竹丸 和幸,巨人,10,8,1,0,2,1,0.125,0.3,0.125,0.425,いいえ,当該打者と投手のシーズン対戦成績。打席数が少ない値の解釈に注意。
2026,2026-08-16,サンタナ,ヤクルト,マタ,巨人,9,6,1,0,3,3,0.1667,0.4444,0.3333,0.7777,はい,当該打者と投手のシーズン対戦成績。打席数が少ない値の解釈に注意。
2026,2026-08-16,サンタナ,ヤクルト,大野 雄大,中日,9,8,0,0,1,3,0.0,0.1111,0.0,0.1111,はい,当該打者と投手のシーズン対戦成績。打席数が少ない値の解釈に注意。
2026,2026-08-16,サンタナ,ヤクルト,戸郷 翔征,巨人,9,7,1,0,1,2,0.1429,0.3333,0.1429,0.4762,はい,当該打者と投手のシーズン対戦成績。打席数が少ない値の解釈に注意。
2026,2026-08-16,サンタナ,ヤクルト,下村 海翔,阪神,6,6,0,0,0,3,0.0,0.0,0.0,0.0,はい,当該打者と投手のシーズン対戦成績。打席数が少ない値の解釈に注意。
2026,2026-08-16,サンタナ,ヤクルト,井上 温大,巨人,6,4,3,0,2,1,0.75,0.8333,0.75,1.5833,はい,当該打者と投手のシーズン対戦成績。打席数が少ない値の解釈に注意。
2026,2026-08-16,サンタナ,ヤクルト,伊藤 将司,阪神,6,5,1,0,1,2,0.2,0.3333,0.4,0.7333,はい,当該打者と投手のシーズン対戦成績。打席数が少ない値の解釈に注意。
2026,2026-08-16,サンタナ,ヤクルト,尾形 崇斗,DeNA,6,5,2,0,1,1,0.4,0.5,0.6,1.1,はい,当該打者と投手のシーズン対戦成績。打席数が少ない値の解釈に注意。
2026,2026-08-16,サンタナ,ヤクルト,才木 浩人,阪神,6,6,0,0,0,5,0.0,0.0,0.0,0.0,はい,当該打者と投手のシーズン対戦成績。打席数が少ない値の解釈に注意。
2026,2026-08-16,サンタナ,ヤクルト,栗林 良吏,広島,6,6,0,0,0,1,0.0,0.0,0.0,0.0,はい,当該打者と投手のシーズン対戦成績。打席数が少ない値の解釈に注意。
2026,2026-08-16,サンタナ,ヤクルト,赤星 優志,巨人,6,3,3,1,3,0,1.0,1.0,2.6667,3.6667,はい,当該打者と投手のシーズン対戦成績。打席数が少ない値の解釈に注意。
2026,2026-08-16,サンタナ,ヤクルト,金丸 夢斗,中日,6,4,2,1,2,0,0.5,0.6667,1.25,1.9167,はい,当該打者と投手のシーズン対戦成績。打席数が少ない値の解釈に注意。
2026,2026-08-16,サンタナ,ヤクルト,髙橋 宏斗,中日,6,6,1,0,0,2,0.1667,0.1667,0.1667,0.3334,はい,当該打者と投手のシーズン対戦成績。打席数が少ない値の解釈に注意。
2026,2026-08-16,サンタナ,ヤクルト,髙橋 遥人,阪神,6,6,0,0,0,3,0.0,0.0,0.0,0.0,はい,当該打者と投手のシーズン対戦成績。打席数が少ない値の解釈に注意。
2026,2026-08-16,サンタナ,ヤクルト,深沢 鳳介,DeNA,5,4,1,0,1,1,0.25,0.4,0.25,0.65,はい,当該打者と投手のシーズン対戦成績。打席数が少ない値の解釈に注意。
2026,2026-08-16,サンタナ,ヤクルト,西 勇輝,阪神,5,5,0,0,0,3,0.0,0.0,0.0,0.0,はい,当該打者と投手のシーズン対戦成績。打席数が少ない値の解釈に注意。
2026,2026-08-16,大塚 瑠晏,日本ハム,九里 亜蓮,オリックス,7,7,1,0,0,4,0.1429,0.1429,0.1429,0.2858,はい,当該打者と投手のシーズン対戦成績。打席数が少ない値の解釈に注意。
2026,2026-08-16,大塚 瑠晏,日本ハム,瀧中 瞭太,楽天,5,5,3,0,0,1,0.6,0.6,0.6,1.2,はい,当該打者と投手のシーズン対戦成績。打席数が少ない値の解釈に注意。
2026,2026-08-16,小島 大河,西武,伊藤 大海,日本ハム,12,10,2,0,2,3,0.2,0.3333,0.2,0.5333,いいえ,当該打者と投手のシーズン対戦成績。打席数が少ない値の解釈に注意。
2026,2026-08-16,小島 大河,西武,毛利 海大,ロッテ,12,10,2,0,1,0,0.2,0.25,0.2,0.45,いいえ,当該打者と投手のシーズン対戦成績。打席数が少ない値の解釈に注意。
2026,2026-08-16,小島 大河,西武,エスピノーザ,オリックス,10,10,2,0,0,3,0.2,0.2,0.3,0.5,いいえ,当該打者と投手のシーズン対戦成績。打席数が少ない値の解釈に注意。
2026,2026-08-16,小島 大河,西武,荘司 康誠,楽天,10,7,3,0,3,0,0.4286,0.6,0.5714,1.1714,いいえ,当該打者と投手のシーズン対戦成績。打席数が少ない値の解釈に注意。
2026,2026-08-16,小島 大河,西武,ウレーニャ,楽天,9,9,4,1,0,0,0.4444,0.4444,0.8889,1.3333,はい,当該打者と投手のシーズン対戦成績。打席数が少ない値の解釈に注意。
2026,2026-08-16,小島 大河,西武,大津 亮介,ソフトバンク,8,8,1,0,0,1,0.125,0.125,0.125,0.25,はい,当該打者と投手のシーズン対戦成績。打席数が少ない値の解釈に注意。
2026,2026-08-16,小島 大河,西武,ジャクソン,ロッテ,7,6,0,0,1,2,0.0,0.1429,0.0,0.1429,はい,当該打者と投手のシーズン対戦成績。打席数が少ない値の解釈に注意。
2026,2026-08-16,小島 大河,西武,北山 亘基,日本ハム,7,6,1,0,1,2,0.1667,0.2857,0.1667,0.4524,はい,当該打者と投手のシーズン対戦成績。打席数が少ない値の解釈に注意。
2026,2026-08-16,小島 大河,西武,早川 隆久,楽天,7,7,1,0,0,1,0.1429,0.1429,0.1429,0.2858,はい,当該打者と投手のシーズン対戦成績。打席数が少ない値の解釈に注意。
2026,2026-08-16,小島 大河,西武,髙島 泰都,オリックス,7,7,4,1,0,0,0.5714,0.5714,1.1429,1.7143,はい,当該打者と投手のシーズン対戦成績。打席数が少ない値の解釈に注意。
2026,2026-08-16,小島 大河,西武,徐 若熙,ソフトバンク,6,6,3,1,0,1,0.5,0.5,1.0,1.5,はい,当該打者と投手のシーズン対戦成績。打席数が少ない値の解釈に注意。
2026,2026-08-16,小島 大河,西武,田中 晴也,ロッテ,6,6,2,0,0,0,0.3333,0.3333,0.3333,0.6666,はい,当該打者と投手のシーズン対戦成績。打席数が少ない値の解釈に注意。
2026,2026-08-16,小島 大河,西武,寺西 成騎,オリックス,5,5,2,0,0,0,0.4,0.4,0.4,0.8,はい,当該打者と投手のシーズン対戦成績。打席数が少ない値の解釈に注意。
2026,2026-08-16,小島 大河,西武,小島 和哉,ロッテ,5,4,2,1,1,0,0.5,0.6,1.25,1.85,はい,当該打者と投手のシーズン対戦成績。打席数が少ない値の解釈に注意。
2026,2026-08-16,小島 大河,西武,藤原 聡大,楽天,5,4,1,0,0,1,0.25,0.2,0.25,0.45,はい,当該打者と投手のシーズン対戦成績。打席数が少ない値の解釈に注意。
2026,2026-08-16,佐々木 泰,広島,東 克樹,DeNA,13,13,3,0,0,1,0.2308,0.2308,0.2308,0.4616,いいえ,当該打者と投手のシーズン対戦成績。打席数が少ない値の解釈に注意。
2026,2026-08-16,佐々木 泰,広島,柳 裕也,中日,11,10,3,0,1,1,0.3,0.3636,0.3,0.6636,いいえ,当該打者と投手のシーズン対戦成績。打席数が少ない値の解釈に注意。
2026,2026-08-16,佐々木 泰,広島,山野 太一,ヤクルト,9,9,3,0,0,0,0.3333,0.3333,0.4444,0.7777,はい,当該打者と投手のシーズン対戦成績。打席数が少ない値の解釈に注意。
2026,2026-08-16,佐々木 泰,広島,平良 拳太郎,DeNA,8,8,2,0,0,2,0.25,0.25,0.25,0.5,はい,当該打者と投手のシーズン対戦成績。打席数が少ない値の解釈に注意。
2026,2026-08-16,佐々木 泰,広島,大野 雄大,中日,7,7,2,0,0,1,0.2857,0.2857,0.2857,0.5714,はい,当該打者と投手のシーズン対戦成績。打席数が少ない値の解釈に注意。
2026,2026-08-16,佐々木 泰,広島,髙橋 宏斗,中日,7,7,0,0,0,1,0.0,0.0,0.0,0.0,はい,当該打者と投手のシーズン対戦成績。打席数が少ない値の解釈に注意。
2026,2026-08-16,佐々木 泰,広島,井上 温大,巨人,6,6,4,0,0,0,0.6667,0.6667,0.6667,1.3334,はい,当該打者と投手のシーズン対戦成績。打席数が少ない値の解釈に注意。
2026,2026-08-16,佐々木 泰,広島,吉村 貢司郎,ヤクルト,6,6,2,0,0,1,0.3333,0.3333,0.5,0.8333,はい,当該打者と投手のシーズン対戦成績。打席数が少ない値の解釈に注意。
2026,2026-08-16,佐々木 泰,広島,大竹 耕太郎,阪神,6,5,1,0,1,0,0.2,0.3333,0.2,0.5333,はい,当該打者と投手のシーズン対戦成績。打席数が少ない値の解釈に注意。
2026,2026-08-16,佐々木 泰,広島,岩崎 優,阪神,6,6,2,0,0,0,0.3333,0.3333,0.3333,0.6666,はい,当該打者と投手のシーズン対戦成績。打席数が少ない値の解釈に注意。
2026,2026-08-16,佐々木 泰,広島,村上 頌樹,阪神,6,6,0,0,0,2,0.0,0.0,0.0,0.0,はい,当該打者と投手のシーズン対戦成績。打席数が少ない値の解釈に注意。
2026,2026-08-16,佐々木 泰,広島,髙橋 遥人,阪神,6,6,3,1,0,0,0.5,0.5,1.0,1.5,はい,当該打者と投手のシーズン対戦成績。打席数が少ない値の解釈に注意。
2026,2026-08-16,佐々木 泰,広島,キハダ,ヤクルト,5,5,1,0,0,1,0.2,0.2,0.4,0.6,はい,当該打者と投手のシーズン対戦成績。打席数が少ない値の解釈に注意。
2026,2026-08-16,佐々木 泰,広島,山﨑 康晃,DeNA,5,4,0,0,1,0,0.0,0.2,0.0,0.2,はい,当該打者と投手のシーズン対戦成績。打席数が少ない値の解釈に注意。
2026,2026-08-16,佐々木 泰,広島,才木 浩人,阪神,5,5,1,1,0,1,0.2,0.2,0.8,1.0,はい,当該打者と投手のシーズン対戦成績。打席数が少ない値の解釈に注意。
2026,2026-08-16,佐々木 泰,広島,金丸 夢斗,中日,5,5,1,0,0,1,0.2,0.2,0.2,0.4,はい,当該打者と投手のシーズン対戦成績。打席数が少ない値の解釈に注意。
2026,2026-08-16,宮下 朝陽,DeNA,床田 寛樹,広島,8,8,1,1,0,1,0.125,0.125,0.5,0.625,はい,当該打者と投手のシーズン対戦成績。打席数が少ない値の解釈に注意。
2026,2026-08-16,宮下 朝陽,DeNA,竹丸 和幸,巨人,8,7,4,1,1,0,0.5714,0.625,1.0,1.625,はい,当該打者と投手のシーズン対戦成績。打席数が少ない値の解釈に注意。
2026,2026-08-16,宮下 朝陽,DeNA,髙橋 遥人,阪神,7,7,1,1,0,0,0.1429,0.1429,0.5714,0.7143,はい,当該打者と投手のシーズン対戦成績。打席数が少ない値の解釈に注意。
2026,2026-08-16,宮下 朝陽,DeNA,マラー,中日,5,4,2,0,1,0,0.5,0.6,0.5,1.1,はい,当該打者と投手のシーズン対戦成績。打席数が少ない値の解釈に注意。
2026,2026-08-16,宮下 朝陽,DeNA,岡本 駿,広島,5,5,1,0,0,2,0.2,0.2,0.4,0.6,はい,当該打者と投手のシーズン対戦成績。打席数が少ない値の解釈に注意。
2026,2026-08-16,宮下 朝陽,DeNA,金丸 夢斗,中日,5,5,1,0,0,1,0.2,0.2,0.2,0.4,はい,当該打者と投手のシーズン対戦成績。打席数が少ない値の解釈に注意。
2026,2026-08-16,宮下 朝陽,DeNA,高橋 奎二,ヤクルト,5,3,2,0,2,1,0.6667,0.8,1.3333,2.1333,はい,当該打者と投手のシーズン対戦成績。打席数が少ない値の解釈に注意。
2026,2026-08-16,笹原 操希,巨人,金丸 夢斗,中日,6,6,4,1,0,2,0.6667,0.6667,1.3333,2.0,はい,当該打者と投手のシーズン対戦成績。打席数が少ない値の解釈に注意。
2026,2026-08-16,笹原 操希,巨人,山野 太一,ヤクルト,5,5,2,0,0,1,0.4,0.4,0.6,1.0,はい,当該打者と投手のシーズン対戦成績。打席数が少ない値の解釈に注意。
2026,2026-08-16,笹原 操希,巨人,村上 頌樹,阪神,5,4,0,0,0,1,0.0,0.0,0.0,0.0,はい,当該打者と投手のシーズン対戦成績。打席数が少ない値の解釈に注意。
2026,2026-08-16,笹原 操希,巨人,髙橋 遥人,阪神,5,5,0,0,0,1,0.0,0.0,0.0,0.0,はい,当該打者と投手のシーズン対戦成績。打席数が少ない値の解釈に注意。
2026,2026-08-16,中川 勇斗,阪神,大野 雄大,中日,5,2,0,0,3,0,0.0,0.6,0.0,0.6,はい,当該打者と投手のシーズン対戦成績。打席数が少ない値の解釈に注意。
2026,2026-08-16,繁永 晟,楽天,前田 悠伍,ソフトバンク,5,5,0,0,0,0,0.0,0.0,0.0,0.0,はい,当該打者と投手のシーズン対戦成績。打席数が少ない値の解釈に注意。
2026,2026-08-16,花田 旭,中日,村上 頌樹,阪神,5,5,0,0,0,2,0.0,0.0,0.0,0.0,はい,当該打者と投手のシーズン対戦成績。打席数が少ない値の解釈に注意。
2026,2026-08-16,松尾 汐恩,DeNA,髙橋 遥人,阪神,8,8,2,0,0,2,0.25,0.25,0.375,0.625,はい,当該打者と投手のシーズン対戦成績。打席数が少ない値の解釈に注意。
2026,2026-08-16,松尾 汐恩,DeNA,マラー,中日,7,6,3,0,1,1,0.5,0.5714,0.5,1.0714,はい,当該打者と投手のシーズン対戦成績。打席数が少ない値の解釈に注意。
2026,2026-08-16,松尾 汐恩,DeNA,竹丸 和幸,巨人,7,5,1,0,2,0,0.2,0.4286,0.2,0.6286,はい,当該打者と投手のシーズン対戦成績。打席数が少ない値の解釈に注意。
2026,2026-08-16,松尾 汐恩,DeNA,井上 温大,巨人,6,6,2,0,0,0,0.3333,0.3333,0.5,0.8333,はい,当該打者と投手のシーズン対戦成績。打席数が少ない値の解釈に注意。
2026,2026-08-16,松尾 汐恩,DeNA,大竹 耕太郎,阪神,6,6,1,0,0,0,0.1667,0.1667,0.1667,0.3334,はい,当該打者と投手のシーズン対戦成績。打席数が少ない値の解釈に注意。
2026,2026-08-16,松尾 汐恩,DeNA,松本 健吾,ヤクルト,6,5,0,0,1,0,0.0,0.1667,0.0,0.1667,はい,当該打者と投手のシーズン対戦成績。打席数が少ない値の解釈に注意。
2026,2026-08-16,松尾 汐恩,DeNA,森下 暢仁,広島,6,6,1,0,0,2,0.1667,0.1667,0.1667,0.3334,はい,当該打者と投手のシーズン対戦成績。打席数が少ない値の解釈に注意。
2026,2026-08-16,松尾 汐恩,DeNA,田中 瑛斗,巨人,6,4,1,0,2,0,0.25,0.5,0.25,0.75,はい,当該打者と投手のシーズン対戦成績。打席数が少ない値の解釈に注意。
2026,2026-08-16,松尾 汐恩,DeNA,金丸 夢斗,中日,6,4,3,0,2,0,0.75,0.8333,0.75,1.5833,はい,当該打者と投手のシーズン対戦成績。打席数が少ない値の解釈に注意。
2026,2026-08-16,松尾 汐恩,DeNA,高橋 奎二,ヤクルト,6,5,1,1,1,1,0.2,0.3333,0.8,1.1333,はい,当該打者と投手のシーズン対戦成績。打席数が少ない値の解釈に注意。
2026,2026-08-16,松尾 汐恩,DeNA,ウィットリー,巨人,5,5,0,0,0,1,0.0,0.0,0.0,0.0,はい,当該打者と投手のシーズン対戦成績。打席数が少ない値の解釈に注意。
2026,2026-08-16,松尾 汐恩,DeNA,床田 寛樹,広島,5,5,0,0,0,0,0.0,0.0,0.0,0.0,はい,当該打者と投手のシーズン対戦成績。打席数が少ない値の解釈に注意。
2026,2026-08-16,松尾 汐恩,DeNA,櫻井 頼之介,中日,5,5,0,0,0,2,0.0,0.0,0.0,0.0,はい,当該打者と投手のシーズン対戦成績。打席数が少ない値の解釈に注意。
2026,2026-08-16,松川 虎生,ロッテ,渡邉 勇太朗,西武,9,9,3,0,0,1,0.3333,0.3333,0.3333,0.6666,はい,当該打者と投手のシーズン対戦成績。打席数が少ない値の解釈に注意。
2026,2026-08-16,松川 虎生,ロッテ,武内 夏暉,西武,6,5,0,0,1,0,0.0,0.1667,0.0,0.1667,はい,当該打者と投手のシーズン対戦成績。打席数が少ない値の解釈に注意。
2026,2026-08-16,松川 虎生,ロッテ,上沢 直之,ソフトバンク,5,5,1,0,0,3,0.2,0.2,0.2,0.4,はい,当該打者と投手のシーズン対戦成績。打席数が少ない値の解釈に注意。
2026,2026-08-16,松川 虎生,ロッテ,加藤 貴之,日本ハム,5,5,0,0,0,1,0.0,0.0,0.0,0.0,はい,当該打者と投手のシーズン対戦成績。打席数が少ない値の解釈に注意。
2026,2026-08-16,ヒュンメル,DeNA,床田 寛樹,広島,9,7,3,1,1,2,0.4286,0.4444,0.8571,1.3015,はい,当該打者と投手のシーズン対戦成績。打席数が少ない値の解釈に注意。
2026,2026-08-16,ヒュンメル,DeNA,マラー,中日,8,8,2,1,0,1,0.25,0.25,0.625,0.875,はい,当該打者と投手のシーズン対戦成績。打席数が少ない値の解釈に注意。
2026,2026-08-16,ヒュンメル,DeNA,松本 健吾,ヤクルト,6,6,0,0,0,1,0.0,0.0,0.0,0.0,はい,当該打者と投手のシーズン対戦成績。打席数が少ない値の解釈に注意。
2026,2026-08-16,ヒュンメル,DeNA,竹丸 和幸,巨人,6,5,1,0,1,3,0.2,0.3333,0.2,0.5333,はい,当該打者と投手のシーズン対戦成績。打席数が少ない値の解釈に注意。
2026,2026-08-16,ヒュンメル,DeNA,金丸 夢斗,中日,6,5,1,0,1,1,0.2,0.3333,0.2,0.5333,はい,当該打者と投手のシーズン対戦成績。打席数が少ない値の解釈に注意。
2026,2026-08-16,ヒュンメル,DeNA,小川 泰弘,ヤクルト,5,4,0,0,1,1,0.0,0.2,0.0,0.2,はい,当該打者と投手のシーズン対戦成績。打席数が少ない値の解釈に注意。
2026,2026-08-16,ネビン,西武,伊藤 大海,日本ハム,13,11,5,0,2,2,0.4545,0.5385,0.8182,1.3567,いいえ,当該打者と投手のシーズン対戦成績。打席数が少ない値の解釈に注意。
2026,2026-08-16,ネビン,西武,毛利 海大,ロッテ,12,11,3,0,1,1,0.2727,0.3333,0.2727,0.606,いいえ,当該打者と投手のシーズン対戦成績。打席数が少ない値の解釈に注意。
2026,2026-08-16,ネビン,西武,ジャクソン,ロッテ,9,5,2,1,3,0,0.4,0.6667,1.0,1.6667,はい,当該打者と投手のシーズン対戦成績。打席数が少ない値の解釈に注意。
2026,2026-08-16,ネビン,西武,前田 悠伍,ソフトバンク,9,8,4,0,1,2,0.5,0.5556,0.5,1.0556,はい,当該打者と投手のシーズン対戦成績。打席数が少ない値の解釈に注意。
2026,2026-08-16,ネビン,西武,上茶谷 大河,ソフトバンク,8,8,3,1,0,1,0.375,0.375,0.875,1.25,はい,当該打者と投手のシーズン対戦成績。打席数が少ない値の解釈に注意。
2026,2026-08-16,ネビン,西武,北山 亘基,日本ハム,8,7,1,0,1,0,0.1429,0.25,0.2857,0.5357,はい,当該打者と投手のシーズン対戦成績。打席数が少ない値の解釈に注意。
2026,2026-08-16,ネビン,西武,山﨑 福也,日本ハム,8,7,3,0,1,1,0.4286,0.5,0.5714,1.0714,はい,当該打者と投手のシーズン対戦成績。打席数が少ない値の解釈に注意。
2026,2026-08-16,ネビン,西武,松本 晴,ソフトバンク,8,5,0,0,2,2,0.0,0.375,0.0,0.375,はい,当該打者と投手のシーズン対戦成績。打席数が少ない値の解釈に注意。
2026,2026-08-16,ネビン,西武,髙島 泰都,オリックス,8,7,1,0,1,1,0.1429,0.25,0.1429,0.3929,はい,当該打者と投手のシーズン対戦成績。打席数が少ない値の解釈に注意。
2026,2026-08-16,ネビン,西武,ウレーニャ,楽天,6,5,2,0,1,0,0.4,0.5,0.4,0.9,はい,当該打者と投手のシーズン対戦成績。打席数が少ない値の解釈に注意。
2026,2026-08-16,ネビン,西武,大津 亮介,ソフトバンク,6,6,0,0,0,0,0.0,0.0,0.0,0.0,はい,当該打者と投手のシーズン対戦成績。打席数が少ない値の解釈に注意。
2026,2026-08-16,ネビン,西武,小島 和哉,ロッテ,6,6,3,1,0,1,0.5,0.5,1.0,1.5,はい,当該打者と投手のシーズン対戦成績。打席数が少ない値の解釈に注意。
2026,2026-08-16,ネビン,西武,岸 孝之,楽天,6,6,1,0,0,1,0.1667,0.1667,0.3333,0.5,はい,当該打者と投手のシーズン対戦成績。打席数が少ない値の解釈に注意。
2026,2026-08-16,ネビン,西武,島本 浩也,日本ハム,6,5,1,0,0,0,0.2,0.1667,0.2,0.3667,はい,当該打者と投手のシーズン対戦成績。打席数が少ない値の解釈に注意。
2026,2026-08-16,ネビン,西武,福島 蓮,日本ハム,6,5,1,0,0,0,0.2,0.1667,0.4,0.5667,はい,当該打者と投手のシーズン対戦成績。打席数が少ない値の解釈に注意。
2026,2026-08-16,ネビン,西武,荘司 康誠,楽天,6,6,1,0,0,2,0.1667,0.1667,0.1667,0.3334,はい,当該打者と投手のシーズン対戦成績。打席数が少ない値の解釈に注意。
2026,2026-08-16,浅野 翔吾,巨人,大野 雄大,中日,6,6,2,1,0,0,0.3333,0.3333,0.8333,1.1666,はい,当該打者と投手のシーズン対戦成績。打席数が少ない値の解釈に注意。
2026,2026-08-16,寺地 隆成,ロッテ,上沢 直之,ソフトバンク,10,9,2,0,1,1,0.2222,0.3,0.3333,0.6333,いいえ,当該打者と投手のシーズン対戦成績。打席数が少ない値の解釈に注意。
2026,2026-08-16,寺地 隆成,ロッテ,武内 夏暉,西武,10,8,1,0,1,2,0.125,0.2,0.125,0.325,いいえ,当該打者と投手のシーズン対戦成績。打席数が少ない値の解釈に注意。
2026,2026-08-16,寺地 隆成,ロッテ,平良 海馬,西武,8,8,2,0,0,0,0.25,0.25,0.375,0.625,はい,当該打者と投手のシーズン対戦成績。打席数が少ない値の解釈に注意。
2026,2026-08-16,寺地 隆成,ロッテ,細野 晴希,日本ハム,8,8,0,0,0,4,0.0,0.0,0.0,0.0,はい,当該打者と投手のシーズン対戦成績。打席数が少ない値の解釈に注意。
2026,2026-08-16,寺地 隆成,ロッテ,髙島 泰都,オリックス,8,7,1,0,1,1,0.1429,0.25,0.1429,0.3929,はい,当該打者と投手のシーズン対戦成績。打席数が少ない値の解釈に注意。
2026,2026-08-16,寺地 隆成,ロッテ,田嶋 大樹,オリックス,7,7,0,0,0,1,0.0,0.0,0.0,0.0,はい,当該打者と投手のシーズン対戦成績。打席数が少ない値の解釈に注意。
2026,2026-08-16,寺地 隆成,ロッテ,エスピノーザ,オリックス,6,4,2,0,2,0,0.5,0.6667,0.5,1.1667,はい,当該打者と投手のシーズン対戦成績。打席数が少ない値の解釈に注意。
2026,2026-08-16,寺地 隆成,ロッテ,加藤 貴之,日本ハム,6,6,1,0,0,0,0.1667,0.1667,0.1667,0.3334,はい,当該打者と投手のシーズン対戦成績。打席数が少ない値の解釈に注意。
2026,2026-08-16,寺地 隆成,ロッテ,早川 隆久,楽天,6,5,0,0,1,2,0.0,0.1667,0.0,0.1667,はい,当該打者と投手のシーズン対戦成績。打席数が少ない値の解釈に注意。
2026,2026-08-16,寺地 隆成,ロッテ,曽谷 龍平,オリックス,6,6,2,0,0,1,0.3333,0.3333,0.3333,0.6666,はい,当該打者と投手のシーズン対戦成績。打席数が少ない値の解釈に注意。
2026,2026-08-16,寺地 隆成,ロッテ,渡邉 勇太朗,西武,6,5,2,0,1,1,0.4,0.5,0.4,0.9,はい,当該打者と投手のシーズン対戦成績。打席数が少ない値の解釈に注意。
2026,2026-08-16,寺地 隆成,ロッテ,スチュワート・ジュニア,ソフトバンク,5,3,1,0,1,0,0.3333,0.4,0.3333,0.7333,はい,当該打者と投手のシーズン対戦成績。打席数が少ない値の解釈に注意。
2026,2026-08-16,寺地 隆成,ロッテ,大津 亮介,ソフトバンク,5,5,1,0,0,1,0.2,0.2,0.4,0.6,はい,当該打者と投手のシーズン対戦成績。打席数が少ない値の解釈に注意。
2026,2026-08-16,寺地 隆成,ロッテ,松本 晴,ソフトバンク,5,4,1,0,1,1,0.25,0.4,0.25,0.65,はい,当該打者と投手のシーズン対戦成績。打席数が少ない値の解釈に注意。
2026,2026-08-16,寺地 隆成,ロッテ,荘司 康誠,楽天,5,5,2,1,0,2,0.4,0.4,1.0,1.4,はい,当該打者と投手のシーズン対戦成績。打席数が少ない値の解釈に注意。
2026,2026-08-16,寺地 隆成,ロッテ,藤井 聖,楽天,5,5,0,0,0,2,0.0,0.0,0.0,0.0,はい,当該打者と投手のシーズン対戦成績。打席数が少ない値の解釈に注意。
2026,2026-08-16,立石 正広,阪神,竹丸 和幸,巨人,6,6,2,1,0,1,0.3333,0.3333,0.8333,1.1666,はい,当該打者と投手のシーズン対戦成績。打席数が少ない値の解釈に注意。
2026,2026-08-16,滝澤 夏央,西武,伊藤 大海,日本ハム,16,15,6,0,1,2,0.4,0.4375,0.4667,0.9042,いいえ,当該打者と投手のシーズン対戦成績。打席数が少ない値の解釈に注意。
2026,2026-08-16,滝澤 夏央,西武,毛利 海大,ロッテ,14,14,3,0,0,0,0.2143,0.2143,0.2143,0.4286,いいえ,当該打者と投手のシーズン対戦成績。打席数が少ない値の解釈に注意。
2026,2026-08-16,滝澤 夏央,西武,髙島 泰都,オリックス,11,10,3,0,1,2,0.3,0.3636,0.3,0.6636,いいえ,当該打者と投手のシーズン対戦成績。打席数が少ない値の解釈に注意。
2026,2026-08-16,滝澤 夏央,西武,ジャクソン,ロッテ,10,8,2,0,2,3,0.25,0.4,0.25,0.65,いいえ,当該打者と投手のシーズン対戦成績。打席数が少ない値の解釈に注意。
2026,2026-08-16,滝澤 夏央,西武,北山 亘基,日本ハム,10,7,2,0,1,0,0.2857,0.375,0.2857,0.6607,いいえ,当該打者と投手のシーズン対戦成績。打席数が少ない値の解釈に注意。
2026,2026-08-16,滝澤 夏央,西武,大津 亮介,ソフトバンク,10,9,1,0,1,2,0.1111,0.2,0.1111,0.3111,いいえ,当該打者と投手のシーズン対戦成績。打席数が少ない値の解釈に注意。
2026,2026-08-16,滝澤 夏央,西武,前田 悠伍,ソフトバンク,9,9,1,0,0,2,0.1111,0.1111,0.1111,0.2222,はい,当該打者と投手のシーズン対戦成績。打席数が少ない値の解釈に注意。
2026,2026-08-16,滝澤 夏央,西武,山﨑 福也,日本ハム,9,9,4,0,0,0,0.4444,0.4444,0.4444,0.8888,はい,当該打者と投手のシーズン対戦成績。打席数が少ない値の解釈に注意。
2026,2026-08-16,滝澤 夏央,西武,荘司 康誠,楽天,9,7,1,0,1,1,0.1429,0.25,0.1429,0.3929,はい,当該打者と投手のシーズン対戦成績。打席数が少ない値の解釈に注意。
2026,2026-08-16,滝澤 夏央,西武,小島 和哉,ロッテ,8,6,0,0,1,0,0.0,0.1429,0.0,0.1429,はい,当該打者と投手のシーズン対戦成績。打席数が少ない値の解釈に注意。
2026,2026-08-16,滝澤 夏央,西武,ウレーニャ,楽天,7,7,1,0,0,0,0.1429,0.1429,0.1429,0.2858,はい,当該打者と投手のシーズン対戦成績。打席数が少ない値の解釈に注意。
2026,2026-08-16,滝澤 夏央,西武,達 孝太,日本ハム,7,7,1,0,0,1,0.1429,0.1429,0.1429,0.2858,はい,当該打者と投手のシーズン対戦成績。打席数が少ない値の解釈に注意。
2026,2026-08-16,滝澤 夏央,西武,エスピノーザ,オリックス,6,5,0,0,1,0,0.0,0.1667,0.0,0.1667,はい,当該打者と投手のシーズン対戦成績。打席数が少ない値の解釈に注意。
2026,2026-08-16,滝澤 夏央,西武,ジェリー,オリックス,6,6,2,0,0,1,0.3333,0.3333,0.3333,0.6666,はい,当該打者と投手のシーズン対戦成績。打席数が少ない値の解釈に注意。
2026,2026-08-16,滝澤 夏央,西武,上茶谷 大河,ソフトバンク,6,6,1,0,0,0,0.1667,0.1667,0.1667,0.3334,はい,当該打者と投手のシーズン対戦成績。打席数が少ない値の解釈に注意。
2026,2026-08-16,滝澤 夏央,西武,早川 隆久,楽天,6,5,0,0,0,2,0.0,0.0,0.0,0.0,はい,当該打者と投手のシーズン対戦成績。打席数が少ない値の解釈に注意。
2026,2026-08-16,滝澤 夏央,西武,福島 蓮,日本ハム,6,6,2,0,0,2,0.3333,0.3333,0.3333,0.6666,はい,当該打者と投手のシーズン対戦成績。打席数が少ない値の解釈に注意。
2026,2026-08-16,滝澤 夏央,西武,大関 友久,ソフトバンク,5,4,3,0,1,1,0.75,0.8,0.75,1.55,はい,当該打者と投手のシーズン対戦成績。打席数が少ない値の解釈に注意。
2026,2026-08-16,滝澤 夏央,西武,尾形 崇斗,DeNA,5,5,2,0,0,1,0.4,0.4,0.4,0.8,はい,当該打者と投手のシーズン対戦成績。打席数が少ない値の解釈に注意。
2026,2026-08-16,池田 来翔,ロッテ,武内 夏暉,西武,6,6,0,0,0,2,0.0,0.0,0.0,0.0,はい,当該打者と投手のシーズン対戦成績。打席数が少ない値の解釈に注意。
2026,2026-08-16,池田 来翔,ロッテ,田嶋 大樹,オリックス,5,5,3,0,0,1,0.6,0.6,0.8,1.4,はい,当該打者と投手のシーズン対戦成績。打席数が少ない値の解釈に注意。
2026,2026-08-16,正木 智也,ソフトバンク,早川 隆久,楽天,13,12,5,2,1,3,0.4167,0.4615,0.9167,1.3782,いいえ,当該打者と投手のシーズン対戦成績。打席数が少ない値の解釈に注意。
2026,2026-08-16,正木 智也,ソフトバンク,古謝 樹,楽天,12,11,1,0,1,4,0.0909,0.1667,0.0909,0.2576,いいえ,当該打者と投手のシーズン対戦成績。打席数が少ない値の解釈に注意。
2026,2026-08-16,正木 智也,ソフトバンク,武内 夏暉,西武,10,9,4,1,1,3,0.4444,0.5,0.8889,1.3889,いいえ,当該打者と投手のシーズン対戦成績。打席数が少ない値の解釈に注意。
2026,2026-08-16,正木 智也,ソフトバンク,ロング,ロッテ,9,8,2,1,1,1,0.25,0.3333,0.625,0.9583,はい,当該打者と投手のシーズン対戦成績。打席数が少ない値の解釈に注意。
2026,2026-08-16,正木 智也,ソフトバンク,北山 亘基,日本ハム,8,6,5,1,2,1,0.8333,0.875,1.5,2.375,はい,当該打者と投手のシーズン対戦成績。打席数が少ない値の解釈に注意。
2026,2026-08-16,正木 智也,ソフトバンク,九里 亜蓮,オリックス,7,6,2,0,1,2,0.3333,0.4286,0.3333,0.7619,はい,当該打者と投手のシーズン対戦成績。打席数が少ない値の解釈に注意。
2026,2026-08-16,正木 智也,ソフトバンク,伊藤 大海,日本ハム,7,5,1,0,2,0,0.2,0.4286,0.2,0.6286,はい,当該打者と投手のシーズン対戦成績。打席数が少ない値の解釈に注意。
2026,2026-08-16,正木 智也,ソフトバンク,廣池 康志郎,ロッテ,7,7,3,0,0,0,0.4286,0.4286,0.5714,1.0,はい,当該打者と投手のシーズン対戦成績。打席数が少ない値の解釈に注意。
2026,2026-08-16,正木 智也,ソフトバンク,髙橋 光成,西武,7,6,0,0,0,3,0.0,0.0,0.0,0.0,はい,当該打者と投手のシーズン対戦成績。打席数が少ない値の解釈に注意。
2026,2026-08-16,正木 智也,ソフトバンク,エスピノーザ,オリックス,6,6,2,0,0,1,0.3333,0.3333,0.3333,0.6666,はい,当該打者と投手のシーズン対戦成績。打席数が少ない値の解釈に注意。
2026,2026-08-16,正木 智也,ソフトバンク,藤井 聖,楽天,6,5,2,0,1,1,0.4,0.5,0.4,0.9,はい,当該打者と投手のシーズン対戦成績。打席数が少ない値の解釈に注意。
2026,2026-08-16,正木 智也,ソフトバンク,達 孝太,日本ハム,6,6,1,0,0,2,0.1667,0.1667,0.1667,0.3334,はい,当該打者と投手のシーズン対戦成績。打席数が少ない値の解釈に注意。
2026,2026-08-16,正木 智也,ソフトバンク,ジェリー,オリックス,5,4,0,0,0,1,0.0,0.2,0.0,0.2,はい,当該打者と投手のシーズン対戦成績。打席数が少ない値の解釈に注意。
2026,2026-08-16,正木 智也,ソフトバンク,細野 晴希,日本ハム,5,4,0,0,1,1,0.0,0.2,0.0,0.2,はい,当該打者と投手のシーズン対戦成績。打席数が少ない値の解釈に注意。
2026,2026-08-16,YG安田,楽天,大津 亮介,ソフトバンク,14,14,4,1,0,2,0.2857,0.2857,0.5,0.7857,いいえ,当該打者と投手のシーズン対戦成績。打席数が少ない値の解釈に注意。
2026,2026-08-16,YG安田,楽天,九里 亜蓮,オリックス,8,8,3,0,0,2,0.375,0.375,0.625,1.0,はい,当該打者と投手のシーズン対戦成績。打席数が少ない値の解釈に注意。
2026,2026-08-16,YG安田,楽天,加藤 貴之,日本ハム,6,6,2,1,0,1,0.3333,0.3333,1.0,1.3333,はい,当該打者と投手のシーズン対戦成績。打席数が少ない値の解釈に注意。
2026,2026-08-16,YG安田,楽天,ジェリー,オリックス,5,5,0,0,0,1,0.0,0.0,0.0,0.0,はい,当該打者と投手のシーズン対戦成績。打席数が少ない値の解釈に注意。
2026,2026-08-16,渡部 遼人,オリックス,ジャクソン,ロッテ,15,13,2,1,1,1,0.1538,0.2143,0.3846,0.5989,いいえ,当該打者と投手のシーズン対戦成績。打席数が少ない値の解釈に注意。
2026,2026-08-16,渡部 遼人,オリックス,北山 亘基,日本ハム,13,13,2,0,0,3,0.1538,0.1538,0.1538,0.3076,いいえ,当該打者と投手のシーズン対戦成績。打席数が少ない値の解釈に注意。
2026,2026-08-16,渡部 遼人,オリックス,有原 航平,日本ハム,11,9,3,0,2,0,0.3333,0.4545,0.3333,0.7878,いいえ,当該打者と投手のシーズン対戦成績。打席数が少ない値の解釈に注意。
2026,2026-08-16,渡部 遼人,オリックス,上沢 直之,ソフトバンク,9,9,0,0,0,5,0.0,0.0,0.0,0.0,はい,当該打者と投手のシーズン対戦成績。打席数が少ない値の解釈に注意。
2026,2026-08-16,渡部 遼人,オリックス,松本 晴,ソフトバンク,7,4,0,0,1,3,0.0,0.2,0.0,0.2,はい,当該打者と投手のシーズン対戦成績。打席数が少ない値の解釈に注意。
2026,2026-08-16,渡部 遼人,オリックス,加藤 貴之,日本ハム,6,5,2,0,0,0,0.4,0.4,0.4,0.8,はい,当該打者と投手のシーズン対戦成績。打席数が少ない値の解釈に注意。
2026,2026-08-16,渡部 遼人,オリックス,隅田 知一郎,西武,6,5,0,0,1,2,0.0,0.1667,0.0,0.1667,はい,当該打者と投手のシーズン対戦成績。打席数が少ない値の解釈に注意。
2026,2026-08-16,渡部 遼人,オリックス,髙橋 光成,西武,5,4,2,0,0,1,0.5,0.5,0.5,1.0,はい,当該打者と投手のシーズン対戦成績。打席数が少ない値の解釈に注意。
2026,2026-08-16,福永 裕基,中日,髙橋 遥人,阪神,11,11,3,0,0,2,0.2727,0.2727,0.2727,0.5454,いいえ,当該打者と投手のシーズン対戦成績。打席数が少ない値の解釈に注意。
2026,2026-08-16,福永 裕基,中日,山野 太一,ヤクルト,9,9,4,1,0,2,0.4444,0.4444,0.7778,1.2222,はい,当該打者と投手のシーズン対戦成績。打席数が少ない値の解釈に注意。
2026,2026-08-16,福永 裕基,中日,東 克樹,DeNA,9,9,1,0,0,2,0.1111,0.1111,0.1111,0.2222,はい,当該打者と投手のシーズン対戦成績。打席数が少ない値の解釈に注意。
2026,2026-08-16,福永 裕基,中日,ウィットリー,巨人,8,6,0,0,2,1,0.0,0.25,0.0,0.25,はい,当該打者と投手のシーズン対戦成績。打席数が少ない値の解釈に注意。
2026,2026-08-16,福永 裕基,中日,伊原 陵人,阪神,8,8,5,0,0,0,0.625,0.625,0.75,1.375,はい,当該打者と投手のシーズン対戦成績。打席数が少ない値の解釈に注意。
2026,2026-08-16,福永 裕基,中日,小笠原 慎之介,巨人,7,7,1,0,0,1,0.1429,0.1429,0.1429,0.2858,はい,当該打者と投手のシーズン対戦成績。打席数が少ない値の解釈に注意。
2026,2026-08-16,福永 裕基,中日,村上 頌樹,阪神,7,6,2,0,1,1,0.3333,0.4286,0.3333,0.7619,はい,当該打者と投手のシーズン対戦成績。打席数が少ない値の解釈に注意。
2026,2026-08-16,福永 裕基,中日,吉村 貢司郎,ヤクルト,6,6,2,0,0,1,0.3333,0.3333,0.5,0.8333,はい,当該打者と投手のシーズン対戦成績。打席数が少ない値の解釈に注意。
2026,2026-08-16,福永 裕基,中日,床田 寛樹,広島,6,6,1,0,0,1,0.1667,0.1667,0.3333,0.5,はい,当該打者と投手のシーズン対戦成績。打席数が少ない値の解釈に注意。
2026,2026-08-16,福永 裕基,中日,栗林 良吏,広島,6,6,0,0,0,0,0.0,0.0,0.0,0.0,はい,当該打者と投手のシーズン対戦成績。打席数が少ない値の解釈に注意。
2026,2026-08-16,福永 裕基,中日,深沢 鳳介,DeNA,6,6,3,0,0,0,0.5,0.5,0.5,1.0,はい,当該打者と投手のシーズン対戦成績。打席数が少ない値の解釈に注意。
2026,2026-08-16,福永 裕基,中日,田中 将大,巨人,6,6,2,0,0,0,0.3333,0.3333,0.3333,0.6666,はい,当該打者と投手のシーズン対戦成績。打席数が少ない値の解釈に注意。
2026,2026-08-16,福永 裕基,中日,ドリス,阪神,5,5,1,0,0,2,0.2,0.2,0.2,0.4,はい,当該打者と投手のシーズン対戦成績。打席数が少ない値の解釈に注意。
2026,2026-08-16,鵜飼 航丞,中日,東 克樹,DeNA,9,9,0,0,0,3,0.0,0.0,0.0,0.0,はい,当該打者と投手のシーズン対戦成績。打席数が少ない値の解釈に注意。
2026,2026-08-16,鵜飼 航丞,中日,竹丸 和幸,巨人,8,7,1,0,1,3,0.1429,0.25,0.1429,0.3929,はい,当該打者と投手のシーズン対戦成績。打席数が少ない値の解釈に注意。
2026,2026-08-16,鵜飼 航丞,中日,奥川 恭伸,ヤクルト,7,7,1,0,0,0,0.1429,0.1429,0.1429,0.2858,はい,当該打者と投手のシーズン対戦成績。打席数が少ない値の解釈に注意。
2026,2026-08-16,鵜飼 航丞,中日,井上 温大,巨人,6,6,0,0,0,2,0.0,0.0,0.0,0.0,はい,当該打者と投手のシーズン対戦成績。打席数が少ない値の解釈に注意。
2026,2026-08-16,鵜飼 航丞,中日,松本 健吾,ヤクルト,6,6,0,0,0,4,0.0,0.0,0.0,0.0,はい,当該打者と投手のシーズン対戦成績。打席数が少ない値の解釈に注意。
2026,2026-08-16,鵜飼 航丞,中日,島田 舜也,DeNA,5,5,2,0,0,2,0.4,0.4,0.4,0.8,はい,当該打者と投手のシーズン対戦成績。打席数が少ない値の解釈に注意。
2026,2026-08-16,山本 恵大,ソフトバンク,エスピノーザ,オリックス,6,6,2,1,0,1,0.3333,0.3333,0.8333,1.1666,はい,当該打者と投手のシーズン対戦成績。打席数が少ない値の解釈に注意。
2026,2026-08-16,山本 恵大,ソフトバンク,渡邉 勇太朗,西武,6,6,1,0,0,1,0.1667,0.1667,0.1667,0.3334,はい,当該打者と投手のシーズン対戦成績。打席数が少ない値の解釈に注意。
2026,2026-08-16,岩田 幸宏,ヤクルト,髙橋 宏斗,中日,12,11,4,0,0,1,0.3636,0.3636,0.4545,0.8181,いいえ,当該打者と投手のシーズン対戦成績。打席数が少ない値の解釈に注意。
2026,2026-08-16,岩田 幸宏,ヤクルト,岡本 駿,広島,10,9,4,0,1,2,0.4444,0.5,0.5556,1.0556,いいえ,当該打者と投手のシーズン対戦成績。打席数が少ない値の解釈に注意。
2026,2026-08-16,岩田 幸宏,ヤクルト,才木 浩人,阪神,10,10,2,0,0,1,0.2,0.2,0.2,0.4,いいえ,当該打者と投手のシーズン対戦成績。打席数が少ない値の解釈に注意。
2026,2026-08-16,岩田 幸宏,ヤクルト,マタ,巨人,8,7,2,0,0,1,0.2857,0.375,0.2857,0.6607,はい,当該打者と投手のシーズン対戦成績。打席数が少ない値の解釈に注意。
2026,2026-08-16,岩田 幸宏,ヤクルト,柳 裕也,中日,8,7,1,0,1,2,0.1429,0.25,0.2857,0.5357,はい,当該打者と投手のシーズン対戦成績。打席数が少ない値の解釈に注意。
2026,2026-08-16,岩田 幸宏,ヤクルト,石田 裕太郎,DeNA,8,8,2,0,0,1,0.25,0.25,0.375,0.625,はい,当該打者と投手のシーズン対戦成績。打席数が少ない値の解釈に注意。
2026,2026-08-16,岩田 幸宏,ヤクルト,森下 暢仁,広島,7,6,2,0,0,0,0.3333,0.4286,0.5,0.9286,はい,当該打者と投手のシーズン対戦成績。打席数が少ない値の解釈に注意。
2026,2026-08-16,岩田 幸宏,ヤクルト,篠木 健太郎,DeNA,7,7,3,0,0,0,0.4286,0.4286,0.4286,0.8572,はい,当該打者と投手のシーズン対戦成績。打席数が少ない値の解釈に注意。
2026,2026-08-16,岩田 幸宏,ヤクルト,下村 海翔,阪神,6,6,2,0,0,0,0.3333,0.3333,0.3333,0.6666,はい,当該打者と投手のシーズン対戦成績。打席数が少ない値の解釈に注意。
2026,2026-08-16,岩田 幸宏,ヤクルト,中川 虎大,DeNA,6,6,2,0,0,2,0.3333,0.3333,0.3333,0.6666,はい,当該打者と投手のシーズン対戦成績。打席数が少ない値の解釈に注意。
2026,2026-08-16,岩田 幸宏,ヤクルト,入江 大生,DeNA,6,4,2,0,2,1,0.5,0.6667,0.5,1.1667,はい,当該打者と投手のシーズン対戦成績。打席数が少ない値の解釈に注意。
2026,2026-08-16,岩田 幸宏,ヤクルト,工藤 泰成,阪神,6,6,0,0,0,1,0.0,0.0,0.0,0.0,はい,当該打者と投手のシーズン対戦成績。打席数が少ない値の解釈に注意。
2026,2026-08-16,岩田 幸宏,ヤクルト,戸郷 翔征,巨人,6,6,1,0,0,2,0.1667,0.1667,0.3333,0.5,はい,当該打者と投手のシーズン対戦成績。打席数が少ない値の解釈に注意。
2026,2026-08-16,岩田 幸宏,ヤクルト,栗林 良吏,広島,6,5,1,0,0,0,0.2,0.2,0.2,0.4,はい,当該打者と投手のシーズン対戦成績。打席数が少ない値の解釈に注意。
2026,2026-08-16,岩田 幸宏,ヤクルト,金丸 夢斗,中日,6,6,3,0,0,0,0.5,0.5,0.5,1.0,はい,当該打者と投手のシーズン対戦成績。打席数が少ない値の解釈に注意。
2026,2026-08-16,岩田 幸宏,ヤクルト,井上 温大,巨人,5,4,1,0,1,0,0.25,0.4,0.25,0.65,はい,当該打者と投手のシーズン対戦成績。打席数が少ない値の解釈に注意。
2026,2026-08-16,岩田 幸宏,ヤクルト,伊藤 将司,阪神,5,5,0,0,0,0,0.0,0.0,0.0,0.0,はい,当該打者と投手のシーズン対戦成績。打席数が少ない値の解釈に注意。
2026,2026-08-16,岩田 幸宏,ヤクルト,尾形 崇斗,DeNA,5,5,0,0,0,2,0.0,0.0,0.0,0.0,はい,当該打者と投手のシーズン対戦成績。打席数が少ない値の解釈に注意。
2026,2026-08-16,岩田 幸宏,ヤクルト,平良 拳太郎,DeNA,5,5,2,1,0,1,0.4,0.4,1.0,1.4,はい,当該打者と投手のシーズン対戦成績。打席数が少ない値の解釈に注意。
2026,2026-08-16,岩田 幸宏,ヤクルト,森浦 大輔,広島,5,5,1,0,0,1,0.2,0.2,0.2,0.4,はい,当該打者と投手のシーズン対戦成績。打席数が少ない値の解釈に注意。
2026,2026-08-16,岩田 幸宏,ヤクルト,竹丸 和幸,巨人,5,5,3,0,0,2,0.6,0.6,0.6,1.2,はい,当該打者と投手のシーズン対戦成績。打席数が少ない値の解釈に注意。
2026,2026-08-16,岩田 幸宏,ヤクルト,赤星 優志,巨人,5,5,2,0,0,2,0.4,0.4,0.4,0.8,はい,当該打者と投手のシーズン対戦成績。打席数が少ない値の解釈に注意。
2026,2026-08-16,岩田 幸宏,ヤクルト,鈴木 健矢,広島,5,5,2,0,0,0,0.4,0.4,0.6,1.0,はい,当該打者と投手のシーズン対戦成績。打席数が少ない値の解釈に注意。
2026,2026-08-16,野村 勇,ソフトバンク,田中 晴也,ロッテ,5,5,1,0,0,3,0.2,0.2,0.2,0.4,はい,当該打者と投手のシーズン対戦成績。打席数が少ない値の解釈に注意。
2026,2026-08-16,石伊 雄太,中日,東 克樹,DeNA,16,15,3,0,1,3,0.2,0.25,0.2,0.45,いいえ,当該打者と投手のシーズン対戦成績。打席数が少ない値の解釈に注意。
2026,2026-08-16,石伊 雄太,中日,ウィットリー,巨人,11,9,1,0,2,4,0.1111,0.2727,0.1111,0.3838,いいえ,当該打者と投手のシーズン対戦成績。打席数が少ない値の解釈に注意。
2026,2026-08-16,石伊 雄太,中日,奥川 恭伸,ヤクルト,8,8,1,0,0,1,0.125,0.125,0.25,0.375,はい,当該打者と投手のシーズン対戦成績。打席数が少ない値の解釈に注意。
2026,2026-08-16,石伊 雄太,中日,森下 暢仁,広島,8,8,3,0,0,2,0.375,0.375,0.5,0.875,はい,当該打者と投手のシーズン対戦成績。打席数が少ない値の解釈に注意。
2026,2026-08-16,石伊 雄太,中日,床田 寛樹,広島,7,6,3,0,1,1,0.5,0.5714,0.8333,1.4047,はい,当該打者と投手のシーズン対戦成績。打席数が少ない値の解釈に注意。
2026,2026-08-16,石伊 雄太,中日,栗林 良吏,広島,7,6,2,0,1,2,0.3333,0.4286,0.3333,0.7619,はい,当該打者と投手のシーズン対戦成績。打席数が少ない値の解釈に注意。
2026,2026-08-16,石伊 雄太,中日,井上 温大,巨人,6,6,1,0,0,4,0.1667,0.1667,0.1667,0.3334,はい,当該打者と投手のシーズン対戦成績。打席数が少ない値の解釈に注意。
2026,2026-08-16,石伊 雄太,中日,竹丸 和幸,巨人,6,6,3,1,0,1,0.5,0.5,1.1667,1.6667,はい,当該打者と投手のシーズン対戦成績。打席数が少ない値の解釈に注意。
2026,2026-08-16,石伊 雄太,中日,ターノック,広島,5,5,1,0,0,2,0.2,0.2,0.2,0.4,はい,当該打者と投手のシーズン対戦成績。打席数が少ない値の解釈に注意。
2026,2026-08-16,石伊 雄太,中日,吉村 貢司郎,ヤクルト,5,5,2,0,0,1,0.4,0.4,0.4,0.8,はい,当該打者と投手のシーズン対戦成績。打席数が少ない値の解釈に注意。
2026,2026-08-16,石伊 雄太,中日,島田 舜也,DeNA,5,5,0,0,0,1,0.0,0.0,0.0,0.0,はい,当該打者と投手のシーズン対戦成績。打席数が少ない値の解釈に注意。
2026,2026-08-16,平良 竜哉,楽天,小島 和哉,ロッテ,11,11,0,0,0,4,0.0,0.0,0.0,0.0,いいえ,当該打者と投手のシーズン対戦成績。打席数が少ない値の解釈に注意。
2026,2026-08-16,平良 竜哉,楽天,エスピノーザ,オリックス,8,7,4,0,1,2,0.5714,0.625,0.7143,1.3393,はい,当該打者と投手のシーズン対戦成績。打席数が少ない値の解釈に注意。
2026,2026-08-16,平良 竜哉,楽天,前田 悠伍,ソフトバンク,8,7,2,2,1,0,0.2857,0.375,1.1429,1.5179,はい,当該打者と投手のシーズン対戦成績。打席数が少ない値の解釈に注意。
2026,2026-08-16,平良 竜哉,楽天,大津 亮介,ソフトバンク,7,7,1,0,0,3,0.1429,0.1429,0.1429,0.2858,はい,当該打者と投手のシーズン対戦成績。打席数が少ない値の解釈に注意。
2026,2026-08-16,平良 竜哉,楽天,伊藤 大海,日本ハム,6,5,1,1,0,2,0.2,0.2,0.8,1.0,はい,当該打者と投手のシーズン対戦成績。打席数が少ない値の解釈に注意。
2026,2026-08-16,平良 竜哉,楽天,細野 晴希,日本ハム,6,6,1,1,0,2,0.1667,0.1667,0.6667,0.8334,はい,当該打者と投手のシーズン対戦成績。打席数が少ない値の解釈に注意。
2026,2026-08-16,平良 竜哉,楽天,加藤 貴之,日本ハム,5,5,0,0,0,1,0.0,0.0,0.0,0.0,はい,当該打者と投手のシーズン対戦成績。打席数が少ない値の解釈に注意。
2026,2026-08-16,平良 竜哉,楽天,福島 蓮,日本ハム,5,5,3,1,0,0,0.6,0.6,1.2,1.8,はい,当該打者と投手のシーズン対戦成績。打席数が少ない値の解釈に注意。
2026,2026-08-16,佐々木 俊輔,巨人,奥川 恭伸,ヤクルト,13,12,5,1,1,1,0.4167,0.4615,0.8333,1.2948,いいえ,当該打者と投手のシーズン対戦成績。打席数が少ない値の解釈に注意。
2026,2026-08-16,佐々木 俊輔,巨人,才木 浩人,阪神,10,10,2,0,0,4,0.2,0.2,0.3,0.5,いいえ,当該打者と投手のシーズン対戦成績。打席数が少ない値の解釈に注意。
2026,2026-08-16,佐々木 俊輔,巨人,石田 裕太郎,DeNA,9,8,2,0,0,0,0.25,0.25,0.375,0.625,はい,当該打者と投手のシーズン対戦成績。打席数が少ない値の解釈に注意。
2026,2026-08-16,佐々木 俊輔,巨人,村上 頌樹,阪神,8,8,0,0,0,3,0.0,0.0,0.0,0.0,はい,当該打者と投手のシーズン対戦成績。打席数が少ない値の解釈に注意。
2026,2026-08-16,佐々木 俊輔,巨人,平良 拳太郎,DeNA,7,7,2,1,0,1,0.2857,0.2857,0.8571,1.1428,はい,当該打者と投手のシーズン対戦成績。打席数が少ない値の解釈に注意。
2026,2026-08-16,佐々木 俊輔,巨人,床田 寛樹,広島,7,6,1,0,1,2,0.1667,0.2857,0.3333,0.619,はい,当該打者と投手のシーズン対戦成績。打席数が少ない値の解釈に注意。
2026,2026-08-16,佐々木 俊輔,巨人,柳 裕也,中日,6,5,1,0,1,2,0.2,0.3333,0.4,0.7333,はい,当該打者と投手のシーズン対戦成績。打席数が少ない値の解釈に注意。
2026,2026-08-16,佐々木 俊輔,巨人,篠木 健太郎,DeNA,6,6,4,1,0,0,0.6667,0.6667,1.1667,1.8334,はい,当該打者と投手のシーズン対戦成績。打席数が少ない値の解釈に注意。
2026,2026-08-16,佐々木 俊輔,巨人,ウォルターズ,ヤクルト,5,5,3,0,0,2,0.6,0.6,0.6,1.2,はい,当該打者と投手のシーズン対戦成績。打席数が少ない値の解釈に注意。
2026,2026-08-16,佐々木 俊輔,巨人,増居 翔太,ヤクルト,5,3,0,0,2,2,0.0,0.4,0.0,0.4,はい,当該打者と投手のシーズン対戦成績。打席数が少ない値の解釈に注意。
2026,2026-08-16,佐々木 俊輔,巨人,大野 雄大,中日,5,5,0,0,0,1,0.0,0.0,0.0,0.0,はい,当該打者と投手のシーズン対戦成績。打席数が少ない値の解釈に注意。
2026,2026-08-16,佐々木 俊輔,巨人,森下 暢仁,広島,5,5,1,0,0,0,0.2,0.2,0.4,0.6,はい,当該打者と投手のシーズン対戦成績。打席数が少ない値の解釈に注意。
2026,2026-08-16,矢澤 宏太,日本ハム,上沢 直之,ソフトバンク,6,6,1,1,0,2,0.1667,0.1667,0.6667,0.8334,はい,当該打者と投手のシーズン対戦成績。打席数が少ない値の解釈に注意。
2026,2026-08-16,矢澤 宏太,日本ハム,九里 亜蓮,オリックス,6,6,0,0,0,0,0.0,0.0,0.0,0.0,はい,当該打者と投手のシーズン対戦成績。打席数が少ない値の解釈に注意。
2026,2026-08-16,矢澤 宏太,日本ハム,木村 優人,ロッテ,5,5,1,1,0,1,0.2,0.2,0.8,1.0,はい,当該打者と投手のシーズン対戦成績。打席数が少ない値の解釈に注意。
2026,2026-08-16,矢澤 宏太,日本ハム,西野 勇士,ロッテ,5,5,0,0,0,1,0.0,0.0,0.0,0.0,はい,当該打者と投手のシーズン対戦成績。打席数が少ない値の解釈に注意。
2026,2026-08-16,友杉 篤輝,ロッテ,髙島 泰都,オリックス,9,9,3,0,0,0,0.3333,0.3333,0.4444,0.7777,はい,当該打者と投手のシーズン対戦成績。打席数が少ない値の解釈に注意。
2026,2026-08-16,友杉 篤輝,ロッテ,武内 夏暉,西武,8,6,3,0,2,0,0.5,0.625,0.6667,1.2917,はい,当該打者と投手のシーズン対戦成績。打席数が少ない値の解釈に注意。
2026,2026-08-16,友杉 篤輝,ロッテ,田嶋 大樹,オリックス,8,8,2,0,0,1,0.25,0.25,0.25,0.5,はい,当該打者と投手のシーズン対戦成績。打席数が少ない値の解釈に注意。
2026,2026-08-16,友杉 篤輝,ロッテ,荘司 康誠,楽天,8,6,3,0,1,0,0.5,0.5714,0.5,1.0714,はい,当該打者と投手のシーズン対戦成績。打席数が少ない値の解釈に注意。
2026,2026-08-16,友杉 篤輝,ロッテ,佐藤 爽,西武,7,7,0,0,0,1,0.0,0.0,0.0,0.0,はい,当該打者と投手のシーズン対戦成績。打席数が少ない値の解釈に注意。
2026,2026-08-16,友杉 篤輝,ロッテ,松本 晴,ソフトバンク,7,6,3,0,0,0,0.5,0.5,0.6667,1.1667,はい,当該打者と投手のシーズン対戦成績。打席数が少ない値の解釈に注意。
2026,2026-08-16,友杉 篤輝,ロッテ,曽谷 龍平,オリックス,6,5,0,0,0,0,0.0,0.0,0.0,0.0,はい,当該打者と投手のシーズン対戦成績。打席数が少ない値の解釈に注意。
2026,2026-08-16,友杉 篤輝,ロッテ,上沢 直之,ソフトバンク,5,5,2,0,0,1,0.4,0.4,0.4,0.8,はい,当該打者と投手のシーズン対戦成績。打席数が少ない値の解釈に注意。
2026,2026-08-16,友杉 篤輝,ロッテ,上茶谷 大河,ソフトバンク,5,5,1,0,0,0,0.2,0.2,0.2,0.4,はい,当該打者と投手のシーズン対戦成績。打席数が少ない値の解釈に注意。
2026,2026-08-16,友杉 篤輝,ロッテ,内 星龍,楽天,5,4,0,0,1,0,0.0,0.2,0.0,0.2,はい,当該打者と投手のシーズン対戦成績。打席数が少ない値の解釈に注意。
2026,2026-08-16,友杉 篤輝,ロッテ,早川 隆久,楽天,5,4,2,0,1,0,0.5,0.6,0.5,1.1,はい,当該打者と投手のシーズン対戦成績。打席数が少ない値の解釈に注意。
2026,2026-08-16,友杉 篤輝,ロッテ,藤井 聖,楽天,5,5,2,0,0,1,0.4,0.4,0.4,0.8,はい,当該打者と投手のシーズン対戦成績。打席数が少ない値の解釈に注意。
2026,2026-08-16,モンテル,ヤクルト,才木 浩人,阪神,5,5,1,0,0,1,0.2,0.2,0.2,0.4,はい,当該打者と投手のシーズン対戦成績。打席数が少ない値の解釈に注意。
2026,2026-08-16,辰見 鴻之介,広島,大竹 耕太郎,阪神,6,5,1,0,0,2,0.2,0.2,0.2,0.4,はい,当該打者と投手のシーズン対戦成績。打席数が少ない値の解釈に注意。
2026,2026-08-16,吉田 賢吾,日本ハム,隅田 知一郎,西武,10,10,4,1,0,1,0.4,0.4,0.8,1.2,いいえ,当該打者と投手のシーズン対戦成績。打席数が少ない値の解釈に注意。
2026,2026-08-16,吉田 賢吾,日本ハム,早川 隆久,楽天,8,8,0,0,0,2,0.0,0.0,0.0,0.0,はい,当該打者と投手のシーズン対戦成績。打席数が少ない値の解釈に注意。
2026,2026-08-16,吉田 賢吾,日本ハム,渡邉 勇太朗,西武,6,6,2,0,0,2,0.3333,0.3333,0.5,0.8333,はい,当該打者と投手のシーズン対戦成績。打席数が少ない値の解釈に注意。
2026,2026-08-16,吉田 賢吾,日本ハム,ジェリー,オリックス,5,5,3,1,0,1,0.6,0.6,1.4,2.0,はい,当該打者と投手のシーズン対戦成績。打席数が少ない値の解釈に注意。
2026,2026-08-16,吉田 賢吾,日本ハム,髙島 泰都,オリックス,5,5,3,0,0,2,0.6,0.6,0.8,1.4,はい,当該打者と投手のシーズン対戦成績。打席数が少ない値の解釈に注意。
2026,2026-08-16,吉田 賢吾,日本ハム,髙橋 光成,西武,5,4,2,1,1,1,0.5,0.6,1.25,1.85,はい,当該打者と投手のシーズン対戦成績。打席数が少ない値の解釈に注意。
2026,2026-08-16,カストロ,日本ハム,曽谷 龍平,オリックス,8,7,3,2,0,1,0.4286,0.5,1.2857,1.7857,はい,当該打者と投手のシーズン対戦成績。打席数が少ない値の解釈に注意。
2026,2026-08-16,カストロ,日本ハム,ジャクソン,ロッテ,6,5,0,0,1,2,0.0,0.1667,0.0,0.1667,はい,当該打者と投手のシーズン対戦成績。打席数が少ない値の解釈に注意。
2026,2026-08-16,カストロ,日本ハム,荘司 康誠,楽天,6,6,1,1,0,2,0.1667,0.1667,0.6667,0.8334,はい,当該打者と投手のシーズン対戦成績。打席数が少ない値の解釈に注意。
2026,2026-08-16,カストロ,日本ハム,エスピノーザ,オリックス,5,5,2,0,0,1,0.4,0.4,0.4,0.8,はい,当該打者と投手のシーズン対戦成績。打席数が少ない値の解釈に注意。
2026,2026-08-16,カストロ,日本ハム,松本 晴,ソフトバンク,5,4,1,1,0,2,0.25,0.2,1.0,1.2,はい,当該打者と投手のシーズン対戦成績。打席数が少ない値の解釈に注意。
2026,2026-08-16,エンカーナシオン,DeNA,松本 健吾,ヤクルト,9,9,3,0,0,1,0.3333,0.3333,0.3333,0.6666,はい,当該打者と投手のシーズン対戦成績。打席数が少ない値の解釈に注意。
2026,2026-08-16,エンカーナシオン,DeNA,吉村 貢司郎,ヤクルト,6,5,3,1,1,0,0.6,0.6667,1.4,2.0667,はい,当該打者と投手のシーズン対戦成績。打席数が少ない値の解釈に注意。
2026,2026-08-16,エンカーナシオン,DeNA,大竹 耕太郎,阪神,6,5,0,0,1,0,0.0,0.1667,0.0,0.1667,はい,当該打者と投手のシーズン対戦成績。打席数が少ない値の解釈に注意。
2026,2026-08-16,エンカーナシオン,DeNA,斉藤 優汰,広島,6,6,1,0,0,2,0.1667,0.1667,0.1667,0.3334,はい,当該打者と投手のシーズン対戦成績。打席数が少ない値の解釈に注意。
2026,2026-08-16,エンカーナシオン,DeNA,森下 暢仁,広島,6,6,1,0,0,1,0.1667,0.1667,0.1667,0.3334,はい,当該打者と投手のシーズン対戦成績。打席数が少ない値の解釈に注意。
2026,2026-08-16,エンカーナシオン,DeNA,金丸 夢斗,中日,6,6,1,0,0,1,0.1667,0.1667,0.1667,0.3334,はい,当該打者と投手のシーズン対戦成績。打席数が少ない値の解釈に注意。
2026,2026-08-16,エンカーナシオン,DeNA,高橋 奎二,ヤクルト,6,6,2,1,0,1,0.3333,0.3333,1.0,1.3333,はい,当該打者と投手のシーズン対戦成績。打席数が少ない値の解釈に注意。
2026,2026-08-16,エンカーナシオン,DeNA,柳 裕也,中日,5,5,2,1,0,0,0.4,0.4,1.0,1.4,はい,当該打者と投手のシーズン対戦成績。打席数が少ない値の解釈に注意。
2026,2026-08-16,エンカーナシオン,DeNA,涌井 秀章,中日,5,5,2,1,0,1,0.4,0.4,1.0,1.4,はい,当該打者と投手のシーズン対戦成績。打席数が少ない値の解釈に注意。
2026,2026-08-16,エンカーナシオン,DeNA,竹丸 和幸,巨人,5,5,2,1,0,3,0.4,0.4,1.0,1.4,はい,当該打者と投手のシーズン対戦成績。打席数が少ない値の解釈に注意。
2026,2026-08-16,エンカーナシオン,DeNA,髙橋 遥人,阪神,5,5,2,0,0,0,0.4,0.4,0.6,1.0,はい,当該打者と投手のシーズン対戦成績。打席数が少ない値の解釈に注意。
2026,2026-08-16,鈴木 叶,ヤクルト,髙橋 遥人,阪神,5,5,1,0,0,0,0.2,0.2,0.2,0.4,はい,当該打者と投手のシーズン対戦成績。打席数が少ない値の解釈に注意。
2026,2026-08-16,平川 蓮,広島,柳 裕也,中日,5,5,0,0,0,2,0.0,0.0,0.0,0.0,はい,当該打者と投手のシーズン対戦成績。打席数が少ない値の解釈に注意。
2026,2026-08-16,平川 蓮,広島,高梨 裕稔,ヤクルト,5,5,0,0,0,1,0.0,0.0,0.0,0.0,はい,当該打者と投手のシーズン対戦成績。打席数が少ない値の解釈に注意。
2026,2026-08-16,福島 圭音,阪神,栗林 良吏,広島,9,8,2,0,1,0,0.25,0.3333,0.375,0.7083,はい,当該打者と投手のシーズン対戦成績。打席数が少ない値の解釈に注意。
2026,2026-08-16,福島 圭音,阪神,平良 拳太郎,DeNA,6,4,1,0,0,1,0.25,0.5,0.5,1.0,はい,当該打者と投手のシーズン対戦成績。打席数が少ない値の解釈に注意。
2026,2026-08-16,勝田 成,広島,大竹 耕太郎,阪神,7,7,2,0,0,0,0.2857,0.2857,0.2857,0.5714,はい,当該打者と投手のシーズン対戦成績。打席数が少ない値の解釈に注意。
2026,2026-08-16,勝田 成,広島,村上 頌樹,阪神,6,6,1,0,0,1,0.1667,0.1667,0.3333,0.5,はい,当該打者と投手のシーズン対戦成績。打席数が少ない値の解釈に注意。
2026,2026-08-16,勝田 成,広島,ウィットリー,巨人,5,5,0,0,0,2,0.0,0.0,0.0,0.0,はい,当該打者と投手のシーズン対戦成績。打席数が少ない値の解釈に注意。
2026,2026-08-16,勝田 成,広島,柳 裕也,中日,5,3,0,0,0,1,0.0,0.0,0.0,0.0,はい,当該打者と投手のシーズン対戦成績。打席数が少ない値の解釈に注意。
2026,2026-08-16,勝田 成,広島,石田 裕太郎,DeNA,5,4,2,0,0,0,0.5,0.6,0.5,1.1,はい,当該打者と投手のシーズン対戦成績。打席数が少ない値の解釈に注意。
2026,2026-08-16,勝田 成,広島,髙橋 宏斗,中日,5,4,0,0,1,2,0.0,0.2,0.0,0.2,はい,当該打者と投手のシーズン対戦成績。打席数が少ない値の解釈に注意。
2026,2026-08-16,佐藤 啓介,広島,村上 頌樹,阪神,6,6,1,0,0,1,0.1667,0.1667,0.1667,0.3334,はい,当該打者と投手のシーズン対戦成績。打席数が少ない値の解釈に注意。
2026,2026-08-16,伊藤 琉偉,ヤクルト,竹丸 和幸,巨人,7,6,1,0,1,1,0.1667,0.2857,0.3333,0.619,はい,当該打者と投手のシーズン対戦成績。打席数が少ない値の解釈に注意。
2026,2026-08-16,伊藤 琉偉,ヤクルト,井上 温大,巨人,6,6,0,0,0,3,0.0,0.0,0.0,0.0,はい,当該打者と投手のシーズン対戦成績。打席数が少ない値の解釈に注意。
2026,2026-08-16,伊藤 琉偉,ヤクルト,大野 雄大,中日,6,5,1,0,1,1,0.2,0.3333,0.2,0.5333,はい,当該打者と投手のシーズン対戦成績。打席数が少ない値の解釈に注意。
2026,2026-08-16,石上 泰輝,DeNA,吉村 貢司郎,ヤクルト,5,5,1,0,0,2,0.2,0.2,0.4,0.6,はい,当該打者と投手のシーズン対戦成績。打席数が少ない値の解釈に注意。
2026,2026-08-16,平山 功太,巨人,山野 太一,ヤクルト,7,6,2,0,0,0,0.3333,0.4286,0.3333,0.7619,はい,当該打者と投手のシーズン対戦成績。打席数が少ない値の解釈に注意。
2026,2026-08-16,平山 功太,巨人,床田 寛樹,広島,6,5,2,0,1,0,0.4,0.5,0.8,1.3,はい,当該打者と投手のシーズン対戦成績。打席数が少ない値の解釈に注意。
2026,2026-08-16,平山 功太,巨人,石田 裕太郎,DeNA,5,5,3,0,0,1,0.6,0.6,0.8,1.4,はい,当該打者と投手のシーズン対戦成績。打席数が少ない値の解釈に注意。
2026,2026-08-16,ファビアン,広島,山野 太一,ヤクルト,9,9,1,0,0,1,0.1111,0.1111,0.1111,0.2222,はい,当該打者と投手のシーズン対戦成績。打席数が少ない値の解釈に注意。
2026,2026-08-16,ファビアン,広島,東 克樹,DeNA,9,9,1,0,0,2,0.1111,0.1111,0.1111,0.2222,はい,当該打者と投手のシーズン対戦成績。打席数が少ない値の解釈に注意。
2026,2026-08-16,ファビアン,広島,井上 温大,巨人,7,7,3,1,0,1,0.4286,0.4286,0.8571,1.2857,はい,当該打者と投手のシーズン対戦成績。打席数が少ない値の解釈に注意。
2026,2026-08-16,ファビアン,広島,村上 頌樹,阪神,7,7,1,1,0,2,0.1429,0.1429,0.5714,0.7143,はい,当該打者と投手のシーズン対戦成績。打席数が少ない値の解釈に注意。
2026,2026-08-16,ファビアン,広島,吉村 貢司郎,ヤクルト,6,5,3,2,1,1,0.6,0.6667,1.8,2.4667,はい,当該打者と投手のシーズン対戦成績。打席数が少ない値の解釈に注意。
2026,2026-08-16,ファビアン,広島,奥川 恭伸,ヤクルト,6,6,1,1,0,1,0.1667,0.1667,0.6667,0.8334,はい,当該打者と投手のシーズン対戦成績。打席数が少ない値の解釈に注意。
2026,2026-08-16,ファビアン,広島,山﨑 伊織,巨人,6,5,2,0,0,0,0.4,0.5,0.6,1.1,はい,当該打者と投手のシーズン対戦成績。打席数が少ない値の解釈に注意。
2026,2026-08-16,ファビアン,広島,平良 拳太郎,DeNA,6,6,0,0,0,0,0.0,0.0,0.0,0.0,はい,当該打者と投手のシーズン対戦成績。打席数が少ない値の解釈に注意。
2026,2026-08-16,ファビアン,広島,才木 浩人,阪神,6,6,1,0,0,2,0.1667,0.1667,0.1667,0.3334,はい,当該打者と投手のシーズン対戦成績。打席数が少ない値の解釈に注意。
2026,2026-08-16,ファビアン,広島,柳 裕也,中日,6,6,2,0,0,1,0.3333,0.3333,0.5,0.8333,はい,当該打者と投手のシーズン対戦成績。打席数が少ない値の解釈に注意。
2026,2026-08-16,ファビアン,広島,金丸 夢斗,中日,6,6,1,1,0,0,0.1667,0.1667,0.6667,0.8334,はい,当該打者と投手のシーズン対戦成績。打席数が少ない値の解釈に注意。
2026,2026-08-16,ファビアン,広島,高橋 奎二,ヤクルト,6,2,1,0,2,1,0.5,0.6667,1.0,1.6667,はい,当該打者と投手のシーズン対戦成績。打席数が少ない値の解釈に注意。
2026,2026-08-16,ファビアン,広島,髙橋 宏斗,中日,6,6,2,0,0,1,0.3333,0.3333,0.3333,0.6666,はい,当該打者と投手のシーズン対戦成績。打席数が少ない値の解釈に注意。
2026,2026-08-16,ファビアン,広島,キハダ,ヤクルト,5,4,2,0,1,0,0.5,0.6,0.5,1.1,はい,当該打者と投手のシーズン対戦成績。打席数が少ない値の解釈に注意。
2026,2026-08-16,ファビアン,広島,マラー,中日,5,5,1,0,0,1,0.2,0.2,0.2,0.4,はい,当該打者と投手のシーズン対戦成績。打席数が少ない値の解釈に注意。
2026,2026-08-16,ファビアン,広島,石田 裕太郎,DeNA,5,4,2,1,0,0,0.5,0.4,1.5,1.9,はい,当該打者と投手のシーズン対戦成績。打席数が少ない値の解釈に注意。
2026,2026-08-16,成瀬 脩人,DeNA,床田 寛樹,広島,5,5,1,0,0,0,0.2,0.2,0.4,0.6,はい,当該打者と投手のシーズン対戦成績。打席数が少ない値の解釈に注意。
2026,2026-08-16,成瀬 脩人,DeNA,金丸 夢斗,中日,5,5,2,0,0,0,0.4,0.4,0.4,0.8,はい,当該打者と投手のシーズン対戦成績。打席数が少ない値の解釈に注意。
2026,2026-08-16,石塚 裕惺,巨人,村上 頌樹,阪神,6,6,3,0,0,1,0.5,0.5,0.6667,1.1667,はい,当該打者と投手のシーズン対戦成績。打席数が少ない値の解釈に注意。
2026,2026-08-16,石塚 裕惺,巨人,平良 拳太郎,DeNA,5,5,0,0,0,0,0.0,0.0,0.0,0.0,はい,当該打者と投手のシーズン対戦成績。打席数が少ない値の解釈に注意。
2026,2026-08-16,カナリオ,西武,伊藤 大海,日本ハム,19,18,5,0,0,5,0.2778,0.2632,0.2778,0.541,いいえ,当該打者と投手のシーズン対戦成績。打席数が少ない値の解釈に注意。
2026,2026-08-16,カナリオ,西武,毛利 海大,ロッテ,14,14,4,1,0,1,0.2857,0.2857,0.5,0.7857,いいえ,当該打者と投手のシーズン対戦成績。打席数が少ない値の解釈に注意。
2026,2026-08-16,カナリオ,西武,エスピノーザ,オリックス,11,10,3,0,1,2,0.3,0.3636,0.3,0.6636,いいえ,当該打者と投手のシーズン対戦成績。打席数が少ない値の解釈に注意。
2026,2026-08-16,カナリオ,西武,ウレーニャ,楽天,9,8,3,0,1,1,0.375,0.4444,0.5,0.9444,はい,当該打者と投手のシーズン対戦成績。打席数が少ない値の解釈に注意。
2026,2026-08-16,カナリオ,西武,前田 悠伍,ソフトバンク,9,9,0,0,0,3,0.0,0.0,0.0,0.0,はい,当該打者と投手のシーズン対戦成績。打席数が少ない値の解釈に注意。
2026,2026-08-16,カナリオ,西武,大津 亮介,ソフトバンク,9,8,2,0,1,2,0.25,0.3333,0.375,0.7083,はい,当該打者と投手のシーズン対戦成績。打席数が少ない値の解釈に注意。
2026,2026-08-16,カナリオ,西武,山﨑 福也,日本ハム,9,9,2,0,0,2,0.2222,0.2222,0.3333,0.5555,はい,当該打者と投手のシーズン対戦成績。打席数が少ない値の解釈に注意。
2026,2026-08-16,カナリオ,西武,松本 晴,ソフトバンク,9,9,2,0,0,4,0.2222,0.2222,0.2222,0.4444,はい,当該打者と投手のシーズン対戦成績。打席数が少ない値の解釈に注意。
2026,2026-08-16,カナリオ,西武,荘司 康誠,楽天,9,9,3,0,0,5,0.3333,0.3333,0.4444,0.7777,はい,当該打者と投手のシーズン対戦成績。打席数が少ない値の解釈に注意。
2026,2026-08-16,カナリオ,西武,髙島 泰都,オリックス,9,9,4,0,0,2,0.4444,0.4444,0.5556,1.0,はい,当該打者と投手のシーズン対戦成績。打席数が少ない値の解釈に注意。
2026,2026-08-16,カナリオ,西武,ジャクソン,ロッテ,8,7,0,0,1,3,0.0,0.125,0.0,0.125,はい,当該打者と投手のシーズン対戦成績。打席数が少ない値の解釈に注意。
2026,2026-08-16,カナリオ,西武,北山 亘基,日本ハム,8,7,1,0,1,2,0.1429,0.25,0.1429,0.3929,はい,当該打者と投手のシーズン対戦成績。打席数が少ない値の解釈に注意。
2026,2026-08-16,カナリオ,西武,大関 友久,ソフトバンク,8,7,3,0,1,1,0.4286,0.5,0.7143,1.2143,はい,当該打者と投手のシーズン対戦成績。打席数が少ない値の解釈に注意。
2026,2026-08-16,カナリオ,西武,小島 和哉,ロッテ,7,5,1,1,2,1,0.2,0.4286,0.8,1.2286,はい,当該打者と投手のシーズン対戦成績。打席数が少ない値の解釈に注意。
2026,2026-08-16,カナリオ,西武,田中 晴也,ロッテ,7,5,3,1,2,1,0.6,0.7143,1.6,2.3143,はい,当該打者と投手のシーズン対戦成績。打席数が少ない値の解釈に注意。
2026,2026-08-16,カナリオ,西武,達 孝太,日本ハム,7,7,3,1,0,2,0.4286,0.4286,1.0,1.4286,はい,当該打者と投手のシーズン対戦成績。打席数が少ない値の解釈に注意。
2026,2026-08-16,カナリオ,西武,ジェリー,オリックス,6,5,0,0,0,1,0.0,0.1667,0.0,0.1667,はい,当該打者と投手のシーズン対戦成績。打席数が少ない値の解釈に注意。
2026,2026-08-16,カナリオ,西武,岸 孝之,楽天,6,6,1,0,0,2,0.1667,0.1667,0.1667,0.3334,はい,当該打者と投手のシーズン対戦成績。打席数が少ない値の解釈に注意。
2026,2026-08-16,カナリオ,西武,廣池 康志郎,ロッテ,6,6,2,0,0,3,0.3333,0.3333,0.5,0.8333,はい,当該打者と投手のシーズン対戦成績。打席数が少ない値の解釈に注意。
2026,2026-08-16,カナリオ,西武,早川 隆久,楽天,6,6,0,0,0,4,0.0,0.0,0.0,0.0,はい,当該打者と投手のシーズン対戦成績。打席数が少ない値の解釈に注意。
2026,2026-08-16,カナリオ,西武,椋木 蓮,オリックス,5,5,0,0,0,0,0.0,0.0,0.0,0.0,はい,当該打者と投手のシーズン対戦成績。打席数が少ない値の解釈に注意。
2026,2026-08-16,カナリオ,西武,澤田 圭佑,ロッテ,5,5,1,0,0,3,0.2,0.2,0.6,0.8,はい,当該打者と投手のシーズン対戦成績。打席数が少ない値の解釈に注意。
2026,2026-08-16,カナリオ,西武,瀧中 瞭太,楽天,5,5,0,0,0,1,0.0,0.0,0.0,0.0,はい,当該打者と投手のシーズン対戦成績。打席数が少ない値の解釈に注意。
2026,2026-08-16,カナリオ,西武,福島 蓮,日本ハム,5,5,1,0,0,2,0.2,0.2,0.2,0.4,はい,当該打者と投手のシーズン対戦成績。打席数が少ない値の解釈に注意。
2026,2026-08-16,シーモア,オリックス,加藤 貴之,日本ハム,9,9,1,0,0,1,0.1111,0.1111,0.2222,0.3333,はい,当該打者と投手のシーズン対戦成績。打席数が少ない値の解釈に注意。
2026,2026-08-16,シーモア,オリックス,ジャクソン,ロッテ,8,8,1,0,0,1,0.125,0.125,0.125,0.25,はい,当該打者と投手のシーズン対戦成績。打席数が少ない値の解釈に注意。
2026,2026-08-16,シーモア,オリックス,隅田 知一郎,西武,7,6,1,0,1,2,0.1667,0.2857,0.1667,0.4524,はい,当該打者と投手のシーズン対戦成績。打席数が少ない値の解釈に注意。
2026,2026-08-16,シーモア,オリックス,伊藤 大海,日本ハム,6,5,1,1,0,0,0.2,0.3333,0.8,1.1333,はい,当該打者と投手のシーズン対戦成績。打席数が少ない値の解釈に注意。
2026,2026-08-16,シーモア,オリックス,北山 亘基,日本ハム,6,6,0,0,0,5,0.0,0.0,0.0,0.0,はい,当該打者と投手のシーズン対戦成績。打席数が少ない値の解釈に注意。
2026,2026-08-16,シーモア,オリックス,達 孝太,日本ハム,6,5,1,0,0,1,0.2,0.1667,0.2,0.3667,はい,当該打者と投手のシーズン対戦成績。打席数が少ない値の解釈に注意。
2026,2026-08-16,シーモア,オリックス,髙橋 光成,西武,6,5,1,0,1,1,0.2,0.3333,0.2,0.5333,はい,当該打者と投手のシーズン対戦成績。打席数が少ない値の解釈に注意。
2026,2026-08-16,シーモア,オリックス,荘司 康誠,楽天,5,5,1,0,0,1,0.2,0.2,0.2,0.4,はい,当該打者と投手のシーズン対戦成績。打席数が少ない値の解釈に注意。
2026,2026-08-16,シーモア,オリックス,西野 勇士,ロッテ,5,5,2,0,0,1,0.4,0.4,0.6,1.0,はい,当該打者と投手のシーズン対戦成績。打席数が少ない値の解釈に注意。
2026,2026-08-16,ウィットリー,巨人,大野 雄大,中日,6,5,0,0,0,5,0.0,0.0,0.0,0.0,はい,当該打者と投手のシーズン対戦成績。打席数が少ない値の解釈に注意。
2026,2026-08-16,キャベッジ,巨人,金丸 夢斗,中日,14,13,3,0,1,5,0.2308,0.2857,0.2308,0.5165,いいえ,当該打者と投手のシーズン対戦成績。打席数が少ない値の解釈に注意。
2026,2026-08-16,キャベッジ,巨人,才木 浩人,阪神,13,13,2,0,0,6,0.1538,0.1538,0.2308,0.3846,いいえ,当該打者と投手のシーズン対戦成績。打席数が少ない値の解釈に注意。
2026,2026-08-16,キャベッジ,巨人,大野 雄大,中日,12,11,4,0,1,1,0.3636,0.4167,0.3636,0.7803,いいえ,当該打者と投手のシーズン対戦成績。打席数が少ない値の解釈に注意。
2026,2026-08-16,キャベッジ,巨人,山野 太一,ヤクルト,12,10,1,0,2,4,0.1,0.25,0.1,0.35,いいえ,当該打者と投手のシーズン対戦成績。打席数が少ない値の解釈に注意。
2026,2026-08-16,キャベッジ,巨人,石田 裕太郎,DeNA,12,12,5,0,0,4,0.4167,0.4167,0.5833,1.0,いいえ,当該打者と投手のシーズン対戦成績。打席数が少ない値の解釈に注意。
2026,2026-08-16,キャベッジ,巨人,髙橋 遥人,阪神,11,11,2,1,0,2,0.1818,0.1818,0.4545,0.6363,いいえ,当該打者と投手のシーズン対戦成績。打席数が少ない値の解釈に注意。
2026,2026-08-16,キャベッジ,巨人,床田 寛樹,広島,10,10,2,1,0,3,0.2,0.2,0.5,0.7,いいえ,当該打者と投手のシーズン対戦成績。打席数が少ない値の解釈に注意。
2026,2026-08-16,キャベッジ,巨人,村上 頌樹,阪神,10,10,1,1,0,5,0.1,0.1,0.4,0.5,いいえ,当該打者と投手のシーズン対戦成績。打席数が少ない値の解釈に注意。
2026,2026-08-16,キャベッジ,巨人,吉村 貢司郎,ヤクルト,7,6,2,1,1,1,0.3333,0.4286,0.8333,1.2619,はい,当該打者と投手のシーズン対戦成績。打席数が少ない値の解釈に注意。
2026,2026-08-16,キャベッジ,巨人,平良 拳太郎,DeNA,7,7,2,2,0,1,0.2857,0.2857,1.1429,1.4286,はい,当該打者と投手のシーズン対戦成績。打席数が少ない値の解釈に注意。
2026,2026-08-16,キャベッジ,巨人,篠木 健太郎,DeNA,7,7,3,0,0,1,0.4286,0.4286,0.4286,0.8572,はい,当該打者と投手のシーズン対戦成績。打席数が少ない値の解釈に注意。
2026,2026-08-16,キャベッジ,巨人,奥川 恭伸,ヤクルト,6,6,1,0,0,1,0.1667,0.1667,0.1667,0.3334,はい,当該打者と投手のシーズン対戦成績。打席数が少ない値の解釈に注意。
2026,2026-08-16,キャベッジ,巨人,涌井 秀章,中日,6,5,3,0,1,0,0.6,0.6667,0.8,1.4667,はい,当該打者と投手のシーズン対戦成績。打席数が少ない値の解釈に注意。
2026,2026-08-16,キャベッジ,巨人,玉村 昇悟,広島,6,5,2,1,1,0,0.4,0.5,1.0,1.5,はい,当該打者と投手のシーズン対戦成績。打席数が少ない値の解釈に注意。
2026,2026-08-16,キャベッジ,巨人,マルセリーノ,DeNA,5,4,1,1,0,2,0.25,0.4,1.0,1.4,はい,当該打者と投手のシーズン対戦成績。打席数が少ない値の解釈に注意。
2026,2026-08-16,キャベッジ,巨人,柳 裕也,中日,5,5,1,0,0,2,0.2,0.2,0.2,0.4,はい,当該打者と投手のシーズン対戦成績。打席数が少ない値の解釈に注意。
2026,2026-08-16,キャベッジ,巨人,森下 暢仁,広島,5,5,2,0,0,1,0.4,0.4,0.4,0.8,はい,当該打者と投手のシーズン対戦成績。打席数が少ない値の解釈に注意。
2026,2026-08-16,キャベッジ,巨人,櫻井 頼之介,中日,5,5,1,0,0,1,0.2,0.2,0.4,0.6,はい,当該打者と投手のシーズン対戦成績。打席数が少ない値の解釈に注意。
2026,2026-08-16,マッカスカー,楽天,九里 亜蓮,オリックス,14,12,1,0,2,5,0.0833,0.2143,0.0833,0.2976,いいえ,当該打者と投手のシーズン対戦成績。打席数が少ない値の解釈に注意。
2026,2026-08-16,マッカスカー,楽天,武内 夏暉,西武,10,9,5,1,1,3,0.5556,0.6,0.8889,1.4889,いいえ,当該打者と投手のシーズン対戦成績。打席数が少ない値の解釈に注意。
2026,2026-08-16,マッカスカー,楽天,エスピノーザ,オリックス,9,9,5,1,0,2,0.5556,0.5556,0.8889,1.4445,はい,当該打者と投手のシーズン対戦成績。打席数が少ない値の解釈に注意。
2026,2026-08-16,マッカスカー,楽天,ジャクソン,ロッテ,8,7,2,2,1,0,0.2857,0.375,1.1429,1.5179,はい,当該打者と投手のシーズン対戦成績。打席数が少ない値の解釈に注意。
2026,2026-08-16,マッカスカー,楽天,小島 和哉,ロッテ,7,7,2,0,0,2,0.2857,0.2857,0.5714,0.8571,はい,当該打者と投手のシーズン対戦成績。打席数が少ない値の解釈に注意。
2026,2026-08-16,マッカスカー,楽天,平良 海馬,西武,7,5,0,0,2,3,0.0,0.2857,0.0,0.2857,はい,当該打者と投手のシーズン対戦成績。打席数が少ない値の解釈に注意。
2026,2026-08-16,マッカスカー,楽天,上茶谷 大河,ソフトバンク,6,6,2,1,0,3,0.3333,0.3333,0.8333,1.1666,はい,当該打者と投手のシーズン対戦成績。打席数が少ない値の解釈に注意。
2026,2026-08-16,マッカスカー,楽天,大津 亮介,ソフトバンク,6,6,3,2,0,1,0.5,0.5,1.5,2.0,はい,当該打者と投手のシーズン対戦成績。打席数が少ない値の解釈に注意。
2026,2026-08-16,マッカスカー,楽天,大関 友久,ソフトバンク,6,5,1,1,1,2,0.2,0.3333,0.8,1.1333,はい,当該打者と投手のシーズン対戦成績。打席数が少ない値の解釈に注意。
2026,2026-08-16,マッカスカー,楽天,加藤 貴之,日本ハム,5,4,1,0,1,1,0.25,0.4,0.5,0.9,はい,当該打者と投手のシーズン対戦成績。打席数が少ない値の解釈に注意。
2026,2026-08-16,マッカスカー,楽天,松本 晴,ソフトバンク,5,5,0,0,0,1,0.0,0.0,0.0,0.0,はい,当該打者と投手のシーズン対戦成績。打席数が少ない値の解釈に注意。
2026,2026-08-16,マッカスカー,楽天,椋木 蓮,オリックス,5,5,2,0,0,1,0.4,0.4,0.4,0.8,はい,当該打者と投手のシーズン対戦成績。打席数が少ない値の解釈に注意。
2026,2026-08-16,マッカスカー,楽天,田嶋 大樹,オリックス,5,3,1,1,1,1,0.3333,0.4,1.3333,1.7333,はい,当該打者と投手のシーズン対戦成績。打席数が少ない値の解釈に注意。
2026,2026-08-16,坂本 勇人,巨人,大野 雄大,中日,8,7,0,0,1,0,0.0,0.125,0.0,0.125,はい,当該打者と投手のシーズン対戦成績。打席数が少ない値の解釈に注意。
2026,2026-08-16,坂本 勇人,巨人,山野 太一,ヤクルト,6,6,2,2,0,2,0.3333,0.3333,1.3333,1.6666,はい,当該打者と投手のシーズン対戦成績。打席数が少ない値の解釈に注意。
2026,2026-08-16,丸 佳浩,巨人,才木 浩人,阪神,5,4,1,0,1,1,0.25,0.4,0.5,0.9,はい,当該打者と投手のシーズン対戦成績。打席数が少ない値の解釈に注意。
2026,2026-08-16,伊藤 光,楽天,大津 亮介,ソフトバンク,5,3,0,0,0,1,0.0,0.25,0.0,0.25,はい,当該打者と投手のシーズン対戦成績。打席数が少ない値の解釈に注意。
2026,2026-08-16,浅村 栄斗,楽天,九里 亜蓮,オリックス,11,7,1,1,4,0,0.1429,0.4545,0.5714,1.0259,いいえ,当該打者と投手のシーズン対戦成績。打席数が少ない値の解釈に注意。
2026,2026-08-16,浅村 栄斗,楽天,福島 蓮,日本ハム,11,10,3,0,1,3,0.3,0.3636,0.4,0.7636,いいえ,当該打者と投手のシーズン対戦成績。打席数が少ない値の解釈に注意。
2026,2026-08-16,浅村 栄斗,楽天,武内 夏暉,西武,10,10,1,0,0,3,0.1,0.1,0.2,0.3,いいえ,当該打者と投手のシーズン対戦成績。打席数が少ない値の解釈に注意。
2026,2026-08-16,浅村 栄斗,楽天,伊藤 大海,日本ハム,9,5,1,0,2,2,0.2,0.3333,0.2,0.5333,はい,当該打者と投手のシーズン対戦成績。打席数が少ない値の解釈に注意。
2026,2026-08-16,浅村 栄斗,楽天,大関 友久,ソフトバンク,9,8,0,0,1,1,0.0,0.1111,0.0,0.1111,はい,当該打者と投手のシーズン対戦成績。打席数が少ない値の解釈に注意。
2026,2026-08-16,浅村 栄斗,楽天,小島 和哉,ロッテ,9,7,1,0,1,1,0.1429,0.3333,0.1429,0.4762,はい,当該打者と投手のシーズン対戦成績。打席数が少ない値の解釈に注意。
2026,2026-08-16,浅村 栄斗,楽天,平良 海馬,西武,9,9,2,0,0,3,0.2222,0.2222,0.2222,0.4444,はい,当該打者と投手のシーズン対戦成績。打席数が少ない値の解釈に注意。
2026,2026-08-16,浅村 栄斗,楽天,ジャクソン,ロッテ,8,6,0,0,2,2,0.0,0.25,0.0,0.25,はい,当該打者と投手のシーズン対戦成績。打席数が少ない値の解釈に注意。
2026,2026-08-16,浅村 栄斗,楽天,エスピノーザ,オリックス,6,6,1,0,0,2,0.1667,0.1667,0.1667,0.3334,はい,当該打者と投手のシーズン対戦成績。打席数が少ない値の解釈に注意。
2026,2026-08-16,浅村 栄斗,楽天,上茶谷 大河,ソフトバンク,6,6,2,0,0,1,0.3333,0.3333,0.3333,0.6666,はい,当該打者と投手のシーズン対戦成績。打席数が少ない値の解釈に注意。
2026,2026-08-16,浅村 栄斗,楽天,加藤 貴之,日本ハム,6,5,1,0,0,1,0.2,0.1667,0.2,0.3667,はい,当該打者と投手のシーズン対戦成績。打席数が少ない値の解釈に注意。
2026,2026-08-16,浅村 栄斗,楽天,大津 亮介,ソフトバンク,6,6,3,0,0,2,0.5,0.5,0.6667,1.1667,はい,当該打者と投手のシーズン対戦成績。打席数が少ない値の解釈に注意。
2026,2026-08-16,浅村 栄斗,楽天,細野 晴希,日本ハム,6,6,1,1,0,4,0.1667,0.1667,0.6667,0.8334,はい,当該打者と投手のシーズン対戦成績。打席数が少ない値の解釈に注意。
2026,2026-08-16,浅村 栄斗,楽天,上沢 直之,ソフトバンク,5,4,0,0,1,0,0.0,0.2,0.0,0.2,はい,当該打者と投手のシーズン対戦成績。打席数が少ない値の解釈に注意。
2026,2026-08-16,浅村 栄斗,楽天,柳川 大晟,日本ハム,5,4,0,0,1,1,0.0,0.2,0.0,0.2,はい,当該打者と投手のシーズン対戦成績。打席数が少ない値の解釈に注意。
2026,2026-08-16,浅村 栄斗,楽天,甲斐野 央,西武,5,4,2,0,1,1,0.5,0.6,0.5,1.1,はい,当該打者と投手のシーズン対戦成績。打席数が少ない値の解釈に注意。
2026,2026-08-16,浅村 栄斗,楽天,西野 勇士,ロッテ,5,4,1,1,0,0,0.25,0.2,1.0,1.2,はい,当該打者と投手のシーズン対戦成績。打席数が少ない値の解釈に注意。
2026,2026-08-16,大島 洋平,中日,東 克樹,DeNA,5,5,0,0,0,1,0.0,0.0,0.0,0.0,はい,当該打者と投手のシーズン対戦成績。打席数が少ない値の解釈に注意。
